x_m,y_m,A_Wb_per_m,Bx_T,By_T,weight,region_id,r_m
-1.409846295223278999e-02,4.166681489836280422e-02,7.954283338413426331e-04,-2.649323734395011144e-04,-8.948129443514101508e-05,1.699779249448123697e-01,1.000000000000000000e+00,4.398738593494627008e-02
2.886912814424485996e-02,-1.624098333141500705e-02,7.980594539509178144e-04,1.030240578204517362e-04,1.797505528023779617e-04,1.699779249448123697e-01,1.000000000000000000e+00,3.312395054005682488e-02
9.051161284114924571e-03,-4.543755362238811879e-02,7.947627973455060994e-04,2.853506214565453740e-04,5.636980299350113476e-05,1.699779249448123697e-01,1.000000000000000000e+00,4.633027951327788746e-02
3.207360878066897042e-02,2.673394270273287202e-02,7.960290542658906817e-04,-1.678560746659571467e-04,2.023061251851969770e-04,1.699779249448123697e-01,1.000000000000000000e+00,4.175428208757048926e-02
1.534150078968623578e-02,-2.858727674691125703e-04,8.007664704087394782e-04,1.510092331001016840e-06,9.584481223540562852e-05,1.699779249448123697e-01,1.000000000000000000e+00,1.534416402803110910e-02
3.583104242690730856e-02,-3.398811965515390054e-02,7.938438995172852246e-04,2.152220186790288576e-04,2.250788207875756850e-04,6.799116997792494788e-01,1.000000000000000000e+00,4.938679863173852519e-02
-9.223575467623560883e-03,4.263537158943188354e-02,7.955284529715303922e-04,-2.663904540568545363e-04,-5.648847900232758780e-05,1.699779249448123697e-01,1.000000000000000000e+00,4.362166038765469267e-02
2.301895906530184235e-02,-3.788519878187711354e-02,7.953334790562732303e-04,2.414875441883547252e-04,1.448486533808056157e-04,1.699779249448123697e-01,1.000000000000000000e+00,4.433013380526146241e-02
1.404260065152196542e-02,1.109456842922425940e-02,8.005009938876168430e-04,-7.176004404285220089e-05,9.130768876622302299e-05,1.699779249448123697e-01,1.000000000000000000e+00,1.789648238310715539e-02
3.355486875335701724e-02,-1.887529705799060621e-04,7.979692903333783678e-04,3.497364769633278425e-06,2.097883259809632018e-04,1.699779249448123697e-01,1.000000000000000000e+00,3.355539963610801313e-02
-1.538568445947963333e-02,-2.627309982272324138e-02,7.985938793835572948e-04,1.653516285068441132e-04,-9.658753937699062397e-05,1.699779249448123697e-01,1.000000000000000000e+00,3.044659357927341492e-02
-2.826204455676971025e-02,-3.896369219661643263e-02,7.942281180036359555e-04,2.425440901342881361e-04,-1.791910360197514576e-04,6.799116997792494788e-01,1.000000000000000000e+00,4.813431699028775795e-02
3.381528509943092231e-02,2.159141713380264421e-02,7.964501271378706315e-04,-1.367352766774308824e-04,2.157269303462964897e-04,1.699779249448123697e-01,1.000000000000000000e+00,4.012060318840759282e-02
3.618819163946336570e-02,-2.733713260461946917e-02,7.950445433101789236e-04,1.736699255575223822e-04,2.265203399426935350e-04,1.699779249448123697e-01,1.000000000000000000e+00,4.535310389793707764e-02
3.274350899221228905e-02,6.033085110061091848e-03,7.980239117920789318e-04,-3.957213613718817201e-05,2.043359271992443451e-04,1.699779249448123697e-01,1.000000000000000000e+00,3.329467670767097265e-02
1.372814707471313065e-03,2.379521347332048606e-02,7.997219575715657511e-04,-1.517391240745596189e-04,1.012673490732637752e-05,1.699779249448123697e-01,1.000000000000000000e+00,2.383478140159758785e-02
2.318563866650709057e-02,2.913568477255612174e-02,7.971513397889558273e-04,-1.855935738150829161e-04,1.479569065812658460e-04,1.699779249448123697e-01,1.000000000000000000e+00,3.723522482192886257e-02
2.114386948003335338e-03,-1.245281125266706548e-02,8.010053994639526175e-04,7.791770193948350056e-05,1.077352690665059440e-05,1.699779249448123697e-01,1.000000000000000000e+00,1.263103876410955929e-02
1.454350680207398827e-02,4.309947029697096949e-02,7.950061967094857341e-04,-2.710000624702712797e-04,8.965651145412573846e-05,1.699779249448123697e-01,1.000000000000000000e+00,4.548711828618576258e-02
3.363757648200746408e-02,-2.115831860574608064e-02,7.965451532570429725e-04,1.317834295215816677e-04,2.118141924492234699e-04,1.699779249448123697e-01,1.000000000000000000e+00,3.973865873183394376e-02
-2.418192920275746838e-02,-3.620018853882200904e-02,7.955527275157207780e-04,2.295586861716916640e-04,-1.500582322077005561e-04,1.699779249448123697e-01,1.000000000000000000e+00,4.353411708319619711e-02
2.900583901382901980e-02,6.706431497339344731e-03,7.987222839646165515e-04,-4.259542195880933223e-05,1.850049468521818171e-04,1.699779249448123697e-01,1.000000000000000000e+00,2.977104163990018648e-02
4.923333785461996709e-02,1.680328741676155200e-03,7.938827617681747844e-04,-9.912701617669910118e-06,3.093345034372591419e-04,6.799116997792494788e-01,1.000000000000000000e+00,4.926200423234177589e-02
4.478529588691986668e-02,1.506917634200798453e-02,7.944927078315399587e-04,-9.553248604782056870e-05,2.776682154330339459e-04,6.799116997792494788e-01,1.000000000000000000e+00,4.725254282369886066e-02
-3.469836886544003934e-02,-2.723934545399844809e-02,7.953930178998085132e-04,1.699488472224053835e-04,-2.191262956420484017e-04,1.699779249448123697e-01,1.000000000000000000e+00,4.411302237077396882e-02
7.011616202648074565e-03,-2.091492308990597002e-02,7.999780496495583534e-04,1.314959720483171914e-04,4.124104522388819937e-05,1.699779249448123697e-01,1.000000000000000000e+00,2.205893854268420676e-02
2.454723173788010259e-03,3.407017527776535354e-02,7.978417491675746358e-04,-2.121401240722678254e-04,1.195453979866196071e-05,1.699779249448123697e-01,1.000000000000000000e+00,3.415849102811166493e-02
6.119492988710809218e-03,-8.488888032551211715e-03,8.011628071969410271e-04,5.494365862378008600e-05,4.102546991336362031e-05,1.699779249448123697e-01,1.000000000000000000e+00,1.046467459924444766e-02
1.838364743773635707e-02,6.911239907128038928e-03,8.002946954822788691e-04,-4.181848271415803189e-05,1.140461898138360073e-04,1.699779249448123697e-01,1.000000000000000000e+00,1.963985056381208072e-02
1.300740239087538538e-02,-3.922282328119670175e-02,7.961419406230890684e-04,2.463973047854452875e-04,8.421117536849209121e-05,1.699779249448123697e-01,1.000000000000000000e+00,4.132338784642586305e-02
3.878488265393574552e-02,-1.891132642862412838e-02,7.956568028778687350e-04,1.195853578143201530e-04,2.434326281554349445e-04,1.699779249448123697e-01,1.000000000000000000e+00,4.314980173499691901e-02
6.809844994937482021e-03,-4.870729249537947975e-02,7.939075808281918041e-04,3.064319612906276323e-04,4.087381144794564750e-05,6.799116997792494788e-01,1.000000000000000000e+00,4.918103629536008103e-02
-9.139392934244055036e-03,-2.703765692767902407e-02,7.989483875675241435e-04,1.660141518250210068e-04,-5.860670747392859658e-05,1.699779249448123697e-01,1.000000000000000000e+00,2.854055702584270757e-02
1.597926328053179620e-02,-2.590004652695860471e-02,7.985967458499573660e-04,1.621003346741658590e-04,1.019606376277873005e-04,1.699779249448123697e-01,1.000000000000000000e+00,3.043270058813664011e-02
3.317755023153988458e-02,8.552174508460852476e-03,7.978183289556928150e-04,-5.362205760297457114e-05,2.072945575748262733e-04,1.699779249448123697e-01,1.000000000000000000e+00,3.426207127698965849e-02
6.493303762449428862e-03,2.077294885083180373e-02,8.000188349258100179e-04,-1.337450273937351220e-04,4.082726785182488806e-05,1.699779249448123697e-01,1.000000000000000000e+00,2.176415396266793284e-02
1.274980929618045600e-02,1.273758714394957955e-02,8.004858664356110601e-04,-8.134715625967152181e-05,8.061985663083864645e-05,1.699779249448123697e-01,1.000000000000000000e+00,1.802231292977344787e-02
-3.447170860945242971e-02,-9.816420477125028035e-04,7.977702743577302739e-04,8.158459469123920224e-06,-2.159652430838100354e-04,1.699779249448123697e-01,1.000000000000000000e+00,3.448568276205118271e-02
-7.199858119514328724e-04,-2.380661658148421067e-02,7.997253318890098096e-04,1.535485823396897493e-04,-3.338973741888866275e-06,1.699779249448123697e-01,1.000000000000000000e+00,2.381750139345457234e-02
-2.801018845470758592e-02,-2.983226993438552535e-02,7.962458424143493280e-04,1.888447249595093854e-04,-1.741452251259993384e-04,1.699779249448123697e-01,1.000000000000000000e+00,4.092108242344374286e-02
1.962101796100928011e-02,-2.660630472941664243e-02,7.980734406656972381e-04,1.672254610559298295e-04,1.262951479733666154e-04,1.699779249448123697e-01,1.000000000000000000e+00,3.305873254044727066e-02
2.559486806313875443e-02,3.777033517160145737e-02,7.949663743204544390e-04,-2.364009291666342044e-04,1.604816702057613824e-04,1.699779249448123697e-01,1.000000000000000000e+00,4.562560125789680288e-02
-4.036738018551346875e-03,-4.164573809137262633e-02,7.960067708231167430e-04,2.605612677411548502e-04,-2.769357622132435210e-05,1.699779249448123697e-01,1.000000000000000000e+00,4.184092201428671332e-02
9.788818122682015066e-03,2.617433176255231156e-02,7.990531633184235448e-04,-1.663060091591163532e-04,6.039137446347335019e-05,1.699779249448123697e-01,1.000000000000000000e+00,2.794488510363037082e-02
-5.932646482960550645e-03,4.522668691377048494e-02,7.949701863863693242e-04,-2.845267537069511325e-04,-3.983148268066857199e-05,1.699779249448123697e-01,1.000000000000000000e+00,4.561413710121021980e-02
-1.118083134959359064e-02,-4.343846111539806376e-02,7.951857958380925944e-04,2.739655679200855625e-04,-6.857892176048428529e-05,1.699779249448123697e-01,1.000000000000000000e+00,4.485432971009604280e-02
3.088345324386230009e-02,-3.861122027287809851e-03,7.984633188322677860e-04,2.200884747955138970e-05,1.931823859931978483e-04,1.699779249448123697e-01,1.000000000000000000e+00,3.112388066381562013e-02
-2.051986223389107300e-02,-1.731344892641963409e-02,7.992424307378002751e-04,1.096711921775806668e-04,-1.320583557393389756e-04,1.699779249448123697e-01,1.000000000000000000e+00,2.684809601863063708e-02
3.890836432359837810e-02,1.387003769279579642e-02,7.961469233786404396e-04,-8.526779978661616166e-05,2.411885320980037964e-04,1.699779249448123697e-01,1.000000000000000000e+00,4.130664304851507790e-02
-1.391874569775834389e-02,-1.247596598361858274e-02,8.004095628216882077e-04,7.895317368225427583e-05,-8.383817110005913509e-05,1.699779249448123697e-01,1.000000000000000000e+00,1.869174173327018892e-02
2.156873898141627860e-02,5.878775802776019417e-03,7.999366709432816254e-04,-3.879544555600689495e-05,1.333774324822684565e-04,1.699779249448123697e-01,1.000000000000000000e+00,2.235554754837758284e-02
3.202839005222731829e-03,-2.854382014401303860e-03,8.014487473877990710e-04,1.633625391578460534e-05,2.192723991981206696e-05,1.699779249448123697e-01,1.000000000000000000e+00,4.290183489958650405e-03
-1.114428073525105915e-02,-4.293152630234869926e-02,7.953257540629584971e-04,2.685739341316551983e-04,-6.929005796860832978e-05,1.699779249448123697e-01,1.000000000000000000e+00,4.435437908206298074e-02
1.893483760105489980e-02,3.610538833057688746e-02,7.962856031989822827e-04,-2.230187414581876111e-04,1.195298554922036890e-04,1.699779249448123697e-01,1.000000000000000000e+00,4.076919353482578307e-02
3.520550420194519525e-02,2.287981469445626859e-02,7.959682227409515306e-04,-1.453985522641516252e-04,2.193685167368758407e-04,1.699779249448123697e-01,1.000000000000000000e+00,4.198706284757053320e-02
1.791869010103982682e-02,4.038246058151753748e-02,7.953748802130757717e-04,-2.555535574520425321e-04,1.150388931686384202e-04,1.699779249448123697e-01,1.000000000000000000e+00,4.417943613894274868e-02
3.360529761633165163e-02,-4.239505981081322268e-03,7.979021406674471645e-04,2.503134481363081189e-05,2.125139368194935380e-04,1.699779249448123697e-01,1.000000000000000000e+00,3.387166129444864338e-02
-3.643651670901760370e-02,9.707380696960213329e-03,7.970397093528127459e-04,-5.854860260742850495e-05,-2.291446678589793829e-04,1.699779249448123697e-01,1.000000000000000000e+00,3.770746597004676071e-02
3.972704942970553717e-03,-1.826773414398296519e-02,8.004081560031895987e-04,1.144234107875102889e-04,2.486860713333386878e-05,1.699779249448123697e-01,1.000000000000000000e+00,1.869471838031115662e-02
-1.107740156777839262e-02,-1.279126101469727807e-02,8.006066133880668321e-04,7.987461060921974992e-05,-6.951009759403550424e-05,1.699779249448123697e-01,1.000000000000000000e+00,1.692114605574733532e-02
-3.671934123178468429e-02,-1.796377977987752284e-02,7.962565597723497441e-04,1.139861774121068180e-04,-2.310032270014882689e-04,1.699779249448123697e-01,1.000000000000000000e+00,4.087795744011898935e-02
2.101168196095776555e-02,2.713392224742662215e-02,7.978070928941466801e-04,-1.670821843271321817e-04,1.313507494764241945e-04,1.699779249448123697e-01,1.000000000000000000e+00,3.431822424540394850e-02
3.544996670583051152e-02,-1.250560381422985076e-02,7.970674169185979971e-04,8.097165185497506217e-05,2.243293709480844507e-04,1.699779249448123697e-01,1.000000000000000000e+00,3.759109291046180273e-02
-1.386434708910398370e-02,4.147622238503547581e-02,7.954987883757475573e-04,-2.628241990454989853e-04,-8.446273063344292612e-05,1.699779249448123697e-01,1.000000000000000000e+00,4.373210655273838954e-02
-3.514369456456490487e-02,-1.875410707962521170e-02,7.965230825431559485e-04,1.149073261752676792e-04,-2.166698458486741516e-04,1.699779249448123697e-01,1.000000000000000000e+00,3.983460555850248941e-02
-1.154567971633419475e-02,-3.536447061010271342e-02,7.971593282572538193e-04,2.201102734485504021e-04,-7.544471621610706995e-05,1.699779249448123697e-01,1.000000000000000000e+00,3.720145832685849835e-02
-2.212282809073555512e-02,-3.014296566582817111e-02,7.971148018785888375e-04,1.874049791879858588e-04,-1.411674266464683295e-04,1.699779249448123697e-01,1.000000000000000000e+00,3.739007758568486939e-02
2.566778546259143243e-02,-1.005186721972143801e-02,7.991190448217325246e-04,6.441643295973275066e-05,1.606526599705951884e-04,1.699779249448123697e-01,1.000000000000000000e+00,2.756583474441741746e-02
5.228687365725131694e-03,7.050206724015610320e-03,8.012656981772329394e-04,-3.986144754158787859e-05,3.376244289498380298e-05,1.699779249448123697e-01,1.000000000000000000e+00,8.777504566780272230e-03
-3.299680382834089404e-02,-1.733323453627001135e-03,7.980764562315605538e-04,1.236172485696068117e-05,-2.059588147245896954e-04,1.699779249448123697e-01,1.000000000000000000e+00,3.304229824151016376e-02
-1.907720623977986890e-02,1.313475862487496065e-02,7.998219451870449900e-04,-8.019753466205828407e-05,-1.229314861441233085e-04,1.699779249448123697e-01,1.000000000000000000e+00,2.316164247303768159e-02
-3.153812305083667639e-02,5.164145983788102391e-03,7.982981358767491081e-04,-3.517035086453248647e-05,-1.977632834179089303e-04,1.699779249448123697e-01,1.000000000000000000e+00,3.195812274385950724e-02
3.382604028471971475e-02,3.145324596646480869e-02,7.948047938303351000e-04,-1.938062885497550609e-04,2.131646199398606304e-04,1.699779249448123697e-01,1.000000000000000000e+00,4.618990888895988661e-02
1.609586847369270241e-02,1.804914770123335413e-02,7.996688459218433305e-04,-1.139081480763621201e-04,1.001841154958600156e-04,1.699779249448123697e-01,1.000000000000000000e+00,2.418364560324501658e-02
-2.118691913926818576e-03,1.188562151494511332e-02,8.010482057868870479e-04,-7.492796336884530498e-05,-1.331045869685651206e-05,1.699779249448123697e-01,1.000000000000000000e+00,1.207298033721023942e-02
-8.937950983912040445e-03,2.497143893058982947e-02,7.992966962231591067e-04,-1.542446147911604403e-04,-5.651006115694040533e-05,1.699779249448123697e-01,1.000000000000000000e+00,2.652281527392956820e-02
-2.435961252919055867e-02,1.185722024103505814e-02,7.992007057850381794e-04,-7.337457483063001466e-05,-1.552277097471601826e-04,1.699779249448123697e-01,1.000000000000000000e+00,2.709214636046227212e-02
-3.118230968828078833e-02,-2.612383680322222582e-02,7.963095484759536010e-04,1.610022172617854271e-04,-1.918743003599593432e-04,1.699779249448123697e-01,1.000000000000000000e+00,4.067912593477443495e-02
-2.474353248614748202e-02,-2.793453026202804071e-02,7.971326401925798132e-04,1.724339143412445031e-04,-1.525360143246374687e-04,1.699779249448123697e-01,1.000000000000000000e+00,3.731729332163837703e-02
-3.764503553367821304e-02,2.329370778631299765e-02,7.953496465142154180e-04,-1.479768471691959538e-04,-2.357257352038379648e-04,1.699779249448123697e-01,1.000000000000000000e+00,4.426901312166371671e-02
-3.424069192901106617e-02,2.209884311544443175e-02,7.962886709755594324e-04,-1.395644966191951020e-04,-2.157134982186681166e-04,1.699779249448123697e-01,1.000000000000000000e+00,4.075271587046033067e-02
6.438483289661233420e-03,3.121719216279595505e-02,7.983149864147732686e-04,-1.962476093630214475e-04,3.765262944997385805e-05,1.699779249448123697e-01,1.000000000000000000e+00,3.187423965524787545e-02
-3.834401238440355436e-02,-2.376526195794597535e-02,7.951130246665984776e-04,1.506951429082999463e-04,-2.405560397578194922e-04,1.699779249448123697e-01,1.000000000000000000e+00,4.511153911877854861e-02
-8.353967726068469574e-03,1.864520107161803109e-02,8.001963280215620413e-04,-1.186602609056846088e-04,-5.674306367462214303e-05,1.699779249448123697e-01,1.000000000000000000e+00,2.043116002015695279e-02
7.342680070735212693e-03,1.692699682010705489e-03,8.013281003173871242e-04,-8.739493225562906142e-06,4.717605857091722397e-05,1.699779249448123697e-01,1.000000000000000000e+00,7.535262625459793369e-03
-1.307476760678417775e-02,7.360034236855934713e-03,8.008000253166413108e-04,-4.395070522102374679e-05,-8.518359882610510427e-05,1.699779249448123697e-01,1.000000000000000000e+00,1.500398786786714261e-02
-4.193581769197596287e-02,6.876450464918785858e-03,7.958329425124543739e-04,-4.305813074082125223e-05,-2.650721159391607640e-04,1.699779249448123697e-01,1.000000000000000000e+00,4.249586305149156279e-02
5.190704400104799963e-03,3.358198420968006720e-02,7.978794108444734953e-04,-2.123984063139617326e-04,3.560814303342236810e-05,1.699779249448123697e-01,1.000000000000000000e+00,3.398077508869491031e-02
-1.803412525780812015e-02,-8.828916908074947723e-03,8.002406327291156519e-04,5.767721181517900008e-05,-1.102170193908171095e-04,1.699779249448123697e-01,1.000000000000000000e+00,2.007932886288793517e-02
-3.241285557080167412e-02,-1.421332936031386926e-02,7.975712630634990011e-04,8.891368117118324125e-05,-2.057459262840106648e-04,1.699779249448123697e-01,1.000000000000000000e+00,3.539225816133253349e-02
-5.796092757545040670e-03,-1.863291618423844678e-02,8.003106057280565122e-04,1.140197536551323005e-04,-3.676524871334640424e-05,1.699779249448123697e-01,1.000000000000000000e+00,1.951359159106598462e-02
-2.495715806411051216e-02,-3.343562769049421984e-02,7.960373498643491703e-04,2.113044634698019197e-04,-1.570900642985673947e-04,1.699779249448123697e-01,1.000000000000000000e+00,4.172290663046308162e-02
-1.921520928469847705e-02,-2.731604695193493720e-02,7.980033576569562801e-04,1.742764661366612354e-04,-1.238805089024221692e-04,1.699779249448123697e-01,1.000000000000000000e+00,3.339746530704203881e-02
-1.247308334696314858e-02,2.823075020365057447e-02,7.985148419978274235e-04,-1.734187542408870846e-04,-7.788551262280302894e-05,1.699779249448123697e-01,1.000000000000000000e+00,3.086345841348967292e-02
6.397886470743081866e-03,-2.669919983027907451e-02,7.991395600772438403e-04,1.703622140081377555e-04,3.668638732137905151e-05,1.699779249448123697e-01,1.000000000000000000e+00,2.745505823832270625e-02
-3.781774833220204884e-02,-1.206334919827201438e-02,7.965561540216237104e-04,7.630813747971908494e-05,-2.357651087641699558e-04,1.699779249448123697e-01,1.000000000000000000e+00,3.969516951465532073e-02
-2.732608833455982267e-02,1.256250065533569271e-02,7.986646537788652826e-04,-7.967969311919506214e-05,-1.702371135015891528e-04,1.699779249448123697e-01,1.000000000000000000e+00,3.007543061010891153e-02
-1.040040630266374916e-02,-1.053358187084358667e-02,8.008190994898817510e-04,6.792690205201674112e-05,-6.154816060395382942e-05,1.699779249448123697e-01,1.000000000000000000e+00,1.480286452988922342e-02
-1.100295664287328709e-02,1.318899921966556685e-02,8.005797691825010517e-04,-8.399734422933277113e-05,-7.130404478845951514e-05,1.699779249448123697e-01,1.000000000000000000e+00,1.717599357537398161e-02
-4.888118361641570486e-02,-3.920975596970651886e-03,7.939518397765319389e-04,2.764667652741877141e-05,-3.071100865078139116e-04,6.799116997792494788e-01,1.000000000000000000e+00,4.903819084523598076e-02
-3.976420638655208187e-03,-4.749357646749183953e-02,7.943710503356491565e-04,3.003406943987811661e-04,-2.767530083492172031e-05,6.799116997792494788e-01,1.000000000000000000e+00,4.765974954580665807e-02
3.161541230550982823e-02,-2.738126255817090182e-02,7.960123669136143134e-04,1.739386277484351840e-04,2.029321978809152545e-04,1.699779249448123697e-01,1.000000000000000000e+00,4.182424935999299459e-02
2.267431964813856893e-02,-1.226988720986612290e-02,7.994180488253786179e-04,7.754459917305637324e-05,1.433658390742164192e-04,1.699779249448123697e-01,1.000000000000000000e+00,2.578128979800659720e-02
-4.921055485235731330e-02,-1.123492097187152880e-03,7.938948296765328382e-04,9.471594592195620513e-06,-3.089896040003856960e-04,6.799116997792494788e-01,1.000000000000000000e+00,4.922337801664276175e-02
-4.376588088811730198e-02,-5.605794323877312003e-03,7.953914252833755747e-04,3.794392580811845397e-05,-2.784763567258808172e-04,1.699779249448123697e-01,1.000000000000000000e+00,4.412343209582054310e-02
1.304934927956915777e-02,-4.027331568516922394e-02,7.958761499959789024e-04,2.550556775688549898e-04,8.057395845665384906e-05,1.699779249448123697e-01,1.000000000000000000e+00,4.233468404154552833e-02
-1.320504524825211537e-02,3.080633920723275382e-02,7.979774234419924686e-04,-1.916714640291465165e-04,-8.493268629250513130e-05,1.699779249448123697e-01,1.000000000000000000e+00,3.351721580560461378e-02
1.361469930777735142e-02,-2.225407529805955784e-02,7.993679603202555458e-04,1.396440117942256099e-04,8.490663269815518254e-05,1.699779249448123697e-01,1.000000000000000000e+00,2.608838639342988749e-02
-1.551293169569853934e-02,5.712754049841958044e-04,8.007502360576548980e-04,-1.802396635430805684e-06,-9.406003655632085426e-05,1.699779249448123697e-01,1.000000000000000000e+00,1.552344695561357069e-02
3.546268085753464389e-02,3.160544664699820733e-02,7.944184310786318523e-04,-1.944261409147889368e-04,2.231915369991925612e-04,6.799116997792494788e-01,1.000000000000000000e+00,4.750269456946210056e-02
3.035448091765114570e-02,1.476638794031837933e-02,7.979269744806953731e-04,-9.222918451948701154e-05,1.881974694136499327e-04,1.699779249448123697e-01,1.000000000000000000e+00,3.375560286210316924e-02
1.228892093555401625e-02,-1.883854649987037194e-02,7.999171910662782829e-04,1.160074102566505398e-04,7.717757955614428303e-05,1.699779249448123697e-01,1.000000000000000000e+00,2.249240787439344205e-02
2.598803675864466700e-02,9.461157741416476377e-03,7.991039553909665442e-04,-5.638587413125058820e-05,1.643109606428301258e-04,1.699779249448123697e-01,1.000000000000000000e+00,2.765667298097570018e-02
-7.274014987808137024e-03,3.735154117719753641e-02,7.969574945284950244e-04,-2.352620142419087844e-04,-4.307859521247266253e-05,1.699779249448123697e-01,1.000000000000000000e+00,3.805323800092103026e-02
-1.060209216107606614e-02,1.815289506266503858e-02,8.001181653424869339e-04,-1.120962363320478363e-04,-6.538647338571570490e-05,1.699779249448123697e-01,1.000000000000000000e+00,2.102217774989259547e-02
2.152710046646563388e-02,4.096485879064681868e-02,7.947784577896693445e-04,-2.577231687897742164e-04,1.340055147873126331e-04,1.699779249448123697e-01,1.000000000000000000e+00,4.627672968383719776e-02
-1.701610685782526181e-02,4.008429782335094782e-02,7.955487190894563630e-04,-2.518212108378932597e-04,-1.067536733748906502e-04,1.699779249448123697e-01,1.000000000000000000e+00,4.354651334593879347e-02
-1.946553526630356900e-03,-4.236588626767183452e-02,7.958555250116043298e-04,2.668613253729725616e-04,-1.268578336191246523e-05,1.699779249448123697e-01,1.000000000000000000e+00,4.241058110751775440e-02
3.272712642337670397e-02,3.027836770051835127e-03,7.981135655656999926e-04,-2.013895151656844095e-05,2.020589499188114391e-04,1.699779249448123697e-01,1.000000000000000000e+00,3.286689214753593657e-02
1.845882963843304553e-02,-3.503631987146216265e-02,7.965798565216206150e-04,2.201393061388138444e-04,1.187812398988092732e-04,1.699779249448123697e-01,1.000000000000000000e+00,3.960141540091854928e-02
2.371368295074145066e-02,-2.996508239924517911e-02,7.969196114520890389e-04,1.917832218840836468e-04,1.483539717639655140e-04,1.699779249448123697e-01,1.000000000000000000e+00,3.821315116922234523e-02
-2.800643760004944624e-02,2.898716883108087838e-02,7.964030126992936547e-04,-1.798711567170255461e-04,-1.781807536547613791e-04,1.699779249448123697e-01,1.000000000000000000e+00,4.030653177695955186e-02
8.271299475834837864e-03,1.194556017233085361e-02,8.008435235764142963e-04,-7.780627984570458611e-05,5.264516146695464270e-05,1.699779249448123697e-01,1.000000000000000000e+00,1.452965253712981339e-02
-2.598354051176052573e-02,-1.908858632534697966e-02,7.982406854486510462e-04,1.218769649584808604e-04,-1.636730922453754852e-04,1.699779249448123697e-01,1.000000000000000000e+00,3.224156487248291264e-02
7.449666294309112424e-03,6.966915153650568571e-03,8.011793246404340634e-04,-4.432375461535714901e-05,4.740903276802146369e-05,1.699779249448123697e-01,1.000000000000000000e+00,1.019977620611017127e-02
-2.322662135512307963e-02,2.637235500551738526e-02,7.976268971072566008e-04,-1.672590954540585629e-04,-1.481634576970608996e-04,1.699779249448123697e-01,1.000000000000000000e+00,3.514224022613381127e-02
2.774274333822000782e-02,-7.415741561139555828e-03,7.989160676616880938e-04,4.918650417469120603e-05,1.729363402624605134e-04,1.699779249448123697e-01,1.000000000000000000e+00,2.871677263955619425e-02
1.900045071626988921e-02,-5.416130941144915159e-04,8.003718976354020145e-04,6.634854995874668354e-06,1.201791787013987739e-04,1.699779249448123697e-01,1.000000000000000000e+00,1.900816856420200346e-02
2.225909944168802043e-03,-1.592333960659099781e-02,8.006940307618807965e-04,9.945256112658980969e-05,1.349935542353100713e-05,1.699779249448123697e-01,1.000000000000000000e+00,1.607816591861083860e-02
-1.432488107595530739e-02,3.555150084882518352e-02,7.968908679487694650e-04,-2.239735490028314010e-04,-8.901992384844497914e-05,1.699779249448123697e-01,1.000000000000000000e+00,3.832898942633734818e-02
-7.883177789876327432e-03,-1.908763812721249106e-02,8.001665054600266402e-04,1.184820458325777995e-04,-5.041180924217567309e-05,1.699779249448123697e-01,1.000000000000000000e+00,2.065145082899057238e-02
-1.329916494556215682e-02,-4.621614985795251263e-02,7.942407584810324151e-04,2.878699887977289760e-04,-8.545143883138188283e-05,6.799116997792494788e-01,1.000000000000000000e+00,4.809158238134812746e-02
-2.903494801526188343e-02,2.469057802081651640e-02,7.969430248322557616e-04,-1.550523941929412067e-04,-1.797768761918906429e-04,1.699779249448123697e-01,1.000000000000000000e+00,3.811368322861210384e-02
-1.864377112598574956e-02,-2.279439206337718557e-02,7.987824541401450287e-04,1.407934872976772584e-04,-1.186444429938329797e-04,1.699779249448123697e-01,1.000000000000000000e+00,2.944782693743449795e-02
3.834823549744663385e-02,2.588737710915545859e-03,7.968659441823152398e-04,-1.947456905887025357e-05,2.400402210366536467e-04,1.699779249448123697e-01,1.000000000000000000e+00,3.843551389930336543e-02
1.920994830422684697e-03,7.302017285362522730e-03,8.013276269500810506e-04,-4.498627297673396264e-05,9.428053337862055946e-06,1.699779249448123697e-01,1.000000000000000000e+00,7.550475321080371560e-03
-4.834606948954296018e-02,-7.684764018230938638e-03,7.939786289874676672e-04,4.579355065106004152e-05,-3.055836740860094552e-04,6.799116997792494788e-01,1.000000000000000000e+00,4.895301863116935381e-02
1.790992369014325278e-02,2.974883570445229983e-02,7.977189124793429478e-04,-1.895380667418665910e-04,1.142963442498026461e-04,1.699779249448123697e-01,1.000000000000000000e+00,3.472403479374553542e-02
2.230071704757759926e-02,3.820361353706737406e-02,7.953600217231465578e-04,-2.415315431605159291e-04,1.361236852106648305e-04,1.699779249448123697e-01,1.000000000000000000e+00,4.423616244799853658e-02
7.421931716657605323e-03,-1.231827623490268538e-02,8.008568169849124112e-04,7.858023526901070414e-05,4.875446056310055707e-05,1.699779249448123697e-01,1.000000000000000000e+00,1.438141160686587025e-02
3.479917452039967690e-02,-2.379764651003796801e-03,7.976845502120010704e-04,1.636579813964219687e-05,2.161544972622606422e-04,1.699779249448123697e-01,1.000000000000000000e+00,3.488045050017848231e-02
-3.288169745755550183e-02,-1.206488533704693118e-02,7.976525521759557152e-04,7.814657498209124319e-05,-2.071079590392075264e-04,1.699779249448123697e-01,1.000000000000000000e+00,3.502524069705020837e-02
2.570571431970074608e-02,-4.103391754087573617e-02,7.941419598076548481e-04,2.560114242649354113e-04,1.572807975932473466e-04,6.799116997792494788e-01,1.000000000000000000e+00,4.842072012514329893e-02
3.773646893683413328e-02,-2.297616834796718018e-03,7.970161906506192072e-04,1.400483783069116062e-05,2.348054447598324913e-04,1.699779249448123697e-01,1.000000000000000000e+00,3.780635040492785759e-02
2.166383472428144719e-02,2.672829526328609345e-02,7.977878224949442199e-04,-1.703642670444691087e-04,1.356725515486806809e-04,1.699779249448123697e-01,1.000000000000000000e+00,3.440528306295973643e-02
-2.448090346127109948e-02,8.253758140971833093e-03,7.994094252054964123e-04,-5.183962469167388066e-05,-1.525019397499295215e-04,1.699779249448123697e-01,1.000000000000000000e+00,2.583484386888634105e-02
-2.247760511633518227e-02,1.799110228947862350e-02,7.989039896971446633e-04,-1.080376534596003775e-04,-1.406667432842686181e-04,1.699779249448123697e-01,1.000000000000000000e+00,2.879101410781462200e-02
3.161072426353420117e-02,1.739089180328756701e-02,7.974175382964890065e-04,-1.095602425135895608e-04,1.954786445667886028e-04,1.699779249448123697e-01,1.000000000000000000e+00,3.607881658506615491e-02
1.109170814275483230e-03,-3.310662155622914882e-02,7.980592616032561445e-04,2.094872909555655846e-04,8.478748386195648305e-06,1.699779249448123697e-01,1.000000000000000000e+00,3.312519661470127857e-02
-6.723383627372980266e-03,2.970911021891941509e-03,8.013369796518312682e-04,-1.636963926907632273e-05,-4.379538472266694216e-05,1.699779249448123697e-01,1.000000000000000000e+00,7.350523770509560101e-03
-4.460883513775366904e-02,8.705264966594015649e-03,7.950185292309639405e-04,-5.266378337097276578e-05,-2.756890475365187981e-04,1.699779249448123697e-01,1.000000000000000000e+00,4.545030044439635208e-02
2.765940375283698627e-02,3.841040631960256080e-02,7.944677700524135260e-04,-2.407805936914333717e-04,1.740630111239659691e-04,6.799116997792494788e-01,1.000000000000000000e+00,4.733288423072713053e-02
7.873903028745368737e-03,1.698894857224664962e-02,8.004055644243651202e-04,-1.101084955859005476e-04,4.855635680776544964e-05,1.699779249448123697e-01,1.000000000000000000e+00,1.872492249640908546e-02
3.105509236024722383e-02,-2.051028028438758519e-02,7.971552746710102409e-04,1.287621868217917181e-04,1.924821137248905391e-04,1.699779249448123697e-01,1.000000000000000000e+00,3.721680210399092720e-02
1.583133461671974024e-02,4.561600277540785349e-03,8.006541149575022122e-04,-2.658876785601580790e-05,1.017624654377853106e-04,1.699779249448123697e-01,1.000000000000000000e+00,1.647541662109365188e-02
4.408367247380937624e-03,4.075741074714816364e-02,7.962268818093550578e-04,-2.554643163912651894e-04,3.015347204596506141e-05,1.699779249448123697e-01,1.000000000000000000e+00,4.099512449791474500e-02
-6.925947478138175760e-03,2.559522828824921034e-02,7.992981558398294748e-04,-1.640907040176721584e-04,-4.354497764864402885e-05,1.699779249448123697e-01,1.000000000000000000e+00,2.651573984631620806e-02
-4.052543449152123944e-02,2.499149055813781536e-03,7.963275654234155477e-04,-1.403360011065308481e-05,-2.566719510087108369e-04,1.699779249448123697e-01,1.000000000000000000e+00,4.060242094665975077e-02
-3.649657961732719752e-02,-2.203375165407161704e-02,7.957970437430442320e-04,1.408865690573598878e-04,-2.275902689475269632e-04,1.699779249448123697e-01,1.000000000000000000e+00,4.263198958197009919e-02
-4.379731828793920895e-02,1.847604010357216039e-03,7.954691526933211319e-04,-1.165631199476011698e-05,-2.753178959150853582e-04,1.699779249448123697e-01,1.000000000000000000e+00,4.383627185099278623e-02
1.417268139734744609e-02,8.275715491667357329e-03,8.006619805793359747e-04,-4.694325185584684779e-05,8.971177592893184681e-05,1.699779249448123697e-01,1.000000000000000000e+00,1.641195798464465533e-02
1.903549479937310853e-03,4.781637912077252306e-02,7.943119178687293915e-04,-2.997172020758202327e-04,1.046815521754432165e-05,6.799116997792494788e-01,1.000000000000000000e+00,4.785425386362240907e-02
1.330803971977559223e-02,-1.996073786346780690e-02,7.996983495361664491e-04,1.234928551433971231e-04,8.286221193186565947e-05,1.699779249448123697e-01,1.000000000000000000e+00,2.399031006963441015e-02
-6.276818300165428952e-03,-7.357509257021553270e-03,8.012137536563028939e-04,4.823489421134952463e-05,-3.561790233198550593e-05,1.699779249448123697e-01,1.000000000000000000e+00,9.671162827729118394e-03
-2.205238540586701435e-02,-3.001372138522331867e-02,7.971489671128547706e-04,1.874049791879858588e-04,-1.411674266464683295e-04,1.699779249448123697e-01,1.000000000000000000e+00,3.724420993226609106e-02
-1.463612464249599773e-02,-2.670373691275096384e-02,7.985948281473999582e-04,1.707353813976597492e-04,-9.590608338345477644e-05,1.699779249448123697e-01,1.000000000000000000e+00,3.045169469267838477e-02
3.688496632730602163e-03,-4.539679890059835493e-02,7.949892037647622936e-04,2.868207358058001547e-04,2.302037969972440376e-05,1.699779249448123697e-01,1.000000000000000000e+00,4.554639785791005091e-02
4.198846734347314036e-02,1.604983770344249952e-02,7.951581941038309009e-04,-1.016911488089065213e-04,2.627907789548773222e-04,1.699779249448123697e-01,1.000000000000000000e+00,4.495140353938634203e-02
-1.883340993115740353e-02,2.093203053747462114e-02,7.990156893647017491e-04,-1.298313991117649156e-04,-1.197398277659721810e-04,1.699779249448123697e-01,1.000000000000000000e+00,2.815754307564472675e-02
-4.731071324289486818e-02,-1.199770395212911185e-02,7.940231681041061938e-04,7.311636455314978909e-05,-3.000749121922482781e-04,6.799116997792494788e-01,1.000000000000000000e+00,4.880828298223942319e-02
-1.422888547933294327e-02,2.290924296798837329e-02,7.992216640954856585e-04,-1.420379370874503839e-04,-8.812495801925557205e-05,1.699779249448123697e-01,1.000000000000000000e+00,2.696839994049140057e-02
2.007236787665530806e-02,-2.974462759732423439e-02,7.974612065649124872e-04,1.866582920571987656e-04,1.240182003919782026e-04,1.699779249448123697e-01,1.000000000000000000e+00,3.588374037191895821e-02
-2.514499170454650989e-02,2.764438206452467673e-03,7.994958462387011851e-04,-1.835694419243719241e-05,-1.577382172727570368e-04,1.699779249448123697e-01,1.000000000000000000e+00,2.529649632694233249e-02
5.648882989852798721e-03,-4.804372015247529437e-02,7.941551597916017731e-04,2.993394505968298425e-04,3.412969722646896090e-05,6.799116997792494788e-01,1.000000000000000000e+00,4.837467235157679596e-02
1.213065256930517984e-02,-1.625936075612615175e-02,8.002137963350307174e-04,9.985624331132573204e-05,7.513318749368188979e-05,1.699779249448123697e-01,1.000000000000000000e+00,2.028594449255556598e-02
-1.059126132756554525e-02,-3.189544983802310553e-04,8.011543244515552430e-04,3.322399889382864470e-06,-6.972565515010535045e-05,1.699779249448123697e-01,1.000000000000000000e+00,1.059606287640944659e-02
2.779690421593703289e-02,-1.775034551826011608e-02,7.980890332296475308e-04,1.116898669239971558e-04,1.761102794078754370e-04,1.699779249448123697e-01,1.000000000000000000e+00,3.298094374040250187e-02
-4.253054967083087778e-02,-2.592472284975444810e-02,7.937126164492876862e-04,1.639594470421166020e-04,-2.652594116532314703e-04,6.799116997792494788e-01,1.000000000000000000e+00,4.980902438453892189e-02
2.781767865708842380e-02,-3.814931086885126055e-02,7.945033136679256237e-04,2.408302888910912078e-04,1.726321562468313741e-04,6.799116997792494788e-01,1.000000000000000000e+00,4.721433220577503365e-02
-2.331586899669158691e-02,3.644022916464013245e-02,7.956279094907633314e-04,-2.330314612614710747e-04,-1.470285353085383571e-04,1.699779249448123697e-01,1.000000000000000000e+00,4.326106851017867683e-02
-4.718959822873609877e-02,3.507794275316217692e-04,7.945104617865505212e-04,-5.776570837065422154e-08,-2.959022911060934548e-04,6.799116997792494788e-01,1.000000000000000000e+00,4.719090195362145301e-02
-4.634369018224872988e-02,-9.267091212262905039e-03,7.944892797457458848e-04,5.894306270973435891e-05,-2.901312691554710816e-04,6.799116997792494788e-01,1.000000000000000000e+00,4.726115317303056923e-02
2.846096633920569552e-02,2.207077923419839202e-02,7.974321582145116327e-04,-1.406811657282980321e-04,1.820642952354097521e-04,1.699779249448123697e-01,1.000000000000000000e+00,3.601591177474371130e-02
-2.258526190614541448e-02,1.672508816741482413e-02,7.990255729229750947e-04,-1.026538813567382912e-04,-1.399852848589403865e-04,1.699779249448123697e-01,1.000000000000000000e+00,2.810378318975903511e-02
3.813860278770436069e-02,-2.180545935492255935e-02,7.954432243662036290e-04,1.390128269197172064e-04,2.411694045513316782e-04,1.699779249448123697e-01,1.000000000000000000e+00,4.393211900509091938e-02
-2.768599484460392349e-02,-2.979326849112007292e-02,7.963096644003917271e-04,1.888447249595093854e-04,-1.741452251259993384e-04,1.699779249448123697e-01,1.000000000000000000e+00,4.067128173440570649e-02
1.344506646914296263e-02,2.744766856810615732e-02,7.985715350048422758e-04,-1.719484501035101556e-04,8.336281530218590406e-05,1.699779249448123697e-01,1.000000000000000000e+00,3.056377467172985071e-02
-8.140925170558463431e-03,1.303426282998604475e-02,8.007642913124097747e-04,-8.097421743478907391e-05,-5.197286233075790348e-05,1.699779249448123697e-01,1.000000000000000000e+00,1.536771518976676534e-02
1.550067264971110442e-02,4.033240850456445981e-02,7.956409389169374902e-04,-2.529598834002411167e-04,9.672358699372476097e-05,1.699779249448123697e-01,1.000000000000000000e+00,4.320849486354003122e-02
2.530451901130529799e-02,3.979020911436722749e-03,7.994450954469955496e-04,-2.290328544195702502e-05,1.590746994479545946e-04,1.699779249448123697e-01,1.000000000000000000e+00,2.561545021675711367e-02
4.345435325714969155e-02,-2.130145674214073762e-02,7.941487930270474047e-04,1.319375349057053083e-04,2.733883465676260026e-04,6.799116997792494788e-01,1.000000000000000000e+00,4.839455420121616114e-02
-2.325617972948034254e-02,7.847072186766194599e-03,7.996136963383668672e-04,-4.973793647986998431e-05,-1.474988164731166310e-04,1.699779249448123697e-01,1.000000000000000000e+00,2.454437690213813472e-02
-6.195929776650553091e-03,1.638613088045893715e-02,8.005429227331341572e-04,-1.048696878054949065e-04,-3.604896266792306954e-05,1.699779249448123697e-01,1.000000000000000000e+00,1.751841405575045238e-02
-3.713183558368913367e-02,-2.643876824850473900e-02,7.949793701744513330e-04,1.635386177607865005e-04,-2.341592038536857007e-04,1.699779249448123697e-01,1.000000000000000000e+00,4.558269057780885841e-02
1.955510072337605237e-02,8.993482417020799095e-04,8.003033288548756612e-04,-2.030869040156168138e-06,1.238194592813715621e-04,1.699779249448123697e-01,1.000000000000000000e+00,1.957577052279769678e-02
-3.708140982037266137e-03,2.084275559641007511e-02,8.000984069057979651e-04,-1.308668797894246795e-04,-2.512825617716771612e-05,1.699779249448123697e-01,1.000000000000000000e+00,2.117004417554077186e-02
-1.125819576630192852e-02,-3.703660360899377335e-02,7.967987953307167958e-04,2.329799076934418599e-04,-6.907839055447952256e-05,1.699779249448123697e-01,1.000000000000000000e+00,3.870990801851780655e-02
-3.119247877381834538e-02,-3.483438488101309183e-02,7.946378161610646775e-04,2.164905549484981884e-04,-1.944784035640318462e-04,1.699779249448123697e-01,1.000000000000000000e+00,4.675901091868455567e-02
2.201583318229331093e-02,-2.527796189542550181e-03,7.999642672768929059e-04,1.832362313084371177e-05,1.358701070397320433e-04,1.699779249448123697e-01,1.000000000000000000e+00,2.216047527212430812e-02
-2.026131406949800359e-02,-1.911251774171575379e-02,7.990695896332848137e-04,1.171566946372578581e-04,-1.263736321725675673e-04,1.699779249448123697e-01,1.000000000000000000e+00,2.785335136478619966e-02
-4.364570142357557941e-02,6.210059810262447827e-03,7.954009320377467126e-04,-3.649623972577567261e-05,-2.737470132027169890e-04,1.699779249448123697e-01,1.000000000000000000e+00,4.408528207466687332e-02
3.537645246894507295e-03,-4.916351422813002719e-02,7.938736328204412922e-04,3.082965398658814955e-04,2.209686957794969949e-05,6.799116997792494788e-01,1.000000000000000000e+00,4.929062857331420466e-02
2.905282593672423377e-02,-2.019371859257871812e-02,7.975740702802710819e-04,1.299427750046201280e-04,1.831573110422773649e-04,1.699779249448123697e-01,1.000000000000000000e+00,3.538153424465727975e-02
-3.472542472811845134e-03,-1.864631880969122579e-02,8.003763630773795719e-04,1.149411686037734356e-04,-2.243720672410390163e-05,1.699779249448123697e-01,1.000000000000000000e+00,1.896691214663385680e-02
5.745613688572575803e-03,-1.352273127807880138e-03,8.013970895087031004e-04,6.490233671198405595e-06,3.489237242457235942e-05,1.699779249448123697e-01,1.000000000000000000e+00,5.902602753913214692e-03
4.786057609894725680e-03,-2.347836722499899512e-02,7.997025428757983598e-04,1.467256817964688936e-04,2.895737056952681998e-05,1.699779249448123697e-01,1.000000000000000000e+00,2.396122023180660351e-02
1.215859229901780289e-02,-1.348051103528970923e-02,8.004711041683939361e-04,8.580678069388815552e-05,7.809197256767157484e-05,1.699779249448123697e-01,1.000000000000000000e+00,1.815366476682608171e-02
3.102731846850527442e-02,2.704537285167456229e-02,7.961842394640875759e-04,-1.699585148213146493e-04,1.973012118872594068e-04,1.699779249448123697e-01,1.000000000000000000e+00,4.116001316851276154e-02
-1.924538690733416154e-03,-1.734581829719191934e-02,8.005502836382626412e-04,1.104788696662579615e-04,-8.790636917541259281e-06,1.699779249448123697e-01,1.000000000000000000e+00,1.745225663263429844e-02
-3.308728373822884122e-02,1.307885636734036627e-02,7.975304885070642977e-04,-8.572578777177718309e-05,-2.088993364150717373e-04,1.699779249448123697e-01,1.000000000000000000e+00,3.557843207691398918e-02
-3.936357697566079950e-02,-1.364422576727764187e-02,7.960535182090375467e-04,8.615712631440013754e-05,-2.487331000562942014e-04,1.699779249448123697e-01,1.000000000000000000e+00,4.166120604479923301e-02
-2.160153878976272049e-02,-3.140326487750330631e-02,7.969425080155634550e-04,1.948903997598906354e-04,-1.354831906152135991e-04,1.699779249448123697e-01,1.000000000000000000e+00,3.811550239800409745e-02
2.194740850620824704e-02,-4.213121053537631153e-03,7.999376530654763937e-04,2.909105563907380594e-05,1.372329577182773404e-04,1.699779249448123697e-01,1.000000000000000000e+00,2.234813480248730444e-02
4.462616673245156651e-02,-4.337805692177757952e-03,7.951905941652394512e-04,2.753896540053933547e-05,2.791702393870811472e-04,1.699779249448123697e-01,1.000000000000000000e+00,4.483649535206400000e-02
-1.006066760039697229e-02,4.107676705235974168e-02,7.958878311476090756e-04,-2.598205665706524435e-04,-6.512770578422335719e-05,1.699779249448123697e-01,1.000000000000000000e+00,4.229087163962814977e-02
-4.379986456092523767e-03,-4.275834103930250402e-02,7.957028219155192796e-04,2.713303354117620235e-04,-2.633510345287668153e-05,1.699779249448123697e-01,1.000000000000000000e+00,4.298208940697106906e-02
-1.872257303598260080e-06,-1.810094957144336297e-02,8.004780239109919766e-04,1.125805789632684095e-04,-3.787463446847802386e-06,1.699779249448123697e-01,1.000000000000000000e+00,1.810094966827108590e-02
-1.002268995584029536e-02,1.445441784282437345e-02,8.005361694047435092e-04,-9.266307306931823213e-05,-6.766379827780962420e-05,1.699779249448123697e-01,1.000000000000000000e+00,1.758932941092017713e-02
3.429169213180230380e-02,3.380807933399880560e-02,7.942211130252128980e-04,-2.113544588814201088e-04,2.148766202654673186e-04,6.799116997792494788e-01,1.000000000000000000e+00,4.815502442649436526e-02
3.048923522122321331e-02,8.021971091151680958e-03,7.983842702658210805e-04,-5.126123491226463106e-05,1.886451867668562468e-04,1.699779249448123697e-01,1.000000000000000000e+00,3.152690096667212089e-02
4.689275537438230765e-03,-2.702558832636826891e-02,7.991430544161102784e-04,1.715425070444342222e-04,2.736149765519113231e-05,1.699779249448123697e-01,1.000000000000000000e+00,2.742939535338592694e-02
-3.487622681292015803e-02,2.260291280473009611e-03,7.976704362690561437e-04,-1.875968529004576682e-05,-2.193718487569973807e-04,1.699779249448123697e-01,1.000000000000000000e+00,3.494939360530927713e-02
4.054034091866962064e-02,-3.693411716421226339e-03,7.963000154544764599e-04,2.241065797522188464e-05,2.548213304503703738e-04,1.699779249448123697e-01,1.000000000000000000e+00,4.070823665929237944e-02
-4.769907315327590741e-02,1.067035908186123733e-02,7.940019424983103162e-04,-6.402392733149679552e-05,-3.021730864594144791e-04,6.799116997792494788e-01,1.000000000000000000e+00,4.887799241598845407e-02
2.650315321604070767e-02,-3.701139934156601457e-03,7.992569190765372398e-04,2.555000020575018231e-05,1.652075962558158858e-04,1.699779249448123697e-01,1.000000000000000000e+00,2.676033570800518888e-02
-4.085135787791957518e-02,2.536114415420183399e-02,7.942435497174985502e-04,-1.622872236040215561e-04,-2.580327425196521536e-04,6.799116997792494788e-01,1.000000000000000000e+00,4.808348025340998533e-02
2.136651449227203441e-03,-7.588375916502560978e-03,8.013120756909642263e-04,4.981883341868343414e-05,1.669110320921428012e-05,1.699779249448123697e-01,1.000000000000000000e+00,7.883446483971386087e-03
3.208915292023584165e-02,1.892832191925055557e-02,7.971461219553475008e-04,-1.182255530230930048e-04,1.991192824139537566e-04,1.699779249448123697e-01,1.000000000000000000e+00,3.725580633695989990e-02
-3.741838555215348111e-02,-1.359419736038521356e-02,7.965279597045813202e-04,8.169113692774069917e-05,-2.350837481387014062e-04,1.699779249448123697e-01,1.000000000000000000e+00,3.981127703556761044e-02
5.227842932021302923e-03,-1.540821753659384757e-02,8.006744368042233509e-04,9.709197372527718990e-05,3.214909885374115826e-05,1.699779249448123697e-01,1.000000000000000000e+00,1.627094064204289564e-02
1.667344137002871665e-02,-8.534948479047578182e-03,8.004044695621099006e-04,5.534725120712597331e-05,1.026592767753915265e-04,1.699779249448123697e-01,1.000000000000000000e+00,1.873096347387879709e-02
1.425579365050279497e-02,-2.906128258843789988e-02,7.982144386863951509e-04,1.827136267624925839e-04,9.035850123035780133e-05,1.699779249448123697e-01,1.000000000000000000e+00,3.236951958696266535e-02
4.782846081936747984e-02,1.131450909267317680e-02,7.939179403871726411e-04,-7.310254906194713206e-05,3.000856008150121733e-04,6.799116997792494788e-01,1.000000000000000000e+00,4.914854810020286013e-02
-2.689877483679662534e-02,2.768686142135379571e-02,7.968259605523639148e-04,-1.723848529940712453e-04,-1.724966467336828935e-04,1.699779249448123697e-01,1.000000000000000000e+00,3.860189610739260535e-02
4.605327261195198835e-02,1.454833790265270405e-02,7.941786870610161378e-04,-9.107842366047234298e-05,2.872123732027023171e-04,6.799116997792494788e-01,1.000000000000000000e+00,4.829656358376368391e-02
3.468073897890267682e-02,2.842795513063942070e-02,7.951893366596564979e-04,-1.776880746485733846e-04,2.152677570819786217e-04,1.699779249448123697e-01,1.000000000000000000e+00,4.484308518637435820e-02
-1.546008554352213196e-02,-3.048671446507817198e-02,7.978355471663460801e-04,1.901685684935487848e-04,-9.818347865464080340e-05,1.699779249448123697e-01,1.000000000000000000e+00,3.418265647793086032e-02
-1.013480234554917786e-02,-4.311837664554545035e-02,7.953443661588804718e-04,2.727664568915878470e-04,-5.930079882088032492e-05,1.699779249448123697e-01,1.000000000000000000e+00,4.429343769826935007e-02
9.915766375846023911e-04,-6.603691067445974228e-03,8.013673882012292866e-04,4.561541876218970872e-05,6.684778046289820072e-06,1.699779249448123697e-01,1.000000000000000000e+00,6.677721163875392600e-03
1.095936166996948000e-02,-1.235930352815809569e-02,8.006492249553545399e-04,7.621964176310997655e-05,6.740419207584742191e-05,1.699779249448123697e-01,1.000000000000000000e+00,1.651847426109134820e-02
-3.021584959243300578e-03,-4.543612617225323280e-02,7.949919715145841587e-04,2.842511371245889863e-04,-1.997771035132684135e-05,1.699779249448123697e-01,1.000000000000000000e+00,4.553648578016138843e-02
1.402439331699987385e-02,-4.237167819313974321e-02,7.952488906509622970e-04,2.646457969849719261e-04,9.129048623907506075e-05,1.699779249448123697e-01,1.000000000000000000e+00,4.463230579762718364e-02
2.298411862941506303e-02,7.302886124338773405e-03,7.996794272083493967e-04,-4.535945710117813369e-05,1.420208824036527768e-04,1.699779249448123697e-01,1.000000000000000000e+00,2.411642292953257091e-02
3.533987092479812155e-03,3.625513634959631748e-02,7.973378073919815730e-04,-2.273688287439663922e-04,2.423822782884307902e-05,1.699779249448123697e-01,1.000000000000000000e+00,3.642696770934460149e-02
-2.805429098416860681e-02,-2.698140672992465489e-02,7.967469109623022058e-04,1.673093979585054303e-04,-1.768686203196859728e-04,1.699779249448123697e-01,1.000000000000000000e+00,3.892350898557358357e-02
2.926404911390957653e-02,-3.623482874112579633e-02,7.946914972454647858e-04,2.274980510434827503e-04,1.860442710939658618e-04,1.699779249448123697e-01,1.000000000000000000e+00,4.657625343927984662e-02
3.881446612716252242e-02,1.097776211332635379e-03,7.967700500647583589e-04,-8.707580693937484653e-06,2.414047699842554679e-04,1.699779249448123697e-01,1.000000000000000000e+00,3.882998703768538590e-02
-3.198028791995030651e-02,-2.947898868903363768e-03,7.982659509726327141e-04,1.984711154540885682e-05,-2.002741883830357473e-04,1.699779249448123697e-01,1.000000000000000000e+00,3.211586715603677311e-02
-1.349234603060445008e-02,-2.744843724346413341e-02,7.985681434776849622e-04,1.716567639407627383e-04,-8.157809928629398662e-05,1.699779249448123697e-01,1.000000000000000000e+00,3.058529235626098602e-02
3.206684621827211867e-02,6.035113051754867688e-03,7.981616153750898919e-04,-3.629022068658943850e-05,2.000143453815642091e-04,1.699779249448123697e-01,1.000000000000000000e+00,3.262982096079865280e-02
-3.286184719485743533e-02,2.345051306244229014e-02,7.963873004669802524e-04,-1.494091296457301379e-04,-2.027488393777325396e-04,1.699779249448123697e-01,1.000000000000000000e+00,4.037112289681742128e-02
3.691076031238738758e-02,-2.839581575764817470e-02,7.946934771123282315e-04,1.809572107473418146e-04,2.315930635386107776e-04,1.699779249448123697e-01,1.000000000000000000e+00,4.656958856787133533e-02
-1.592835957533151464e-02,-2.968214221429603047e-02,7.979421799768863111e-04,1.880668694856673555e-04,-1.031866276317948818e-04,1.699779249448123697e-01,1.000000000000000000e+00,3.368593482732443883e-02
1.928291154309294889e-03,2.481694180600437991e-02,7.995600830678563538e-04,-1.550210922501824332e-04,1.444838615260487149e-05,1.699779249448123697e-01,1.000000000000000000e+00,2.489174375929487787e-02
1.463894451924911515e-02,-1.942568430857196868e-02,7.996473725702126466e-04,1.223125858909296750e-04,9.218706759309057918e-05,1.699779249448123697e-01,1.000000000000000000e+00,2.432397803596181643e-02
-2.495004903047562742e-02,3.524954969904549318e-02,7.956471717152618223e-04,-2.210948711602454440e-04,-1.549881357814898936e-04,1.699779249448123697e-01,1.000000000000000000e+00,4.318605910023066985e-02
2.731961967432869343e-02,-3.598694609729768956e-02,7.950927333877984716e-04,2.263552293371870147e-04,1.713775017413207008e-04,1.699779249448123697e-01,1.000000000000000000e+00,4.518209721294239034e-02
-4.910755539431931570e-03,1.546220164359690848e-02,8.006792809734960929e-04,-9.738425359104721046e-05,-3.036433871021332524e-05,1.699779249448123697e-01,1.000000000000000000e+00,1.622329188652267204e-02
-1.087747932189063980e-02,-6.933800255977017740e-03,8.009834683791976348e-04,4.429035835193933384e-05,-6.927717743552012832e-05,1.699779249448123697e-01,1.000000000000000000e+00,1.289950163331690138e-02
-3.074603125158308428e-02,2.325436994777124039e-02,7.968375184479103632e-04,-1.452060657886688837e-04,-1.927422670657277467e-04,1.699779249448123697e-01,1.000000000000000000e+00,3.854976211847654932e-02
-2.969692448442538650e-03,1.888422720800110241e-02,8.003581030334080146e-04,-1.179976990216223261e-04,-1.876217638623888130e-05,1.699779249448123697e-01,1.000000000000000000e+00,1.911630483335484409e-02
3.435140090947123165e-02,-2.969245243656428584e-02,7.950299011544295549e-04,1.888907147249398383e-04,2.142364662574066259e-04,1.699779249448123697e-01,1.000000000000000000e+00,4.540551151722500844e-02
1.064405585224795399e-02,2.573986712911339667e-02,7.990694756116308245e-04,-1.588205811626261347e-04,6.607605630440338237e-05,1.699779249448123697e-01,1.000000000000000000e+00,2.785384506329756718e-02
1.633558500380230885e-02,9.634754538202092849e-03,8.003772580633701636e-04,-5.678926202317832945e-05,1.026769486340939574e-04,1.699779249448123697e-01,1.000000000000000000e+00,1.896522692792935311e-02
-2.619951832023272031e-02,4.019964453830924406e-02,7.942738471779295503e-04,-2.556162649433291710e-04,-1.636078672582394196e-04,6.799116997792494788e-01,1.000000000000000000e+00,4.798360325380562896e-02
-4.107842818009099263e-03,-1.992372791976256691e-02,8.002062306463192387e-04,1.236068903297792303e-04,-2.607745380844254330e-05,1.699779249448123697e-01,1.000000000000000000e+00,2.034279496131726969e-02
9.419835998431869833e-03,-2.496130797068707788e-02,7.992704211439660917e-04,1.593359447672221697e-04,5.897641280600027876e-05,1.699779249448123697e-01,1.000000000000000000e+00,2.667958406431478191e-02
1.959616154769458496e-02,-1.547274274419891229e-04,8.003002308674730253e-04,3.352827442174935728e-06,1.245009081349250245e-04,1.699779249448123697e-01,1.000000000000000000e+00,1.959677238680254327e-02
-4.880061484415712178e-03,1.627606092000486934e-02,8.006009559000177222e-04,-9.738425359104721046e-05,-3.036433871021332524e-05,1.699779249448123697e-01,1.000000000000000000e+00,1.699191452318977308e-02
-6.088366652562013544e-03,3.975151864403537148e-03,8.013403008141118961e-04,-2.503535813114128583e-05,-4.015513054274713508e-05,1.699779249448123697e-01,1.000000000000000000e+00,7.271178779338333120e-03
7.680870883062507030e-03,8.915870422363308609e-03,8.010718286232800054e-04,-5.837315982494492323e-05,5.036784042255302977e-05,1.699779249448123697e-01,1.000000000000000000e+00,1.176811467103589665e-02
-1.862526526245257552e-02,-9.471175811001987868e-03,8.001350163093691069e-04,5.885749446057533102e-05,-1.195419360530458380e-04,1.699779249448123697e-01,1.000000000000000000e+00,2.089506346818864602e-02
1.155092983059254237e-02,-1.756462828124378888e-04,8.010868939530505894e-04,1.769012181826358097e-06,7.219188808143937484e-05,1.699779249448123697e-01,1.000000000000000000e+00,1.155226521371191875e-02
-1.167695292256034842e-02,-3.662660659577593458e-02,7.968648275463387394e-04,2.275958450881416422e-04,-6.975988575055611985e-05,1.699779249448123697e-01,1.000000000000000000e+00,3.844293875703869851e-02
-3.408827796777731678e-02,-2.323307173385201832e-02,7.961601603310028896e-04,1.471981495735610250e-04,-2.125661447127615467e-04,1.699779249448123697e-01,1.000000000000000000e+00,4.125271284411203415e-02
-2.446595151193862658e-02,1.963398478902178557e-02,7.984147787917273992e-04,-1.230086328940247571e-04,-1.520359350548368535e-04,1.699779249448123697e-01,1.000000000000000000e+00,3.136998791966727484e-02
2.429582186017221687e-02,-1.430701864536778646e-02,7.990093113915183037e-04,9.041383196226228250e-05,1.497318587043290855e-04,1.699779249448123697e-01,1.000000000000000000e+00,2.819534965876684465e-02
-3.550834034788565019e-02,6.880103882146205736e-04,7.975452339737465002e-04,-1.428419860863226732e-06,-2.266532714497955839e-04,1.699779249448123697e-01,1.000000000000000000e+00,3.551500517465223938e-02
3.106942711535080892e-02,3.496002079962804571e-02,7.946347405704363639e-04,-2.163322964675306074e-04,1.959835056957135184e-04,1.699779249448123697e-01,1.000000000000000000e+00,4.677084942126368688e-02
-3.058745095225827437e-02,3.452878380856628376e-02,7.948214370876782514e-04,-2.162829184967419755e-04,-1.921792383637024241e-04,1.699779249448123697e-01,1.000000000000000000e+00,4.612839762072290517e-02
9.510650872295210723e-03,4.270266387157861318e-03,8.011652384323181102e-04,-2.935293471950741514e-05,5.877828761947718388e-05,1.699779249448123697e-01,1.000000000000000000e+00,1.042533716634526375e-02
6.330055231217953868e-03,2.033903696739450956e-02,8.000817447647286338e-04,-1.250793374234525140e-04,3.718704287359114670e-05,1.699779249448123697e-01,1.000000000000000000e+00,2.130131507657004319e-02
2.417845383314312646e-02,2.695282545403449633e-03,7.996469194740771658e-04,-1.633927231690034641e-05,1.504312554671011920e-04,1.699779249448123697e-01,1.000000000000000000e+00,2.432821772676720465e-02
-2.390123163159527456e-02,7.224961319852103367e-03,7.995484076387219001e-04,-4.435420270710344499e-05,-1.468173628994744553e-04,1.699779249448123697e-01,1.000000000000000000e+00,2.496936001543751185e-02
-2.507273160988348140e-02,-2.827436575726645016e-02,7.970207613386362955e-04,1.811000285930818520e-04,-1.561763640243934775e-04,1.699779249448123697e-01,1.000000000000000000e+00,3.778996731087408412e-02
-1.784506871037780384e-02,2.687395741196067431e-02,7.982375382165240096e-04,-1.686974498292455630e-04,-1.151853816156317298e-04,1.699779249448123697e-01,1.000000000000000000e+00,3.225920123403524381e-02
-9.736850349502232729e-03,5.322503648696093499e-03,8.011208881655934805e-04,-3.554388580820420066e-05,-6.517094977113596654e-05,1.699779249448123697e-01,1.000000000000000000e+00,1.109663461680995312e-02
2.956370424891144322e-02,-7.747434235398472507e-03,7.985727545441610904e-04,4.800608710992182926e-05,1.822611751133772716e-04,1.699779249448123697e-01,1.000000000000000000e+00,3.056199185506286442e-02
4.463230298992293486e-04,-3.618263627138125493e-02,7.973927926631810357e-04,2.268185131700922448e-04,1.198211966122183039e-06,1.699779249448123697e-01,1.000000000000000000e+00,3.618538892694249387e-02
-1.542057266509502464e-02,-4.047924893054970739e-03,8.007081670768088954e-04,2.301443166810802416e-05,-9.565595361714980972e-05,1.699779249448123697e-01,1.000000000000000000e+00,1.594301593988069546e-02
-9.829028394298737828e-03,4.457618854607769965e-02,7.949613958136036345e-04,-2.823983514146658153e-04,-5.852732719817123038e-05,1.699779249448123697e-01,1.000000000000000000e+00,4.564697563334726982e-02
9.092781995939784936e-03,-6.872116248803853550e-03,8.010990782907463853e-04,4.509763276878364467e-05,5.399059365846161252e-05,1.699779249448123697e-01,1.000000000000000000e+00,1.139757281892774844e-02
4.495925179270537225e-03,4.787370185527286409e-02,7.942427992144200297e-04,-3.005721490197213485e-04,2.864257595699108575e-05,6.799116997792494788e-01,1.000000000000000000e+00,4.808434955934368094e-02
-7.176505206761682118e-03,1.401001880680433770e-02,8.007279426906568649e-04,-8.753823548525056309e-05,-4.332944814615073426e-05,1.699779249448123697e-01,1.000000000000000000e+00,1.574111984420704241e-02
3.862895625107717196e-02,-2.483427305049914005e-02,7.948808469345909058e-04,1.550576858592063727e-04,2.432026112121750362e-04,1.699779249448123697e-01,1.000000000000000000e+00,4.592316821599291138e-02
-4.668802212563354093e-02,-8.767066203434066909e-03,7.944178602684733807e-04,5.833383787988449158e-05,-2.951169251326151528e-04,6.799116997792494788e-01,1.000000000000000000e+00,4.750402993240723792e-02
-2.387680849558644885e-03,-4.942899636475672071e-02,7.938131753321137204e-04,3.081424349837836576e-04,-1.364076030537215262e-05,6.799116997792494788e-01,1.000000000000000000e+00,4.948663154293776040e-02
-3.769457846097052506e-02,-2.416988736700526746e-02,7.952082748354614029e-04,1.506951429082999463e-04,-2.405560397578194922e-04,1.699779249448123697e-01,1.000000000000000000e+00,4.477794882175805541e-02
-2.516946733407562919e-02,-3.626557273844192852e-02,7.953848645643104426e-04,2.307470692200762092e-04,-1.593797664106361741e-04,1.699779249448123697e-01,1.000000000000000000e+00,4.414401263963577127e-02
-1.223684898160403225e-02,3.816369632242513216e-02,7.964600855214409771e-04,-2.392036983664321817e-04,-7.673571943109355926e-05,1.699779249448123697e-01,1.000000000000000000e+00,4.007752724394145205e-02
2.391177853085625551e-03,4.406555519813901145e-02,7.953882923634875406e-04,-2.779214493710628056e-04,1.309679363757899976e-05,1.699779249448123697e-01,1.000000000000000000e+00,4.413038507021350976e-02
-8.067991295621638331e-03,1.647082382537804965e-02,8.004497683922774925e-04,-1.057911008574832985e-04,-5.037699316457294155e-05,1.699779249448123697e-01,1.000000000000000000e+00,1.834067940488758736e-02
2.049285245166116223e-02,3.033501422883362608e-02,7.972968260780238748e-04,-1.939999911790798494e-04,1.279431216035672135e-04,1.699779249448123697e-01,1.000000000000000000e+00,3.660833361229507560e-02
2.524362324630704743e-02,-2.546206317002890768e-02,7.974694031799683383e-04,1.550196346756776012e-04,1.579093649834556717e-04,1.699779249448123697e-01,1.000000000000000000e+00,3.585466741549886427e-02
-9.602262626200825865e-03,4.529599223732560381e-02,7.947713964321599916e-04,-2.823983514146658153e-04,-5.852732719817123038e-05,1.699779249448123697e-01,1.000000000000000000e+00,4.630259561089847264e-02
-3.150748670828946302e-02,-1.281704705892712341e-02,7.978722994545452878e-04,7.696581921614182838e-05,-1.977826884618689193e-04,1.699779249448123697e-01,1.000000000000000000e+00,3.401467938969569837e-02
8.088522024793765031e-03,-2.995495871646812816e-02,7.984820679362798551e-04,1.874347450276553947e-04,5.305886266743122925e-05,1.699779249448123697e-01,1.000000000000000000e+00,3.102778980608969506e-02
8.434198805314320826e-03,-3.908673008330589699e-02,7.964835975935488210e-04,2.445532680181894576e-04,5.554989882178388043e-05,1.699779249448123697e-01,1.000000000000000000e+00,3.998634989709332760e-02
-2.390000077104610307e-02,9.744139618053043392e-03,7.994134882536615798e-04,-6.050538661048755176e-05,-1.488616753242766127e-04,1.699779249448123697e-01,1.000000000000000000e+00,2.581004249806875470e-02
-1.848519190351137834e-02,2.778256229228979329e-03,8.004088009056730107e-04,-1.559289177690374864e-05,-1.147541348606975260e-04,1.699779249448123697e-01,1.000000000000000000e+00,1.869280683538168675e-02
3.454518338038329445e-02,-1.150430473802993830e-03,7.977534763746830853e-04,7.700422455070800765e-06,2.197949577178754809e-04,1.699779249448123697e-01,1.000000000000000000e+00,3.456433400283252799e-02
-1.472909847550553895e-02,-2.872763616425955124e-02,7.982322697954678239e-04,1.815028276464050489e-04,-9.454320732598640875e-05,1.699779249448123697e-01,1.000000000000000000e+00,3.228348527478427238e-02
9.526031845312305305e-03,-2.215128819288576106e-02,7.996806916127526237e-04,1.378011128561544931e-04,5.625055935086578109e-05,1.699779249448123697e-01,1.000000000000000000e+00,2.411275287730922298e-02
2.480515263948506258e-02,-1.742079010319759827e-02,7.986197924002189866e-04,1.086667893441927167e-04,1.567792535152249915e-04,1.699779249448123697e-01,1.000000000000000000e+00,3.031137616948165192e-02
7.081876243927218671e-03,-2.942495800220143107e-02,7.986294921241038651e-04,1.853330260667416835e-04,4.805566619156549483e-05,1.699779249448123697e-01,1.000000000000000000e+00,3.026518006828339893e-02
1.133423767703380797e-02,2.627306543424027044e-02,7.989346112242732938e-04,-1.674862536537500245e-04,6.971627189161430649e-05,1.699779249448123697e-01,1.000000000000000000e+00,2.861361408545525994e-02
-2.848011659887500144e-02,-1.172787951131009677e-02,7.985258720810827111e-04,7.460486207772888364e-05,-1.791322869248552455e-04,1.699779249448123697e-01,1.000000000000000000e+00,3.080032790924996933e-02
3.320518563031717857e-02,2.473406579792414642e-02,7.961203091714384381e-04,-1.549855391516119811e-04,2.086753963234713727e-04,1.699779249448123697e-01,1.000000000000000000e+00,4.140481087554758605e-02
-1.560580291916535516e-02,-2.233047473020632542e-02,7.991750299331079176e-04,1.384329397874214051e-04,-9.999483015412255981e-05,1.699779249448123697e-01,1.000000000000000000e+00,2.724318605501590759e-02
4.680050681975901627e-02,-1.348545061175345471e-02,7.940549938764883625e-04,8.321884447448971416e-05,2.904256383672986093e-04,6.799116997792494788e-01,1.000000000000000000e+00,4.870466935303382344e-02
-4.770996218035143677e-02,-3.824860467374009958e-03,7.943093201345684728e-04,2.372376365574168635e-05,-2.987773588698081810e-04,6.799116997792494788e-01,1.000000000000000000e+00,4.786303426283632784e-02
-3.164408437894514897e-02,1.417490721551276436e-02,7.977294645541504158e-04,-8.690613289232915098e-05,-1.995744498516379794e-04,1.699779249448123697e-01,1.000000000000000000e+00,3.467385283971477494e-02
2.792789926046553017e-02,6.398082166478546474e-03,7.989272817237547336e-04,-4.141508264918753834e-05,1.756801135447750347e-04,1.699779249448123697e-01,1.000000000000000000e+00,2.865140507046246010e-02
3.542434036370528672e-02,-9.148938975169102275e-03,7.973011933977034935e-04,5.943509865598034687e-05,2.216038104028200044e-04,1.699779249448123697e-01,1.000000000000000000e+00,3.658670488818319133e-02
3.674488368359921098e-02,2.777075341096863631e-02,7.948424161321749736e-04,-1.713091175440433151e-04,2.302715826409632992e-04,1.699779249448123697e-01,1.000000000000000000e+00,4.605867151725136222e-02
3.905346289256384634e-02,1.030996544608148678e-02,7.963817447972048984e-04,-6.701238594635823423e-05,2.482283891846084455e-04,1.699779249448123697e-01,1.000000000000000000e+00,4.039143908553216589e-02
1.108169847790810639e-03,4.483025239117154059e-02,7.951895846159944686e-04,-2.853872340533441534e-04,7.373450244764559187e-06,1.699779249448123697e-01,1.000000000000000000e+00,4.484394685871990333e-02
3.344396751131392675e-02,1.460502404197025483e-02,7.973231684668623774e-04,-8.920704048218363333e-05,2.075290436975864002e-04,1.699779249448123697e-01,1.000000000000000000e+00,3.649391305634887284e-02
-3.820682660661332830e-02,1.106943873108461387e-02,7.965364584727967602e-04,-7.352023739327974449e-05,-2.405155223651740486e-04,1.699779249448123697e-01,1.000000000000000000e+00,3.977806019867047987e-02
-2.670305886191130448e-02,-2.708446579398315120e-03,7.992431110005654470e-04,1.840769324847307386e-05,-1.672963465027561673e-04,1.699779249448123697e-01,1.000000000000000000e+00,2.684006399873432175e-02
-1.642034552926625521e-02,3.959299380540997476e-02,7.957353854164775928e-04,-2.464315122207222440e-04,-1.060714647927898761e-04,1.699779249448123697e-01,1.000000000000000000e+00,4.286295493518531285e-02
2.135139074252397767e-02,7.080225714930088975e-03,7.999166011285088577e-04,-4.417912714032932303e-05,1.326959855144509734e-04,1.699779249448123697e-01,1.000000000000000000e+00,2.249469899363616687e-02
3.184414100163858452e-02,2.688765526991905921e-02,7.960496754149666392e-04,-1.678560746659571467e-04,2.023061251851969770e-04,1.699779249448123697e-01,1.000000000000000000e+00,4.167727584723173589e-02
-3.470005908965868163e-02,3.078479446072251297e-02,7.947461086174842934e-04,-1.915205566967685268e-04,-2.182925229291767162e-04,1.699779249448123697e-01,1.000000000000000000e+00,4.638747321006755908e-02
1.687450069537646188e-02,6.745985438436630233e-03,8.004689526544910266e-04,-4.063816694480538468e-05,1.047212933192317530e-04,1.699779249448123697e-01,1.000000000000000000e+00,1.817297700581442174e-02
-1.253390541281797568e-02,-3.713287716373903091e-02,7.966808531199511163e-04,2.341594702320374502e-04,-7.840324493704644952e-05,1.699779249448123697e-01,1.000000000000000000e+00,3.919118971599101081e-02
4.113390306373386485e-03,1.485999295969786180e-02,8.007607476491410267e-04,-9.041653841753116401e-05,2.262610639871533521e-05,1.699779249448123697e-01,1.000000000000000000e+00,1.541879925852971712e-02
-1.368856292226951210e-02,4.033500112559358641e-02,7.958067515195971263e-04,-2.541706553515078303e-04,-8.810572224459778477e-05,1.699779249448123697e-01,1.000000000000000000e+00,4.259447230191457101e-02
-1.143489799086255983e-02,8.970850294000449685e-03,8.008430370230614588e-04,-5.379673866244053096e-05,-7.221847643707709249e-05,1.699779249448123697e-01,1.000000000000000000e+00,1.453385864314086888e-02
-4.188270362102343436e-02,2.420100605646541975e-02,7.941560824509252825e-04,-1.528934371878536830e-04,-2.599302194211976420e-04,6.799116997792494788e-01,1.000000000000000000e+00,4.837199144909754001e-02
1.853327882984450586e-02,1.933931481281262843e-04,8.004272214806606740e-04,-8.505454862299505854e-07,1.144945752551186104e-04,1.699779249448123697e-01,1.000000000000000000e+00,1.853428782269514116e-02
3.731610064823249334e-02,3.169714888099060823e-02,7.939766670753215785e-04,-2.017211163237219785e-04,2.378937050031423525e-04,6.799116997792494788e-01,1.000000000000000000e+00,4.896121541355669821e-02
2.911676533836982800e-02,-3.397682175311644848e-02,7.952162507346394963e-04,2.118714084513923423e-04,1.840452831940732033e-04,1.699779249448123697e-01,1.000000000000000000e+00,4.474606619818933401e-02
3.852422515772085249e-02,2.984747277638110903e-04,7.968434932990149048e-04,-3.324633154381853562e-06,2.420861240393389665e-04,1.699779249448123697e-01,1.000000000000000000e+00,3.852538138897376729e-02
-4.417479267184756808e-02,-2.268910305223591911e-03,7.953594764716861477e-04,1.312768071477909818e-05,-2.769314145148054100e-04,1.699779249448123697e-01,1.000000000000000000e+00,4.423302229753092035e-02
-4.448765114967834916e-02,2.938705946881698707e-03,7.952615204342464942e-04,-1.913140191574907165e-05,-2.809663545110749621e-04,1.699779249448123697e-01,1.000000000000000000e+00,4.458460605924106229e-02
-2.425266202094118403e-02,4.215300750766572124e-02,7.940766188069075214e-04,-2.639615796470755121e-04,-1.521125363931640265e-04,6.799116997792494788e-01,1.000000000000000000e+00,4.863196127078699138e-02
-2.286178809013156635e-02,1.052601681168553738e-02,7.995169715037670887e-04,-6.917114783255292687e-05,-1.452214176151000102e-04,1.699779249448123697e-01,1.000000000000000000e+00,2.516859917830088778e-02
7.334689905001951123e-03,-3.770135358834262457e-02,7.968720752203706324e-04,2.349668417960996502e-04,4.486359549263116528e-05,1.699779249448123697e-01,1.000000000000000000e+00,3.840819884342108748e-02
8.357982646337483446e-03,-1.295249474018517373e-02,8.007597548764203328e-04,8.068194263735700103e-05,5.375762944255889347e-05,1.699779249448123697e-01,1.000000000000000000e+00,1.541502494033023321e-02
-2.550185628585496540e-03,3.916517334724894245e-02,7.966677280102090093e-04,-2.495704114000518942e-04,-1.647110336760359206e-05,1.699779249448123697e-01,1.000000000000000000e+00,3.924811142030024819e-02
-9.102842837670618512e-03,1.858403918701854660e-02,8.001610920386041399e-04,-1.186602609056846088e-04,-5.674306367462214303e-05,1.699779249448123697e-01,1.000000000000000000e+00,2.069367681761682953e-02
1.774380152685698601e-03,3.753968704923976718e-02,7.970695573792395188e-04,-2.369562790170381787e-04,1.354880843795167348e-05,1.699779249448123697e-01,1.000000000000000000e+00,3.758159827204139714e-02
-3.752718828903345294e-02,4.773512774053866731e-03,7.970103123376057717e-04,-3.044798515811700517e-05,-2.350620435726503640e-04,1.699779249448123697e-01,1.000000000000000000e+00,3.782956892544012129e-02
-1.389724038864269436e-02,-3.117418149740818281e-02,7.978465127297717846e-04,1.943719615778084395e-04,-8.817714486600912818e-05,1.699779249448123697e-01,1.000000000000000000e+00,3.413155259364959726e-02
4.923765244627215272e-03,3.580971899636477274e-02,7.974025172580524777e-04,-2.231656085400202908e-04,3.424496693683296315e-05,1.699779249448123697e-01,1.000000000000000000e+00,3.614663800110332753e-02
-2.123009691866587639e-02,3.819805570759490093e-02,7.955070089898557198e-04,-2.428696063965586128e-04,-1.340442532710673057e-04,1.699779249448123697e-01,1.000000000000000000e+00,4.370135552836398873e-02
4.049186588695465050e-02,-1.893463990344271264e-02,7.952291054685966913e-04,1.184034916101797409e-04,2.527492666950520309e-04,1.699779249448123697e-01,1.000000000000000000e+00,4.470024374967285219e-02
3.345612474435885608e-02,1.053901115041028583e-02,7.976420105162151681e-04,-6.228815692957055900e-05,2.109347429877941426e-04,1.699779249448123697e-01,1.000000000000000000e+00,3.507681626001101644e-02
-3.754647346735023872e-02,9.447006614377655501e-03,7.967977541773135037e-04,-5.736882277637502295e-05,-2.384691940740668451e-04,1.699779249448123697e-01,1.000000000000000000e+00,3.871670962009207684e-02
-1.154128686508162568e-02,-4.684964553465852111e-02,7.941934706190639055e-04,2.926179790045148332e-04,-6.994768343566512970e-05,6.799116997792494788e-01,1.000000000000000000e+00,4.825029107917645083e-02
1.012946205091580162e-02,1.402597482572472132e-02,8.005660496948573384e-04,-8.765226552707306015e-05,6.561030925350252996e-05,1.699779249448123697e-01,1.000000000000000000e+00,1.730127079878258575e-02
1.635778608653328317e-02,5.018141996545572026e-03,8.005866230864743926e-04,-3.197245798511876718e-05,1.010810173884004425e-04,1.699779249448123697e-01,1.000000000000000000e+00,1.711019914408585391e-02
9.566933352323215428e-03,1.130249158412102717e-02,8.008175351695439887e-04,-7.032087144926731223e-05,5.832980097323045327e-05,1.699779249448123697e-01,1.000000000000000000e+00,1.480785365192812016e-02
3.539264902002327989e-02,-1.979945978926609881e-02,7.963396078157598205e-04,1.252211459160686017e-04,2.204595600740134236e-04,1.699779249448123697e-01,1.000000000000000000e+00,4.055438586147397384e-02
3.229523577229267972e-02,1.881089681002958086e-03,7.982190487886988524e-04,-1.475527188044486473e-05,2.027403966400329386e-04,1.699779249448123697e-01,1.000000000000000000e+00,3.234997298261543114e-02
1.662705827983588028e-02,4.073505214570799504e-02,7.954250097361788719e-04,-2.542884015496432292e-04,1.056349980371036298e-04,1.699779249448123697e-01,1.000000000000000000e+00,4.399776744738996548e-02
4.017555453769259405e-02,8.000209426031907115e-03,7.962346714655980148e-04,-5.085605196374654724e-05,2.502747608282321042e-04,1.699779249448123697e-01,1.000000000000000000e+00,4.096435686388207043e-02
2.217997243172858957e-02,1.849711379508584691e-02,7.988864661964972672e-04,-1.186292821084310222e-04,1.374838815571871511e-04,1.699779249448123697e-01,1.000000000000000000e+00,2.888069244011637685e-02
-3.451618006975702702e-02,-3.247383072253637315e-02,7.944504802141173164e-04,2.032402566475735670e-04,-2.146989700344957726e-04,6.799116997792494788e-01,1.000000000000000000e+00,4.739110009699964293e-02
2.292673082761737414e-03,4.360130752411228716e-02,7.955185835351406137e-04,-2.758207284201483894e-04,1.809967108151069154e-05,1.699779249448123697e-01,1.000000000000000000e+00,4.366154334968738726e-02
-2.358590481977339975e-02,-1.095638836971514832e-02,7.993824242651082455e-04,7.106395814043895819e-05,-1.511570849164108065e-04,1.699779249448123697e-01,1.000000000000000000e+00,2.600648673457142332e-02
-2.545701988903111695e-02,-1.619938834646571929e-02,7.986469595782316223e-04,9.916235743522479340e-05,-1.570744772238267205e-04,1.699779249448123697e-01,1.000000000000000000e+00,3.017416186789842122e-02
1.639943376236592532e-02,-2.274111964667592523e-02,7.990380220351068824e-04,1.459492134242981265e-04,9.991615477269038821e-05,1.699779249448123697e-01,1.000000000000000000e+00,2.803747403941120320e-02
1.984135886295994994e-02,5.912698484954901842e-04,8.002685101936883247e-04,-2.030869040156168138e-06,1.238194592813715621e-04,1.699779249448123697e-01,1.000000000000000000e+00,1.985016678928666622e-02
1.162465681350714243e-02,-1.530770346340890910e-02,8.003458098560748291e-04,9.447251202402334519e-05,7.445173423464084245e-05,1.699779249448123697e-01,1.000000000000000000e+00,1.922130150004101867e-02
-3.544795403972647585e-02,-3.292052874479387686e-02,7.941539821231462888e-04,2.067089629550958167e-04,-2.227377957665356524e-04,6.799116997792494788e-01,1.000000000000000000e+00,4.837684010391088418e-02
1.724481310248875479e-02,2.823785604569007540e-02,7.980678342686749367e-04,-1.754890250997165758e-04,1.113376080264854239e-04,1.699779249448123697e-01,1.000000000000000000e+00,3.308715903484134996e-02
4.446005667155072776e-03,-3.063547927732076029e-02,7.984963510267177773e-04,1.909756242379718268e-04,2.508416737007464680e-05,1.699779249448123697e-01,1.000000000000000000e+00,3.095641382562787716e-02
2.628186821218494659e-02,-3.366716018571788704e-02,7.957757176152921441e-04,2.141435994217175565e-04,1.654723875501516966e-04,1.699779249448123697e-01,1.000000000000000000e+00,4.271082148230639225e-02
-9.959152534220209931e-04,3.716841153372378581e-02,7.971631068714369770e-04,-2.345973564946787651e-04,-5.100826858672479104e-06,1.699779249448123697e-01,1.000000000000000000e+00,3.718175174910738623e-02
4.221536816920444524e-02,-2.362652444678811983e-02,7.941538355700619506e-04,1.488637502565137900e-04,2.658107450896739373e-04,6.799116997792494788e-01,1.000000000000000000e+00,4.837716369420758805e-02
-4.237136177950982796e-02,1.246681337485143828e-02,7.953777801532323785e-04,-7.864637696205914810e-05,-2.648566566080433273e-04,1.699779249448123697e-01,1.000000000000000000e+00,4.416733787283858015e-02
-2.756249195489084494e-02,-2.094595301121265213e-02,7.977417419152421640e-04,1.338241012215592900e-04,-1.716339635010782937e-04,1.699779249448123697e-01,1.000000000000000000e+00,3.461825978167231560e-02
3.053150858542117915e-02,-2.953924034300516987e-03,7.985512747233842242e-04,2.200884747955138970e-05,1.931823859931978483e-04,1.699779249448123697e-01,1.000000000000000000e+00,3.067407184744251614e-02
-3.202530356648856241e-02,3.795996303719301884e-02,7.937579691789927805e-04,-2.354603020559119925e-04,-1.997462940162935384e-04,6.799116997792494788e-01,1.000000000000000000e+00,4.966466412159459276e-02
1.637260239315542834e-02,-3.906838211245444725e-02,7.958689849114635069e-04,2.440432331194202463e-04,1.028553954541658636e-04,1.699779249448123697e-01,1.000000000000000000e+00,4.236036579172929722e-02
-2.031809317438963355e-02,4.433014482004795503e-02,7.940364544493415735e-04,-2.757647750360215375e-04,-1.287684775536062222e-04,6.799116997792494788e-01,1.000000000000000000e+00,4.876460447916709101e-02
5.237344692230700392e-03,-1.639410453844205445e-02,8.005774820954916901e-04,1.078594030201677741e-04,3.351202840042197489e-05,1.699779249448123697e-01,1.000000000000000000e+00,1.721035859715315183e-02
-3.718016402484257410e-02,-2.727580614872378295e-02,7.948268233629399984e-04,1.752573657392223069e-04,-2.336545740832873873e-04,1.699779249448123697e-01,1.000000000000000000e+00,4.611219142457834153e-02
8.373691083533873342e-03,3.902007185559201730e-02,7.965033196624761230e-04,-2.470587646792746315e-04,5.017117816850156337e-05,1.699779249448123697e-01,1.000000000000000000e+00,3.990845411661567838e-02
-1.497272359389810979e-02,8.978961188161377685e-03,8.005490594864982015e-04,-5.681984808509684553e-05,-9.154966138133765010e-05,1.699779249448123697e-01,1.000000000000000000e+00,1.745864243971396307e-02
-1.581094023798303855e-02,3.493793309161234012e-02,7.968868265089412706e-04,-2.195100926646475657e-04,-1.026670413979143237e-04,1.699779249448123697e-01,1.000000000000000000e+00,3.834898955543745991e-02
3.652721801149230035e-02,1.951930472902492150e-02,7.961180211279669534e-04,-1.217676159019289329e-04,2.270957126240259717e-04,1.699779249448123697e-01,1.000000000000000000e+00,4.141546707165841279e-02
5.448716919729562624e-03,1.033536961196782154e-03,8.014104347355569197e-04,-9.660900165328421542e-06,3.284800614366861684e-05,1.699779249448123697e-01,1.000000000000000000e+00,5.545873666205090001e-03
-1.920123051476338091e-02,2.769670831205914979e-02,7.979382776366144257e-04,-1.761827648569381350e-04,-1.208701924220561262e-04,1.699779249448123697e-01,1.000000000000000000e+00,3.370155641219507031e-02
4.510127532912942133e-02,5.419754761690332052e-03,7.950240591638490281e-04,-3.280090477007351632e-05,2.809289436800617781e-04,1.699779249448123697e-01,1.000000000000000000e+00,4.542575016431543017e-02
1.376067698438183592e-02,2.343163102073196613e-02,7.991867602124640667e-04,-1.450299868831296567e-04,8.677034230468208781e-05,1.699779249448123697e-01,1.000000000000000000e+00,2.717347168398297555e-02
-5.258049646499052092e-03,-3.344731855338076848e-02,7.979050351978154857e-04,2.121070974309874119e-04,-3.382409977399248734e-05,1.699779249448123697e-01,1.000000000000000000e+00,3.385808920326689730e-02
-8.655450008429413714e-03,-3.210714099419804263e-02,7.980331162017521808e-04,1.983165758490404657e-04,-5.451799674915732579e-05,1.699779249448123697e-01,1.000000000000000000e+00,3.325335047284307816e-02
-8.196698807531320463e-02,-3.634234120542917390e-02,7.844819955740476398e-04,6.932382684823339592e-05,-1.597054355550499023e-04,1.699779249448123697e-01,2.000000000000000000e+00,8.966243861523269520e-02
-6.630442731769227438e-02,-2.196296203948146925e-02,7.884035747115637326e-04,7.068006994173386297e-05,-2.156625392402139604e-04,1.699779249448123697e-01,2.000000000000000000e+00,6.984732481258563996e-02
4.537746193527188859e-02,-8.435657577625865766e-02,7.834439567952816621e-04,1.435291164438486371e-04,7.665731297843648355e-05,1.699779249448123697e-01,2.000000000000000000e+00,9.578698204026848961e-02
-2.046751576592220623e-02,-8.083817111108516917e-02,7.856210691082256715e-04,1.836777764711357438e-04,-4.788025133015461391e-05,1.699779249448123697e-01,2.000000000000000000e+00,8.338902272010002836e-02
5.787929020300731919e-02,9.756296874109549738e-03,7.911357735169142515e-04,-4.516404887228810317e-05,2.610648697206990301e-04,1.699779249448123697e-01,2.000000000000000000e+00,5.869580532797636502e-02
5.695037493784435578e-02,1.829056465381690907e-02,7.908393909537661005e-04,-8.130367066269790705e-05,2.500828226014484876e-04,1.699779249448123697e-01,2.000000000000000000e+00,5.981546590068915342e-02
-7.047433736209474109e-02,-5.226455276137374067e-02,7.848229114025838437e-04,1.078641618210704825e-04,-1.427574945692026238e-04,1.699779249448123697e-01,2.000000000000000000e+00,8.773947630327390279e-02
-6.138868702648649089e-02,5.339347196022752214e-03,7.903720922153092965e-04,-2.060608207496720653e-05,-2.570321988384809738e-04,1.699779249448123697e-01,2.000000000000000000e+00,6.162044728266410920e-02
-5.077638865374919930e-03,7.923959140113079336e-02,7.863905456019337336e-04,-1.971277294881870995e-04,-1.164766012286682923e-05,1.699779249448123697e-01,2.000000000000000000e+00,7.940211119274680207e-02
-8.695129853480976223e-02,4.876248817047508510e-02,7.828166863111362664e-04,-7.727588700069699392e-05,-1.383113893974275354e-04,6.799116997792494788e-01,2.000000000000000000e+00,9.969106564514862434e-02
2.498965077612136897e-03,-5.023755775354651204e-02,7.935607903259459753e-04,3.084169719669978770e-04,1.835983767757970442e-05,6.799116997792494788e-01,2.000000000000000000e+00,5.029967232000667754e-02
2.371817052138753407e-02,-4.540701379027320406e-02,7.932739318141611429e-04,2.737725842413830089e-04,1.479231562200148428e-04,6.799116997792494788e-01,2.000000000000000000e+00,5.122839558517987973e-02
-9.245132200230746222e-02,-3.742843069785939392e-02,7.828090729147967920e-04,6.024350585051758706e-05,-1.465483879073960715e-04,6.799116997792494788e-01,2.000000000000000000e+00,9.974033469203320845e-02
-6.236741634575577314e-02,5.472747604596248788e-02,7.856993168684981831e-04,-1.249571014237828683e-04,-1.423896396389647684e-04,1.699779249448123697e-01,2.000000000000000000e+00,8.297464224693133772e-02
-7.618718027118512315e-03,5.825615806086174853e-02,7.911213157531880175e-04,-2.648114398844624018e-04,-3.220763097846801376e-05,1.699779249448123697e-01,2.000000000000000000e+00,5.875223243748996238e-02
-9.516205568135868709e-02,-1.318899756060682056e-02,7.833971255941459986e-04,2.265078331100379318e-05,-1.633264812395461931e-04,1.699779249448123697e-01,2.000000000000000000e+00,9.607167375535675957e-02
-3.775363235740200607e-02,8.762143285052934050e-02,7.835064117672552782e-04,-1.512963708365021136e-04,-6.509826612613713796e-05,1.699779249448123697e-01,2.000000000000000000e+00,9.540886882757647347e-02
-7.429517502135407625e-02,-3.165011953976921283e-02,7.861250733012455387e-04,7.456139221272294515e-05,-1.784351796504676335e-04,1.699779249448123697e-01,2.000000000000000000e+00,8.075582392827972134e-02
-3.763943997370499533e-02,-7.580707607091526079e-02,7.853874310693473391e-04,1.675235126059333832e-04,-8.368564354049928746e-05,1.699779249448123697e-01,2.000000000000000000e+00,8.463710902408987102e-02
6.171542376533151186e-02,2.720497023931709238e-02,7.889537615340428637e-04,-9.482691036580302225e-05,2.123180695704811804e-04,1.699779249448123697e-01,2.000000000000000000e+00,6.744556276180498078e-02
5.365415377881748576e-02,3.598681272980873858e-04,7.925459848998036086e-04,-4.138663889934773334e-07,2.962011737906775468e-04,1.699779249448123697e-01,2.000000000000000000e+00,5.365536061559962600e-02
1.958808439605607202e-02,8.108985150050818103e-02,7.856146581807076524e-04,-1.819879021101013185e-04,4.397167247532132164e-05,1.699779249448123697e-01,2.000000000000000000e+00,8.342216172385778783e-02
5.410234594564981153e-02,-4.223269008952607040e-02,7.886799232353387942e-04,1.392173558109326842e-04,1.819005084761473939e-04,1.699779249448123697e-01,2.000000000000000000e+00,6.863427677932305848e-02
-5.244255556893091808e-02,-6.875271787611186847e-02,7.850514617366226126e-04,1.461445302979451930e-04,-1.098194868717161340e-04,1.699779249448123697e-01,2.000000000000000000e+00,8.647056059696062169e-02
4.410581778777979828e-02,8.262273091341557074e-02,7.837974680800771166e-04,-1.482268786360419345e-04,7.852903681006140747e-05,1.699779249448123697e-01,2.000000000000000000e+00,9.365809535923474982e-02
3.961544045273492770e-02,-3.266222523181089993e-02,7.932397927696297271e-04,1.996933417123017114e-04,2.344862033978131635e-04,6.799116997792494788e-01,2.000000000000000000e+00,5.134397802427984742e-02
-8.199078696974756997e-02,1.566410425860438951e-02,7.856055902368287974e-04,-3.415747503949885847e-05,-1.856228583741098884e-04,1.699779249448123697e-01,2.000000000000000000e+00,8.347366836399941481e-02
-6.434098612672012329e-02,9.738662736361734101e-03,7.895153061263179449e-04,-3.569261551492693992e-05,-2.360537288388955249e-04,1.699779249448123697e-01,2.000000000000000000e+00,6.507383535378402639e-02
8.745561837810013339e-02,-3.749237987088346880e-02,7.835486180868037574e-04,6.599119144267220644e-05,1.512015140569826412e-04,1.699779249448123697e-01,2.000000000000000000e+00,9.515336953717673518e-02
6.177025635227221395e-02,2.422641594186579830e-02,7.892106730154928784e-04,-8.725362316267138037e-05,2.195504635457608549e-04,1.699779249448123697e-01,2.000000000000000000e+00,6.635121550667866241e-02
1.826417733639577531e-02,8.214131619039424792e-02,7.854789273189301301e-04,-1.818689871119709802e-04,4.061443421642816829e-05,1.699779249448123697e-01,2.000000000000000000e+00,8.414734695322031999e-02
-6.999757556048416540e-02,-4.185565333770813884e-02,7.859697750459090394e-04,9.911161917846223921e-05,-1.656108529671726775e-04,1.699779249448123697e-01,2.000000000000000000e+00,8.155707388493096954e-02
2.484287252295959425e-02,6.967123104447306425e-02,7.875041936552533602e-04,-2.001354745383674707e-04,7.170322746231568044e-05,1.699779249448123697e-01,2.000000000000000000e+00,7.396788999589191949e-02
-3.730896265315884752e-02,-7.867780521051445652e-02,7.849418179096203946e-04,1.635866361471606805e-04,-7.855407249230029641e-05,1.699779249448123697e-01,2.000000000000000000e+00,8.707557480142440187e-02
1.993777201287560280e-02,8.686631975356357005e-02,7.845762363856362623e-04,-1.708876848401702693e-04,3.827116168759166020e-05,1.699779249448123697e-01,2.000000000000000000e+00,8.912503722504554193e-02
6.673244003399991797e-02,4.794595824471554329e-02,7.858524534513830744e-04,-1.127126318385893844e-04,1.546705486112460396e-04,1.699779249448123697e-01,2.000000000000000000e+00,8.217075796714669311e-02
2.415968931262290134e-02,8.720364780904060753e-02,7.843379167739247555e-04,-1.684181575346509999e-04,4.569832730403625891e-05,1.699779249448123697e-01,2.000000000000000000e+00,9.048848975911609471e-02
-8.789354928055460869e-02,4.637188873459602290e-02,7.828665790293785984e-04,-7.362346028367046803e-05,-1.396202421138178400e-04,6.799116997792494788e-01,2.000000000000000000e+00,9.937619468437616788e-02
3.362874143107355551e-02,6.718370828570001396e-02,7.872592645370825662e-04,-1.860622449324324582e-04,9.325243583538559799e-05,1.699779249448123697e-01,2.000000000000000000e+00,7.513017309480951589e-02
5.285241504851067446e-02,5.971595358596767239e-02,7.863227118923609218e-04,-1.468587634587018660e-04,1.299818035827904393e-04,1.699779249448123697e-01,2.000000000000000000e+00,7.974567630374378158e-02
3.253131907116486865e-02,-3.918210515081041456e-02,7.933667304691321151e-04,2.377136112455474149e-04,2.013619201974558030e-04,6.799116997792494788e-01,2.000000000000000000e+00,5.092665396979365044e-02
-3.939377848004985139e-02,8.317658558388052459e-02,7.840722580314981021e-04,-1.540081025216918399e-04,-7.373653198850873300e-05,1.699779249448123697e-01,2.000000000000000000e+00,9.203376647909092267e-02
-5.129409293008549420e-02,6.140554969483384001e-02,7.862707616184049994e-04,-1.518928019965856940e-04,-1.258012028370955734e-04,1.699779249448123697e-01,2.000000000000000000e+00,8.001078366598439462e-02
7.011231838234646685e-02,2.537663371601364681e-02,7.873784633697765043e-04,-7.008871211860947961e-05,2.002255209180138853e-04,1.699779249448123697e-01,2.000000000000000000e+00,7.456346778218030102e-02
-3.536345920002528093e-02,4.421499153656615472e-02,7.917016621972802065e-04,-2.123863010839789384e-04,-1.725808994238161643e-04,1.699779249448123697e-01,2.000000000000000000e+00,5.661748601951935300e-02
-8.897489464871349493e-03,9.535857509310835534e-02,7.834463281405371288e-04,-1.626040584101558120e-04,-1.573837294263078824e-05,1.699779249448123697e-01,2.000000000000000000e+00,9.577276837684854660e-02
-5.680408735907405832e-02,-4.728477513541604060e-02,7.875164639275765172e-04,1.392611088491535205e-04,-1.636171858853679322e-04,1.699779249448123697e-01,2.000000000000000000e+00,7.390909484159696730e-02
2.414720931071016527e-02,8.388250275876314721e-02,7.849035564584895194e-04,-1.735009336070627412e-04,4.886495187463057478e-05,1.699779249448123697e-01,2.000000000000000000e+00,8.728895684202643557e-02
4.596466491649010833e-02,-3.882725527095515217e-02,7.907464390951672844e-04,1.654688414459232150e-04,1.988593734707682693e-04,1.699779249448123697e-01,2.000000000000000000e+00,6.016898015390597515e-02
8.908041376460795746e-02,-4.214619917719734238e-02,7.829981131509657294e-04,6.718811021471038586e-05,1.446036623166712179e-04,6.799116997792494788e-01,2.000000000000000000e+00,9.854756324515459576e-02
5.016056445103433264e-02,3.636249424362091032e-02,7.902887017114744016e-04,-1.519507660932808610e-04,2.037835120996603084e-04,1.699779249448123697e-01,2.000000000000000000e+00,6.195412184563455632e-02
4.936164661599814346e-02,3.949674404433229508e-02,7.899701246174440500e-04,-1.552144634490026801e-04,1.941357463692851802e-04,1.699779249448123697e-01,2.000000000000000000e+00,6.321839089020045432e-02
7.080517223964698237e-02,6.268172810553948593e-02,7.836457060724378448e-04,-1.094674602505456973e-04,1.237450975332990660e-04,1.699779249448123697e-01,2.000000000000000000e+00,9.456411292970952343e-02
-7.064552291669731754e-02,-6.598166921873740987e-02,7.833008629604434588e-04,1.123890088959197107e-04,-1.185422300110622708e-04,1.699779249448123697e-01,2.000000000000000000e+00,9.666628461394637106e-02
4.608087720256194564e-02,4.435829474480695173e-02,7.897874377687911802e-04,-1.677316150099052367e-04,1.779925324161374086e-04,1.699779249448123697e-01,2.000000000000000000e+00,6.396175072982884791e-02
4.655346190133369949e-02,-6.209896815819312271e-02,7.867491034718710440e-04,1.639372561837585730e-04,1.210789715109001648e-04,1.699779249448123697e-01,2.000000000000000000e+00,7.761125344504631041e-02
2.400421683911605972e-03,-8.941727886689815330e-02,7.845190997653810842e-04,1.746695748580529689e-04,5.497878518737322399e-06,1.699779249448123697e-01,2.000000000000000000e+00,8.944949292322021406e-02
4.048577078328781387e-02,-8.630553497698795207e-02,7.835194528103873752e-04,1.487147644503424232e-04,6.917854509186390616e-05,1.699779249448123697e-01,2.000000000000000000e+00,9.532965437669965736e-02
-7.211739211434013697e-02,-1.191540882245769283e-02,7.876904956324105086e-04,3.410901025085948899e-05,-2.109685629553413502e-04,1.699779249448123697e-01,2.000000000000000000e+00,7.309511073101805645e-02
7.984276221702221732e-02,-1.667175133802715559e-03,7.863000458172943793e-04,2.560495289917453197e-06,1.988325663544938710e-04,1.699779249448123697e-01,2.000000000000000000e+00,7.986016623680870785e-02
8.635681654421356601e-02,2.460433529374560224e-02,7.844592983098899654e-04,-4.905905006485571611e-05,1.668891670358365047e-04,1.699779249448123697e-01,2.000000000000000000e+00,8.979350243140098164e-02
-7.270124219660782650e-02,5.194274933006664402e-02,7.845365599511330531e-04,-1.019016724371913773e-04,-1.433914180595009813e-04,1.699779249448123697e-01,2.000000000000000000e+00,8.935054462562591615e-02
-4.099439645471669724e-02,8.180256985272009451e-02,7.841631677110021429e-04,-1.519867720818204382e-04,-7.687595697214613763e-05,1.699779249448123697e-01,2.000000000000000000e+00,9.149973210450203231e-02
7.805966976184428030e-02,-2.609964743982688684e-02,7.858266893908566779e-04,6.199106480877248086e-05,1.795776516767501525e-04,1.699779249448123697e-01,2.000000000000000000e+00,8.230737293712786506e-02
-5.075724456382827571e-02,-2.661419452704776728e-02,7.915104514040433113e-04,1.265179896474342416e-04,-2.418353387138676949e-04,1.699779249448123697e-01,2.000000000000000000e+00,5.731154531188122070e-02
3.330852475574205135e-02,-9.038994335755178022e-02,7.833553119062290453e-04,1.528465102582314669e-04,5.613014130023978501e-05,1.699779249448123697e-01,2.000000000000000000e+00,9.633171690354791483e-02
4.550408194522741895e-02,8.319358491632478092e-02,7.836025905920893358e-04,-1.443799308034874359e-04,7.944736685003875006e-05,1.699779249448123697e-01,2.000000000000000000e+00,9.482507076141685753e-02
9.128920169806707674e-02,-1.232933177293586702e-02,7.840576582101744119e-04,2.221388674907259341e-05,1.698939969251356860e-04,1.699779249448123697e-01,2.000000000000000000e+00,9.211802629582062363e-02
-5.699764196022258367e-02,4.872265179005266637e-04,7.915971101879570697e-04,-3.094394546681213420e-06,-2.747660612440060331e-04,1.699779249448123697e-01,2.000000000000000000e+00,5.699972437394299624e-02
-6.345556082131012521e-02,2.524292765059336658e-03,7.898996710655565787e-04,-1.133526001383941073e-05,-2.459549447614350426e-04,1.699779249448123697e-01,2.000000000000000000e+00,6.350574976418056627e-02
8.837251345423371984e-02,-1.634936096881680831e-02,7.844453169262174085e-04,3.138484035728572830e-05,1.715334054994318560e-04,1.699779249448123697e-01,2.000000000000000000e+00,8.987214662122737507e-02
-3.785481048571431167e-02,3.522164153549991322e-02,7.931274334842470033e-04,-2.043419412903430346e-04,-2.204420932735388233e-04,6.799116997792494788e-01,2.000000000000000000e+00,5.170638944429014477e-02
-7.935237038242243246e-02,5.955993676537479908e-02,7.828916542577651211e-04,-9.521734588376629658e-05,-1.266038440792701097e-04,6.799116997792494788e-01,2.000000000000000000e+00,9.921786508892739553e-02
-6.288938354806430930e-02,-3.706090311382149310e-02,7.877121216713440979e-04,1.070650472316758380e-04,-1.862166319424780631e-04,1.699779249448123697e-01,2.000000000000000000e+00,7.299715818213477203e-02
6.161197203480610340e-02,6.402194080675351062e-02,7.846246708851991073e-04,-1.263500432022942081e-04,1.231538351287664930e-04,1.699779249448123697e-01,2.000000000000000000e+00,8.885293468806294837e-02
-4.133293389796058315e-02,8.630394973028260308e-02,7.834597826880610860e-04,-1.471662450405269930e-04,-7.061101975744225618e-05,1.699779249448123697e-01,2.000000000000000000e+00,9.569108194424559566e-02
2.581035995023106197e-02,6.923546403661295923e-02,7.875210363151245296e-04,-1.993640198837109674e-04,7.588766641398550527e-05,1.699779249448123697e-01,2.000000000000000000e+00,7.388994627908196389e-02
5.573330970021068975e-02,4.227637465958849344e-02,7.883804120654709213e-04,-1.350359010668909798e-04,1.804527509447478720e-04,1.699779249448123697e-01,2.000000000000000000e+00,6.995351073747117787e-02
5.603982393093398517e-02,-6.265059138209924661e-02,7.854959546323436476e-04,1.393130606334804541e-04,1.255335612273230977e-04,1.699779249448123697e-01,2.000000000000000000e+00,8.405687637984682326e-02
-7.010425857363401791e-02,-4.407735510385625555e-02,7.857304911776434803e-04,1.006941850701216170e-04,-1.606094595052242691e-04,1.699779249448123697e-01,2.000000000000000000e+00,8.280954234332164876e-02
-4.708518176585110848e-02,5.789244760988034727e-02,7.873655266666658393e-04,-1.642274382422789715e-04,-1.335205454104401279e-04,1.699779249448123697e-01,2.000000000000000000e+00,7.462271659612761121e-02
-7.033104337712507703e-02,4.546267707133803959e-02,7.855541342132190373e-04,-1.025114130803729485e-04,-1.569579950744788652e-04,1.699779249448123697e-01,2.000000000000000000e+00,8.374551133647591128e-02
-8.865527644524977269e-02,4.068909227501951720e-02,7.831582345247023371e-04,-6.798418677565821783e-05,-1.464025991802266329e-04,6.799116997792494788e-01,2.000000000000000000e+00,9.754670815434374198e-02
-5.192877319388674445e-02,-5.753872121691049057e-02,7.867697014017767084e-04,1.476068856081489582e-04,-1.355480477102798836e-04,1.699779249448123697e-01,2.000000000000000000e+00,7.750678631384141926e-02
5.649458390270507141e-02,-2.799872042236846090e-02,7.900113996543222999e-04,1.101283518109698420e-04,2.230987634982274474e-04,1.699779249448123697e-01,2.000000000000000000e+00,6.305209239691998702e-02
6.658539511879968398e-02,-2.992373687385748923e-02,7.877113666689069009e-04,8.620089243014048279e-05,1.969865297344041972e-04,1.699779249448123697e-01,2.000000000000000000e+00,7.300030733923337789e-02
-5.735159095416324931e-02,4.654672259649149380e-02,7.875267025551190968e-04,-1.312721024709254483e-04,-1.654769434251447951e-04,1.699779249448123697e-01,2.000000000000000000e+00,7.386340345156315601e-02
-2.819294042978122417e-02,5.185048994579952164e-02,7.910496580327749114e-04,-2.321701003071597897e-04,-1.255070235372808649e-04,1.699779249448123697e-01,2.000000000000000000e+00,5.901961705820065601e-02
-5.814132722817107884e-02,1.846949707777378880e-02,7.905303829703107460e-04,-7.563592612527945578e-05,-2.446184894182945688e-04,1.699779249448123697e-01,2.000000000000000000e+00,6.100439536754021647e-02
-7.953455230737402348e-02,-3.617278728157626716e-02,7.848879145303626348e-04,7.304621818420161360e-05,-1.632040122660901259e-04,1.699779249448123697e-01,2.000000000000000000e+00,8.737399813704635476e-02
-6.900135979523269736e-02,1.687884779763170959e-02,7.881393186029596451e-04,-5.206099482464797933e-05,-2.153992084946625770e-04,1.699779249448123697e-01,2.000000000000000000e+00,7.103578785771839932e-02
-5.331705512454533447e-02,-8.257741562778986300e-02,7.830383932720863440e-04,1.341518319594736403e-04,-8.677639450323790856e-05,6.799116997792494788e-01,2.000000000000000000e+00,9.829413990120956790e-02
-6.197459915037217826e-02,-2.204823463092326838e-02,7.893466654226091728e-04,8.163400219535634861e-05,-2.251395431164857454e-04,1.699779249448123697e-01,2.000000000000000000e+00,6.577975060905563720e-02
-2.447439285556685107e-02,5.140951159695593409e-02,7.916141612974895254e-04,-2.488368750577304870e-04,-1.170264467323457779e-04,1.699779249448123697e-01,2.000000000000000000e+00,5.693798194778392635e-02
-5.108974002826254662e-02,7.443871765651584316e-02,7.843735250324808091e-04,-1.433057193646589437e-04,-9.798216711840080804e-05,1.699779249448123697e-01,2.000000000000000000e+00,9.028446279677326824e-02
-6.898851736804113843e-02,6.594205684344028873e-02,7.835020868213423730e-04,-1.137115357371122208e-04,-1.193024567418823564e-04,1.699779249448123697e-01,2.000000000000000000e+00,9.543463935796070441e-02
5.609500121952644414e-02,3.793680290585233622e-02,7.888899988078444583e-04,-1.299162058645005437e-04,1.924612031225299985e-04,1.699779249448123697e-01,2.000000000000000000e+00,6.771890560645645041e-02
3.189267347604438779e-02,5.475872661860846369e-02,7.899322079915523922e-04,-2.118062394645971701e-04,1.229813671400336325e-04,1.699779249448123697e-01,2.000000000000000000e+00,6.336924145309839884e-02
-1.049053382299280045e-02,-6.150768010290908611e-02,7.901756944810263460e-04,2.469720663485956507e-04,-4.181797716955234232e-05,1.699779249448123697e-01,2.000000000000000000e+00,6.239588136674691088e-02
-6.142294564066660273e-02,5.140344355267029153e-02,7.862539757015837589e-04,-1.239383695046635252e-04,-1.499537099425016023e-04,1.699779249448123697e-01,2.000000000000000000e+00,8.009427108257397010e-02
1.713491723196539779e-02,7.562750439360324539e-02,7.867624138505584100e-04,-1.976870107768150073e-04,4.513275009695629631e-05,1.699779249448123697e-01,2.000000000000000000e+00,7.754434092408538093e-02
-6.157367514098505135e-02,-2.558283269189412165e-02,7.891340760951563640e-04,8.850191390626411408e-05,-2.175502127752380779e-04,1.699779249448123697e-01,2.000000000000000000e+00,6.667682355143357553e-02
1.854100826438808032e-03,-5.324810501366314397e-02,7.926559360249224671e-04,2.912718199796658831e-04,1.336369366114494961e-05,1.699779249448123697e-01,2.000000000000000000e+00,5.328037516216171943e-02
-3.644410590768381100e-03,7.808907301212508756e-02,7.866350725717998534e-04,-2.014698098837843768e-04,-9.824600711124837900e-06,1.699779249448123697e-01,2.000000000000000000e+00,7.817406892600069213e-02
4.568512905026495680e-02,-8.722305653282108606e-02,7.830114028887988353e-04,1.428436699901946996e-04,7.375149266287518246e-05,6.799116997792494788e-01,2.000000000000000000e+00,9.846315355130093316e-02
7.722053018881075426e-02,-3.782702371326539942e-02,7.851392586004079252e-04,8.159111714619073639e-05,1.639076356522232417e-04,1.699779249448123697e-01,2.000000000000000000e+00,8.598775497502522680e-02
-6.453582529956086722e-02,-4.529267520934481678e-02,7.865016009044855641e-04,1.134853617247693345e-04,-1.640307913596000962e-04,1.699779249448123697e-01,2.000000000000000000e+00,7.884351066964635779e-02
-2.813470587090867100e-02,-5.038480803555352161e-02,7.914030764932430398e-04,2.366579335258391851e-04,-1.300369732250198198e-04,1.699779249448123697e-01,2.000000000000000000e+00,5.770780324377389886e-02
6.269794789660503020e-02,2.149975601434827785e-02,7.892268136850172280e-04,-7.808188307854163363e-05,2.211310268702465682e-04,1.699779249448123697e-01,2.000000000000000000e+00,6.628176354867079678e-02
6.465323641058942639e-02,-2.303830817237900383e-02,7.886793139292978426e-04,7.872813430767272645e-05,2.120333743969508682e-04,1.699779249448123697e-01,2.000000000000000000e+00,6.863530157148776956e-02
-7.082061230052617840e-02,5.674916314742287776e-02,7.842921827686316280e-04,-1.070145305138288329e-04,-1.351396802518118787e-04,1.699779249448123697e-01,2.000000000000000000e+00,9.075255723424138776e-02
8.458048757755412539e-02,-4.383459935516528794e-02,7.835299219435507305e-04,7.605179509018735416e-05,1.459480713189691961e-04,1.699779249448123697e-01,2.000000000000000000e+00,9.526453159221770495e-02
-8.463267869852414416e-02,-4.582164988365946406e-02,7.833700293949786685e-04,7.837195771951716179e-05,-1.427064483799801297e-04,1.699779249448123697e-01,2.000000000000000000e+00,9.624091594404270145e-02
9.937777579135496919e-02,2.884829395967683334e-03,7.828596150697649837e-04,-4.597550852480093879e-06,1.575084523508948843e-04,6.799116997792494788e-01,2.000000000000000000e+00,9.941963871328771130e-02
9.643797951344405817e-02,2.382154971131265897e-02,7.828731495253451328e-04,-3.890838522509765116e-05,1.537543992259608890e-04,6.799116997792494788e-01,2.000000000000000000e+00,9.933654978548427106e-02
-4.158673711896015979e-02,-8.898335120435936496e-02,7.830497832924696944e-04,1.448883244590061839e-04,-6.814776865795344580e-05,6.799116997792494788e-01,2.000000000000000000e+00,9.822165492273006449e-02
-5.090572718269752162e-02,-2.114882960762614131e-02,7.921224382345532769e-04,1.120136188610204667e-04,-2.581198119925232006e-04,1.699779249448123697e-01,2.000000000000000000e+00,5.512409685220823197e-02
5.861874693630437366e-02,9.863773470434399060e-03,7.909378732629229313e-04,-4.516404887228810317e-05,2.610648697206990301e-04,1.699779249448123697e-01,2.000000000000000000e+00,5.944284245776389891e-02
-2.841258860801860065e-03,-6.910445858738900604e-02,7.885587145382807247e-04,2.273285449429208690e-04,-8.581494412710795718e-06,1.699779249448123697e-01,2.000000000000000000e+00,6.916284369927430675e-02
4.880536764091123608e-02,-6.530522946073274992e-02,7.859756096649483633e-04,1.554348132980546110e-04,1.158590158479403406e-04,1.699779249448123697e-01,2.000000000000000000e+00,8.152752238038062094e-02
-5.679523928882317801e-02,1.278655315716996019e-03,7.916495868756411383e-04,-6.240277993546027398e-06,-2.766587010973182146e-04,1.699779249448123697e-01,2.000000000000000000e+00,5.680963092021541067e-02
-9.187157175248400476e-02,2.007713842269991805e-02,7.837332382920727050e-04,-3.644588434122262752e-05,-1.616858603202160627e-04,1.699779249448123697e-01,2.000000000000000000e+00,9.403976384230273988e-02
8.436378392866303311e-02,2.902292941395874775e-03,7.854295663753461769e-04,-5.945004622593647145e-06,1.856591122919546170e-04,1.699779249448123697e-01,2.000000000000000000e+00,8.441369168019972891e-02
1.849750366677679544e-02,-7.890231539925883497e-02,7.860697032013532924e-04,1.896469589937582040e-04,4.331338580350272132e-05,1.699779249448123697e-01,2.000000000000000000e+00,8.104155117756901838e-02
-2.970206687629059136e-02,5.345673155488506884e-02,7.904914422050266561e-04,-2.284473099010825552e-04,-1.243990639043067860e-04,1.699779249448123697e-01,2.000000000000000000e+00,6.115418976043001525e-02
4.799692209015100214e-02,-4.577894196979060554e-02,7.892163152492498012e-04,1.628077039956344675e-04,1.719893145057547687e-04,1.699779249448123697e-01,2.000000000000000000e+00,6.632809403263055514e-02
-4.249775286078653208e-02,4.354631085580552841e-02,7.905709493881104329e-04,-1.838651330704313988e-04,-1.803524011636088394e-04,1.699779249448123697e-01,2.000000000000000000e+00,6.084685848395902236e-02
-8.651136322381151877e-02,-3.748710066968028581e-02,7.836929094223112242e-04,6.515013936370747541e-05,-1.536908823174731799e-04,1.699779249448123697e-01,2.000000000000000000e+00,9.428413802682289457e-02
-1.057387286462079141e-02,8.227941518449177760e-02,7.857031517023611855e-04,-1.877040639267078847e-04,-2.271482215951029860e-05,1.699779249448123697e-01,2.000000000000000000e+00,8.295606638733021843e-02
4.768642200659065078e-02,7.575932855171434166e-02,7.845073459729035806e-04,-1.480044804865392292e-04,9.183590854277858516e-05,1.699779249448123697e-01,2.000000000000000000e+00,8.951799096492979446e-02
1.070841266613053316e-02,-6.786439692502282961e-02,7.886639591155627897e-04,2.253543662366936794e-04,3.329908075242810132e-05,1.699779249448123697e-01,2.000000000000000000e+00,6.870404989391230843e-02
-7.267716272298611890e-02,1.557175872750540292e-03,7.877772844353680840e-04,-3.563546860568025379e-06,-2.168718439945508606e-04,1.699779249448123697e-01,2.000000000000000000e+00,7.269384278026633228e-02
-7.246019105600139121e-02,-1.690955189609650092e-02,7.874113206100517588e-04,4.693515278245873274e-05,-2.066264232609521219e-04,1.699779249448123697e-01,2.000000000000000000e+00,7.440707112364391973e-02
8.842495154939597479e-02,-1.952281310588302454e-02,7.843265457446453419e-04,3.695836692929544749e-05,1.693933536532297708e-04,1.699779249448123697e-01,2.000000000000000000e+00,9.055447138645481009e-02
8.869007472668422043e-02,-2.065715499613707956e-02,7.842383712764787809e-04,3.937787801460966596e-05,1.680432939162227303e-04,1.699779249448123697e-01,2.000000000000000000e+00,9.106397425743763263e-02
3.921305820204486203e-02,-5.013419514461443793e-02,7.898638494578867587e-04,1.951728061180847131e-04,1.552716170084028505e-04,1.699779249448123697e-01,2.000000000000000000e+00,6.364826357690553382e-02
3.735793981335804037e-02,9.036551199676381985e-02,7.831201807261717633e-04,-1.473595705419397661e-04,6.143933606861111027e-05,6.799116997792494788e-01,2.000000000000000000e+00,9.778313466818164268e-02
-4.841089399197710808e-02,-3.257760540195064891e-02,7.912279347066984670e-04,1.513651229023067518e-04,-2.240043849686961137e-04,1.699779249448123697e-01,2.000000000000000000e+00,5.835164976954507199e-02
6.922977491956135154e-02,-6.654437529020845732e-02,7.834050979738554129e-04,1.135108201650031893e-04,1.181459478919083040e-04,1.699779249448123697e-01,2.000000000000000000e+00,9.602559876500239844e-02
-4.019362079919657632e-02,4.046529611190263082e-02,7.915870735595155298e-04,-1.959587397397849809e-04,-1.938808363011111061e-04,1.699779249448123697e-01,2.000000000000000000e+00,5.703479063145204531e-02
5.389936935669314977e-02,3.973545729679729688e-02,7.890666911894367915e-04,-1.369171246792417747e-04,1.890473285087921305e-04,1.699779249448123697e-01,2.000000000000000000e+00,6.696303893667636398e-02
3.515686145045850836e-02,-8.725012385929858949e-02,7.837285617714048139e-04,1.559504053312220329e-04,6.264712986994896754e-05,1.699779249448123697e-01,2.000000000000000000e+00,9.406693904082177871e-02
-6.161098535642605539e-02,7.090629450613786071e-03,7.902712017353737909e-04,-2.670341434007494710e-05,-2.486868944581267305e-04,1.699779249448123697e-01,2.000000000000000000e+00,6.201766315007086611e-02
-6.880218119889540407e-02,-2.946216806514990322e-02,7.873185388217851088e-04,8.231372559255826908e-05,-1.945177864694963067e-04,1.699779249448123697e-01,2.000000000000000000e+00,7.484490286468929721e-02
7.615983547237313578e-02,-8.580455139560027450e-03,7.869464195813610395e-04,2.221485068047612859e-05,2.027564350829543459e-04,1.699779249448123697e-01,2.000000000000000000e+00,7.664166457991988812e-02
-5.148501272379088500e-02,-4.109423028242729925e-02,7.893246089592547603e-04,1.525667910763984277e-04,-1.859593569668207126e-04,1.699779249448123697e-01,2.000000000000000000e+00,6.587444343350518094e-02
-7.882163122549872003e-02,4.017448768772770296e-02,7.846921791685681396e-04,-8.022329355504918662e-05,-1.589747637772628570e-04,1.699779249448123697e-01,2.000000000000000000e+00,8.846942415331920939e-02
-6.451888705388952872e-02,6.871916096580324429e-02,7.836966255609873009e-04,-1.226728731839347379e-04,-1.139234910134658078e-04,1.699779249448123697e-01,2.000000000000000000e+00,9.426033031194262779e-02
-8.271204128789953758e-02,4.709598470045606861e-02,7.835441007169014578e-04,-8.093202238249148027e-05,-1.442299350027096197e-04,1.699779249448123697e-01,2.000000000000000000e+00,9.518042629089654150e-02
5.226332351996364201e-02,4.809845223779891932e-02,7.881416328226078074e-04,-1.468250805622399349e-04,1.632299546009776162e-04,1.699779249448123697e-01,2.000000000000000000e+00,7.102757276596327607e-02
2.233954342133907117e-02,-7.734547664139587719e-02,7.861736708428803061e-04,1.867072143392048183e-04,5.250112695812106991e-05,1.699779249448123697e-01,2.000000000000000000e+00,8.050700564024604322e-02
3.458949936536213215e-02,-5.627268042883686733e-02,7.892811783953188835e-04,2.000229129984915370e-04,1.242765305434385416e-04,1.699779249448123697e-01,2.000000000000000000e+00,6.605337257848675758e-02
-1.412079791923688196e-02,6.431622522933204411e-02,7.893296986960852187e-04,-2.348304668725055262e-04,-5.127800256912321073e-05,1.699779249448123697e-01,2.000000000000000000e+00,6.584811129885269343e-02
-2.019692841222206839e-02,5.745858990700179053e-02,7.905554304547981852e-04,-2.453372387494097136e-04,-8.680236393246372776e-05,1.699779249448123697e-01,2.000000000000000000e+00,6.090488873144282722e-02
6.881223436146140238e-02,-6.939033782335744804e-02,7.831294876423776797e-04,1.132714262569374010e-04,1.126808929669572123e-04,6.799116997792494788e-01,2.000000000000000000e+00,9.772483093388475983e-02
9.462401498505244868e-02,1.436008365750071104e-02,7.834575268912858000e-04,-2.375959734480228506e-05,1.629328347610166220e-04,1.699779249448123697e-01,2.000000000000000000e+00,9.570745119655965638e-02
-9.051693380740259698e-02,-1.169936083997713712e-02,7.842029409219461629e-04,2.231987380141173477e-05,-1.700119965675120207e-04,1.699779249448123697e-01,2.000000000000000000e+00,9.126987646511686147e-02
-7.781858421647971924e-02,1.807565656347295477e-02,7.862945556613680368e-04,-4.567814854291171397e-05,-1.901014752682196379e-04,1.699779249448123697e-01,2.000000000000000000e+00,7.989030860910457943e-02
-2.888010843341967324e-02,-7.311291748530461543e-02,7.865477859084204441e-04,1.873554076050133787e-04,-7.360462086797065102e-05,1.699779249448123697e-01,2.000000000000000000e+00,7.861017342773796157e-02
4.165289751868887780e-02,6.883406587342009997e-02,7.861837283118405014e-04,-1.650925772972764002e-04,1.014149242797441600e-04,1.699779249448123697e-01,2.000000000000000000e+00,8.045553117324337478e-02
-3.965286222041344150e-02,-7.036981326930659419e-02,7.861214657316893022e-04,1.682444964475877480e-04,-9.343862989431789355e-05,1.699779249448123697e-01,2.000000000000000000e+00,8.077289212246996364e-02
-5.424346847991581150e-02,5.307418640451361247e-02,7.871011474761590090e-04,-1.440776466843937480e-04,-1.476332532145181340e-04,1.699779249448123697e-01,2.000000000000000000e+00,7.588954562541982973e-02
-4.337844127405572625e-02,-4.008081934446706268e-02,7.910381562463702099e-04,1.779543284009795574e-04,-1.942509142676941637e-04,1.699779249448123697e-01,2.000000000000000000e+00,5.906065735064677108e-02
5.682061226112598146e-02,1.462521517054709425e-02,7.911433533050664206e-04,-6.401835913451738166e-05,2.604118527223147944e-04,1.699779249448123697e-01,2.000000000000000000e+00,5.867264180616057340e-02
-9.536752721376194619e-02,2.338605614410008485e-02,7.830546957498842877e-04,-3.886138796810149898e-05,-1.554354820092322155e-04,6.799116997792494788e-01,2.000000000000000000e+00,9.819303880032752285e-02
-7.743694218372414173e-02,-1.089727865717838445e-02,7.866305097840393858e-04,2.719213760073695011e-05,-1.988918438045244935e-04,1.699779249448123697e-01,2.000000000000000000e+00,7.819994051722566064e-02
2.183364390563295732e-02,9.577229991281890897e-02,7.830491619705602993e-04,-1.564229972645667988e-04,3.463346277143822716e-05,6.799116997792494788e-01,2.000000000000000000e+00,9.822953444249298005e-02
3.902441387281197632e-02,4.694594449693504506e-02,7.905192598136158780e-04,-1.982582928193444671e-04,1.647434185994992928e-04,1.699779249448123697e-01,2.000000000000000000e+00,6.104774019425965315e-02
3.076387071686061472e-02,7.557584533973661645e-02,7.859626342230573940e-04,-1.785819914533421987e-04,7.165132075250186562e-05,1.699779249448123697e-01,2.000000000000000000e+00,8.159732924734425241e-02
-3.552069133450048988e-02,5.287872811684948132e-02,7.898504099477299863e-04,-2.067219306231087819e-04,-1.388122342263212931e-04,1.699779249448123697e-01,2.000000000000000000e+00,6.370148663992501736e-02
5.442782495323308933e-02,3.790114004630639605e-02,7.892168577692224322e-04,-1.351458546911619009e-04,1.940915282419026892e-04,1.699779249448123697e-01,2.000000000000000000e+00,6.632408722288994640e-02
4.937163648744836292e-02,-1.696616784250642995e-02,7.929771858064989243e-04,9.752955661310828690e-05,2.848332270116458250e-04,6.799116997792494788e-01,2.000000000000000000e+00,5.220545317022774745e-02
-4.816974206815886200e-02,3.273875042879052094e-02,7.912583835018947159e-04,-1.538205755629870424e-04,-2.216379597843858170e-04,1.699779249448123697e-01,2.000000000000000000e+00,5.824216540060632441e-02
3.506247291848291897e-02,-9.026065615792754071e-02,7.832737193887623394e-04,1.519542806678642098e-04,5.912542145309446321e-05,1.699779249448123697e-01,2.000000000000000000e+00,9.683162219656846204e-02
6.917863467883868245e-02,-1.121668133135939917e-02,7.883516898866022330e-04,3.681198664704226232e-05,2.219789540763995438e-04,1.699779249448123697e-01,2.000000000000000000e+00,7.008207642555611128e-02
7.344786997207451706e-02,4.082131166345189660e-02,7.855012869426383510e-04,-8.937977994623690753e-05,1.639519480883761882e-04,1.699779249448123697e-01,2.000000000000000000e+00,8.402957270722873073e-02
-4.482344831064077884e-02,-6.307507012649976597e-02,7.867953997684829295e-04,1.642412398648452460e-04,-1.159829329984473690e-04,1.699779249448123697e-01,2.000000000000000000e+00,7.737962257545295819e-02
5.125977850760117527e-02,-5.362666730919662256e-02,7.874573719412513231e-04,1.507051203886207045e-04,1.454476400080627601e-04,1.699779249448123697e-01,2.000000000000000000e+00,7.418479857315506132e-02
-5.356217219059335177e-02,-6.016842523550653549e-02,7.861645492025048747e-04,1.439623980632892010e-04,-1.302223385491635443e-04,1.699779249448123697e-01,2.000000000000000000e+00,8.055523375358991656e-02
-5.637366420932488770e-02,2.694999198941149324e-02,7.901535810800928246e-04,-1.111796603827682319e-04,-2.275201465390593871e-04,1.699779249448123697e-01,2.000000000000000000e+00,6.248433471371094006e-02
-9.037985099943951495e-02,4.178530569728953342e-02,7.828356121225368575e-04,-6.667433927099952425e-05,-1.435506662605315201e-04,6.799116997792494788e-01,2.000000000000000000e+00,9.957172911472826626e-02
9.058294850986507718e-02,2.078553474265467868e-02,7.839187627229847986e-04,-3.709277071108566654e-05,1.651796048867518510e-04,1.699779249448123697e-01,2.000000000000000000e+00,9.293712398863530899e-02
-8.767569498300988029e-02,-1.936704042265055201e-02,7.844596787037811563e-04,3.768142232418245498e-05,-1.700761448075473171e-04,1.699779249448123697e-01,2.000000000000000000e+00,8.978925183721248038e-02
7.749708710605315853e-02,-3.145825437219083951e-03,7.867591580675385981e-04,6.838959686338283527e-06,2.007968419935459510e-04,1.699779249448123697e-01,2.000000000000000000e+00,7.756090979098069493e-02
5.836585716573204630e-02,-1.549209905909738200e-02,7.906900242594823696e-04,6.794708190057294444e-05,2.493192771764773160e-04,1.699779249448123697e-01,2.000000000000000000e+00,6.038690599747201238e-02
9.387177024280123072e-02,2.435333013233495145e-02,7.832497462618197770e-04,-3.983029711809740156e-05,1.558297166983901036e-04,1.699779249448123697e-01,2.000000000000000000e+00,9.697934799250691740e-02
-1.950411891470133635e-02,-6.841046959876936895e-02,7.881167824044211460e-04,2.108418925944631549e-04,-6.053391617557557481e-05,1.699779249448123697e-01,2.000000000000000000e+00,7.113650965125403736e-02
-1.713602397300948918e-02,5.081492748320563801e-02,7.925548149801358959e-04,-2.744081707541751961e-04,-9.498261295762326336e-05,1.699779249448123697e-01,2.000000000000000000e+00,5.362648760386049679e-02
5.836967935565035015e-02,-4.075546721604699635e-02,7.881049794893405219e-04,1.265962255372123384e-04,1.807790292710323736e-04,1.699779249448123697e-01,2.000000000000000000e+00,7.119008060172228591e-02
8.829941059000001591e-02,2.572239915283426256e-02,7.840831757878758811e-04,-4.895710153525174266e-05,1.640554006158700408e-04,1.699779249448123697e-01,2.000000000000000000e+00,9.196971093093168903e-02
7.789689107489616848e-02,-3.320225818039077015e-02,7.853802157017876137e-04,7.108342689783374378e-05,1.700624461662049870e-04,1.699779249448123697e-01,2.000000000000000000e+00,8.467771600256802922e-02
4.710389075627666872e-02,-7.689286612688592260e-02,7.843928233955691420e-04,1.487415328708339697e-04,9.098208881128080265e-05,1.699779249448123697e-01,2.000000000000000000e+00,9.017366237203880419e-02
6.799717061807179774e-02,6.187608719775892357e-02,7.840890202404863368e-04,-1.137203653886412072e-04,1.269874564685188900e-04,1.699779249448123697e-01,2.000000000000000000e+00,9.193620276565610261e-02
5.948556852347094970e-02,2.347608827176096355e-02,7.897898753605010411e-04,-8.846062081834404239e-05,2.297681022863897122e-04,1.699779249448123697e-01,2.000000000000000000e+00,6.395044630887317116e-02
4.927423028195020843e-02,-8.366854307814972080e-02,7.832301648891905116e-04,1.386485909763533622e-04,8.213616009426239221e-05,6.799116997792494788e-01,2.000000000000000000e+00,9.709981910744661104e-02
4.245136097284823995e-02,6.310946025324358499e-02,7.870664969170297707e-04,-1.711531073575536257e-04,1.155752495117905052e-04,1.699779249448123697e-01,2.000000000000000000e+00,7.605867486291616186e-02
-8.335200911580639693e-02,-1.857538548293855701e-02,7.852470890909349181e-04,3.958402510177716233e-05,-1.812995122381374591e-04,1.699779249448123697e-01,2.000000000000000000e+00,8.539673512190754101e-02
4.330494463003441846e-02,-2.533767086750908504e-02,7.935995799738881180e-04,1.543468871784365389e-04,2.673219299957766207e-04,6.799116997792494788e-01,2.000000000000000000e+00,5.017285914117876333e-02
-9.092677381694176664e-02,-4.101933131252326337e-02,7.828072935761674466e-04,6.459981868798611994e-05,-1.446509468042650275e-04,6.799116997792494788e-01,2.000000000000000000e+00,9.975100870709949219e-02
-5.420850638861979959e-02,4.084312340953040465e-02,7.888543862339925626e-04,-1.390974500906530346e-04,-1.845779318488345643e-04,1.699779249448123697e-01,2.000000000000000000e+00,6.787284357334061324e-02
-5.123861367973964881e-02,1.844119755410592379e-02,7.923129790221364582e-04,-9.740669360808280257e-05,-2.730697494992928402e-04,1.699779249448123697e-01,2.000000000000000000e+00,5.445615942252231279e-02
7.107161632025769948e-02,2.976223555363297774e-02,7.868623627746299323e-04,-7.837322549213648166e-05,1.878675959973662418e-04,1.699779249448123697e-01,2.000000000000000000e+00,7.705170544202026572e-02
5.775605893252450107e-02,-1.148751868107600674e-02,7.910848441233541729e-04,5.008430694026612867e-05,2.650647926996154975e-04,1.699779249448123697e-01,2.000000000000000000e+00,5.888739618004275311e-02
-2.244777952893078216e-02,5.602274110039899557e-02,7.906988730748577962e-04,-2.431735486400244002e-04,-9.937403704772128279e-05,1.699779249448123697e-01,2.000000000000000000e+00,6.035271598015965605e-02
3.164383128649007892e-02,7.899866479402502251e-02,7.853019821716697001e-04,-1.705201746618426203e-04,6.785251253902634388e-05,1.699779249448123697e-01,2.000000000000000000e+00,8.510065274559636128e-02
-1.657334069650253858e-02,7.191856377135463774e-02,7.875384494606615677e-04,-2.089836417076934810e-04,-4.852797295489685728e-05,1.699779249448123697e-01,2.000000000000000000e+00,7.380349203646634215e-02
9.460444834566221484e-02,-2.153814591313273769e-02,7.832423344557963574e-04,3.547345801887221616e-05,1.572418468349161497e-04,6.799116997792494788e-01,2.000000000000000000e+00,9.702522030978577572e-02
5.803405732660869842e-02,3.906049026538735425e-02,7.883801563000156654e-04,-1.239899884466797797e-04,1.868789402448507503e-04,1.699779249448123697e-01,2.000000000000000000e+00,6.995479761646462846e-02
5.991224887220970852e-02,-6.600661631953017028e-02,7.845734065163571412e-04,1.302797477630485200e-04,1.186461518988231794e-04,1.699779249448123697e-01,2.000000000000000000e+00,8.914230736793422871e-02
-2.020735083013458847e-02,-7.449770935129260141e-02,7.868349360721288085e-04,1.964522760840217014e-04,-5.157873940632539246e-05,1.699779249448123697e-01,2.000000000000000000e+00,7.718967370161509967e-02
4.158988404871039046e-02,-7.563012827758802681e-02,7.850803314178124220e-04,1.608047107215060216e-04,8.737838603480624247e-05,1.699779249448123697e-01,2.000000000000000000e+00,8.631126669485042480e-02
8.269493165948750557e-02,-1.261996248816223132e-02,7.855713717596987536e-04,2.921212862252555776e-05,1.837056663459368333e-04,1.699779249448123697e-01,2.000000000000000000e+00,8.365234710018561171e-02
4.254829325330022199e-02,-6.508089225666513489e-02,7.867193818536684369e-04,1.674513379668460440e-04,1.097138705172586310e-04,1.699779249448123697e-01,2.000000000000000000e+00,7.775525574321319466e-02
9.196672027120587900e-02,-3.416987814202813306e-02,7.830679568368900233e-04,5.643018264324193417e-05,1.500873605915754806e-04,6.799116997792494788e-01,2.000000000000000000e+00,9.810941957673219305e-02
4.973458452324388407e-02,5.095903671540975149e-02,7.881019029683975722e-04,-1.552393881190727105e-04,1.543864061345651692e-04,1.699779249448123697e-01,2.000000000000000000e+00,7.120640645800185853e-02
1.755848191218661522e-02,-5.933772806831215385e-02,7.903064946966693221e-04,2.431070698398658532e-04,7.353062948627355432e-05,1.699779249448123697e-01,2.000000000000000000e+00,6.188106543499024420e-02
-8.353378096240768325e-02,-2.465386165944818964e-02,7.849378514994162070e-04,5.075892535450939860e-05,-1.720989155997740359e-04,1.699779249448123697e-01,2.000000000000000000e+00,8.709595545488156565e-02
-9.055783658597531260e-02,-2.538375351828624227e-02,7.837319527129141695e-04,4.547617937619073637e-05,-1.607638132614385719e-04,1.699779249448123697e-01,2.000000000000000000e+00,9.404816165034445008e-02
4.261189805861531621e-02,-3.140269404671524461e-02,7.927594305102643501e-04,1.768849882512809485e-04,2.358860857139502987e-04,6.799116997792494788e-01,2.000000000000000000e+00,5.293300529489543965e-02
7.543114229050733310e-02,-1.350510777148200905e-02,7.869487055560052098e-04,3.571769024570390673e-05,2.014651078342016475e-04,1.699779249448123697e-01,2.000000000000000000e+00,7.663057590263894214e-02
-2.684418294970621066e-02,-9.204915814073288960e-02,7.834283049149456902e-04,1.579897585213552993e-04,-4.693098474158687071e-05,1.699779249448123697e-01,2.000000000000000000e+00,9.588356309949558343e-02
-8.960555858845409283e-02,9.642795858703522363e-03,7.844018512026243364e-04,-1.966664927310876856e-05,-1.726309815237814466e-04,1.699779249448123697e-01,2.000000000000000000e+00,9.012291407806069521e-02
-9.597550664135014176e-02,2.696775850285612619e-02,7.828166310413038273e-04,-4.219834130974459819e-05,-1.526163632052760530e-04,6.799116997792494788e-01,2.000000000000000000e+00,9.969231602150796512e-02
-6.085561586498354492e-02,5.274654116312171848e-02,7.861685173833320986e-04,-1.273214287404248455e-04,-1.485824471483792718e-04,1.699779249448123697e-01,2.000000000000000000e+00,8.053324522816232567e-02
-5.568349435005868348e-02,6.594934683509472151e-02,7.850798782096190089e-04,-1.383714585220194326e-04,-1.171899460030779484e-04,1.699779249448123697e-01,2.000000000000000000e+00,8.631319650556706913e-02
-5.362219771219343262e-02,4.351163087093954523e-02,7.885833382903121398e-04,-1.451032844459447947e-04,-1.766762696818683764e-04,1.699779249448123697e-01,2.000000000000000000e+00,6.905506577025657955e-02
8.283630656451615448e-02,5.238953437705320265e-02,7.830837184174419202e-04,-8.483415967226689864e-05,1.362916893612111540e-04,6.799116997792494788e-01,2.000000000000000000e+00,9.801284098267400158e-02
6.403336124168299004e-02,3.387100252821215185e-02,7.878322443719376449e-04,-9.865942496219864185e-05,1.915130866587941077e-04,1.699779249448123697e-01,2.000000000000000000e+00,7.243974160758735736e-02
1.672848960497372653e-02,-8.808511781615553649e-02,7.844822365532264172e-04,1.714484739242889619e-04,3.248449708453148482e-05,1.699779249448123697e-01,2.000000000000000000e+00,8.965952456459778952e-02
-7.009494351443000537e-02,2.470324724812474754e-02,7.874291903639792176e-04,-7.057988532693961056e-05,-1.987552582938761458e-04,1.699779249448123697e-01,2.000000000000000000e+00,7.432059964029566479e-02
7.428800337628961581e-02,-3.456782506662633286e-02,7.858973720785577708e-04,8.211262080728729353e-05,1.726726638582763099e-04,1.699779249448123697e-01,2.000000000000000000e+00,8.193681697181369461e-02
-6.768045707149869528e-02,-5.759969395104995449e-02,7.846205524648373116e-04,1.151276426293931240e-04,-1.353110057543762703e-04,1.699779249448123697e-01,2.000000000000000000e+00,8.887276867894686183e-02
7.754625124254241331e-02,1.742369238604861426e-02,7.863754040072783343e-04,-4.283073992262112029e-05,1.929146455834818044e-04,1.699779249448123697e-01,2.000000000000000000e+00,7.947959573459818794e-02
5.294297825544935776e-02,8.062374653453120710e-02,7.833355301376159017e-04,-1.360890222349970104e-04,8.983248770069959832e-05,1.699779249448123697e-01,2.000000000000000000e+00,9.645282500694998817e-02
2.058914190151383064e-02,7.225541256693443493e-02,7.872593140415704233e-04,-2.014365504669532025e-04,5.921409675244383123e-05,1.699779249448123697e-01,2.000000000000000000e+00,7.513160060492907188e-02
8.475526618667127143e-02,-1.302241681491725193e-02,7.851827314073348083e-04,2.736990357127773430e-05,1.818996372443003112e-04,1.699779249448123697e-01,2.000000000000000000e+00,8.574985997699904883e-02
1.390815196270185454e-02,6.981605516450209437e-02,7.881062882283117752e-04,-2.163106379812496918e-04,4.088103739486800158e-05,1.699779249448123697e-01,2.000000000000000000e+00,7.118790803044017235e-02
-7.420816887972422893e-02,-7.370392340366089395e-03,7.873760025576210034e-04,1.970904809961924523e-05,-2.114664804148882885e-04,1.699779249448123697e-01,2.000000000000000000e+00,7.457328618032464662e-02
7.011813308124867361e-02,-2.972916455186628074e-02,7.870450822011899709e-04,8.085706921736850595e-05,1.888379104662841741e-04,1.699779249448123697e-01,2.000000000000000000e+00,7.616019834369945618e-02
5.808029032252715051e-02,-8.380484078685383406e-03,7.911393855581745280e-04,3.735276630510596309e-05,2.623032718376560896e-04,1.699779249448123697e-01,2.000000000000000000e+00,5.868179136105287907e-02
4.832844918896564076e-03,5.625452162211003887e-02,7.917451926537767779e-04,-2.783869682931817339e-04,2.287624990038826783e-05,1.699779249448123697e-01,2.000000000000000000e+00,5.646173565294065888e-02
8.254496753741656645e-02,2.631544713371846908e-02,7.850208203609851864e-04,-5.445809668070784534e-05,1.725228688642218211e-04,1.699779249448123697e-01,2.000000000000000000e+00,8.663818109586954308e-02
4.902958324294600517e-02,7.079889126671350119e-02,7.851154651696705443e-04,-1.496762254872195891e-04,1.027114588857761928e-04,1.699779249448123697e-01,2.000000000000000000e+00,8.611842449541731725e-02
7.968660193779333878e-02,3.349430292129376707e-02,7.850566784552909846e-04,-7.043466459210007222e-05,1.670058498839324809e-04,1.699779249448123697e-01,2.000000000000000000e+00,8.643970648131399370e-02
1.739403513577923374e-02,4.843238463843655556e-02,7.932014123160984701e-04,-2.836653566213229692e-04,1.021036289943975906e-04,6.799116997792494788e-01,2.000000000000000000e+00,5.146113426723305379e-02
-6.392105753471226393e-02,-2.938026078308963313e-02,7.882913844177415544e-04,9.361773477703939222e-05,-2.015089226618751073e-04,1.699779249448123697e-01,2.000000000000000000e+00,7.034984946706247799e-02
5.380424857149314344e-02,-3.299510100152681924e-02,7.899962620657756049e-04,1.278658587118646731e-04,2.130091760008045402e-04,1.699779249448123697e-01,2.000000000000000000e+00,6.311555952729863694e-02
-8.881725571551654652e-02,-2.115728612664289493e-02,7.841972321873186746e-04,4.053858993930423913e-05,-1.660522125561980406e-04,1.699779249448123697e-01,2.000000000000000000e+00,9.130244065237298756e-02
-6.649578038339075403e-02,-6.732784863394078445e-02,7.836348284247678705e-04,1.169578334236880796e-04,-1.161813449066553377e-04,1.699779249448123697e-01,2.000000000000000000e+00,9.462942465465473685e-02
1.964399176160175342e-02,6.296202360841199330e-02,7.893040730237292114e-04,-2.296859081652669271e-04,7.367735277539912261e-05,1.699779249448123697e-01,2.000000000000000000e+00,6.595530933288167030e-02
2.707950078893631846e-02,-8.231384651674282515e-02,7.850180446810090668e-04,1.718083125743605655e-04,5.678390549316582846e-05,1.699779249448123697e-01,2.000000000000000000e+00,8.665372866391785056e-02
-4.349857880587571640e-02,-3.972523968217282764e-02,7.910789803458864646e-04,1.834462090797889147e-04,-1.973041194078573881e-04,1.699779249448123697e-01,2.000000000000000000e+00,5.890858193792360142e-02
4.439927440097891226e-02,-5.091510949295335181e-02,7.889285248083208711e-04,1.754021072833039164e-04,1.531941798369900235e-04,1.699779249448123697e-01,2.000000000000000000e+00,6.755474773850354830e-02
5.644999678302504292e-02,-1.879645139240674473e-02,7.909230554273209528e-04,8.554264901978610408e-05,2.514122420370637425e-04,1.699779249448123697e-01,2.000000000000000000e+00,5.949713204643268527e-02
-3.925053468671117068e-02,5.554998898561101101e-02,7.888208191241502087e-04,-1.853421708852635017e-04,-1.331479721462260318e-04,1.699779249448123697e-01,2.000000000000000000e+00,6.801768703428706653e-02
7.324539063586474330e-02,4.685762324018539343e-02,7.849645839992465055e-04,-9.569569661270390650e-05,1.526451073427292958e-04,1.699779249448123697e-01,2.000000000000000000e+00,8.695127431567398202e-02
1.455121642052134047e-02,9.547624797337055103e-02,7.833146719271480516e-04,-1.614509882351386266e-04,2.456729584328920806e-05,1.699779249448123697e-01,2.000000000000000000e+00,9.657873382059528611e-02
-5.862121529495919331e-02,2.413443964075896730e-02,7.899262770997097539e-04,-9.520723598315445669e-05,-2.295735278070423812e-04,1.699779249448123697e-01,2.000000000000000000e+00,6.339493717507255210e-02
7.635691256114572611e-02,-2.711484217656341678e-02,7.860717596092352700e-04,6.530320315804098957e-05,1.808188259512803948e-04,1.699779249448123697e-01,2.000000000000000000e+00,8.102834542387248040e-02
-6.357324780204201553e-02,6.098258294977266375e-02,7.847591137764513671e-04,-1.231173243549923079e-04,-1.279639199770172360e-04,1.699779249448123697e-01,2.000000000000000000e+00,8.809332130942586214e-02
1.278333161552605395e-02,-9.738328884592692414e-02,7.830504756802222953e-04,1.590185502094629527e-04,2.141819370203473555e-05,6.799116997792494788e-01,2.000000000000000000e+00,9.821872791704107375e-02
-8.141004580097127574e-02,-2.116265730804055278e-02,7.854852130753319471e-04,4.806139680862342786e-05,-1.801238024510398033e-04,1.699779249448123697e-01,2.000000000000000000e+00,8.411571566392217481e-02
2.722048859271747681e-02,6.059989260286764712e-02,7.891918541687210648e-04,-2.149541955006314736e-04,9.751160589854644548e-05,1.699779249448123697e-01,2.000000000000000000e+00,6.643268760712120469e-02
-3.645973777530739368e-02,7.656222108984526986e-02,7.853576800790086068e-04,-1.688230839634811801e-04,-7.915942467286273129e-05,1.699779249448123697e-01,2.000000000000000000e+00,8.480027226875232194e-02
-4.001605258564949058e-02,-5.746650544489074336e-02,7.883643385567859615e-04,1.841800346638561379e-04,-1.289672724679702105e-04,1.699779249448123697e-01,2.000000000000000000e+00,7.002630728936891369e-02
-4.617762085609785488e-02,-8.768460675773305513e-02,7.829099923228376515e-04,1.396749241955837825e-04,-7.294481450424681614e-05,6.799116997792494788e-01,2.000000000000000000e+00,9.910077159229291333e-02
-6.800294460661808482e-02,2.954945919228490689e-02,7.874662004291744632e-04,-8.384478677545432199e-05,-1.947245831747899947e-04,1.699779249448123697e-01,2.000000000000000000e+00,7.414560684037375948e-02
1.169311267303589814e-02,8.662551022489446695e-02,7.848810977093322386e-04,-1.789835018762546567e-04,2.497656946646225284e-05,1.699779249448123697e-01,2.000000000000000000e+00,8.741114291500602651e-02
-9.080741085260661191e-03,-5.090920357796954732e-02,7.931261666155485154e-04,2.992668333242461056e-04,-5.563017772391523640e-05,6.799116997792494788e-01,2.000000000000000000e+00,5.171273409519833164e-02
3.618860252546660800e-02,6.473674299240315955e-02,7.874625827872941755e-04,-1.847167215626260264e-04,1.041006390776417817e-04,1.699779249448123697e-01,2.000000000000000000e+00,7.416509182904493236e-02
8.776336646771334959e-02,-3.689035925784252962e-02,7.835404681624726520e-04,6.344972788275200532e-05,1.526189951338817463e-04,1.699779249448123697e-01,2.000000000000000000e+00,9.520140282537248311e-02
3.199535726958861043e-02,7.780104720658152784e-02,7.854837954506077406e-04,-1.728304006746345675e-04,7.016186165842727511e-05,1.699779249448123697e-01,2.000000000000000000e+00,8.412315872130185501e-02
5.964337502535099061e-02,4.766801300196141233e-02,7.870059150525215118e-04,-1.278864547028327745e-04,1.624112096632227649e-04,1.699779249448123697e-01,2.000000000000000000e+00,7.635163159991949222e-02
-9.755742869090479330e-02,1.441996181331263883e-03,7.831545526982661588e-04,-2.553866271890226926e-06,-1.620051526466788577e-04,6.799116997792494788e-01,2.000000000000000000e+00,9.756808518039056244e-02
-9.365468047362197901e-02,-1.156216443785460998e-02,7.836791096369458056e-04,1.938341725062467017e-05,-1.664875729121935910e-04,1.699779249448123697e-01,2.000000000000000000e+00,9.436568667213851569e-02
-7.002571170259205835e-02,-3.607943211512304807e-03,7.883438118052782167e-04,1.018872555750889805e-05,-2.248263413807431645e-04,1.699779249448123697e-01,2.000000000000000000e+00,7.011859634698940080e-02
-7.480248710232528797e-02,3.144361522815893734e-02,7.860498703461906616e-04,-7.549910904184285992e-05,-1.787291969352287609e-04,1.699779249448123697e-01,2.000000000000000000e+00,8.114254750320604170e-02
7.853108652705041715e-02,-2.559368979727920553e-03,7.865555450012497304e-04,6.838959686338283527e-06,2.007968419935459510e-04,1.699779249448123697e-01,2.000000000000000000e+00,7.857278104212343794e-02
-8.478114421837291970e-02,7.326413575885691934e-03,7.853027497013673761e-04,-1.682109760085215787e-05,-1.849006167009590662e-04,1.699779249448123697e-01,2.000000000000000000e+00,8.509711364588971871e-02
-7.007377367561215542e-02,9.772448262833167976e-03,7.882022973025338284e-04,-3.046138527490235945e-05,-2.193507213863468903e-04,1.699779249448123697e-01,2.000000000000000000e+00,7.075192225085243092e-02
-5.802188482140384351e-02,3.106442318015754933e-02,7.893379176538022112e-04,-1.130753766332887224e-04,-2.110537239015253664e-04,1.699779249448123697e-01,2.000000000000000000e+00,6.581441715721687846e-02
8.827285578714423597e-02,3.940738123243612417e-02,7.833000883828036918e-04,-6.689382290463074718e-05,1.483434704512653186e-04,1.699779249448123697e-01,2.000000000000000000e+00,9.666974068661052244e-02
-8.100639579920648758e-02,-5.354458502837704248e-02,7.832298611617587430e-04,8.818190036365693661e-05,-1.350742356716721473e-04,6.799116997792494788e-01,2.000000000000000000e+00,9.710334055138782061e-02
1.296300585249701362e-02,9.304236735209918396e-02,7.837497758394255075e-04,-1.658031959521750164e-04,2.362048762656235963e-05,1.699779249448123697e-01,2.000000000000000000e+00,9.394105408826773640e-02
-6.436014574379675390e-02,-7.546061801079720355e-02,7.828975827181919051e-04,1.203199993402974556e-04,-1.022602082154253702e-04,6.799116997792494788e-01,2.000000000000000000e+00,9.917929839807403114e-02
8.538197689275051072e-02,2.823746563049668243e-02,7.844353339891481803e-04,-5.393589956780356614e-05,1.664859923594253898e-04,1.699779249448123697e-01,2.000000000000000000e+00,8.993017537705386144e-02
9.012706252077043456e-02,-1.058852282389463779e-02,7.842932803477674960e-04,2.081366083992342115e-05,1.722331260951137232e-04,1.699779249448123697e-01,2.000000000000000000e+00,9.074692399313048774e-02
-8.894725478128182039e-02,1.754455917353149944e-02,7.843077131317035752e-04,-3.336383947972227385e-05,-1.712219006642982347e-04,1.699779249448123697e-01,2.000000000000000000e+00,9.066104835992030986e-02
6.226052810905936125e-02,-4.720364256758506627e-02,7.866437612521859184e-04,1.215603255896841419e-04,1.592576661992131421e-04,1.699779249448123697e-01,2.000000000000000000e+00,7.813166600084309188e-02
-7.605800201976893604e-02,1.177165186445233887e-02,7.868798342083993926e-04,-3.104798552469528814e-05,-1.996180067384976844e-04,1.699779249448123697e-01,2.000000000000000000e+00,7.696357228492606284e-02
6.093123372239868385e-02,2.427100797626562806e-02,7.893927136853079885e-04,-8.732046600921083165e-05,2.242186209140544797e-04,1.699779249448123697e-01,2.000000000000000000e+00,6.558732401247610588e-02
3.754285876840787739e-02,-7.698491873860789647e-02,7.852002274044663551e-04,1.633787474988450958e-04,7.935645890881861027e-05,1.699779249448123697e-01,2.000000000000000000e+00,8.565129279640022741e-02
-4.079557641653977496e-02,-5.482355301884193205e-02,7.887470854616960040e-04,1.826997662662673504e-04,-1.351811548752349297e-04,1.699779249448123697e-01,2.000000000000000000e+00,6.833667405403563710e-02
1.319807944385803337e-02,-6.526387800124407168e-02,7.891556505106177462e-04,2.320803841080273542e-04,4.527489345415703330e-05,1.699779249448123697e-01,2.000000000000000000e+00,6.658500636605554912e-02
-7.472026371361489838e-02,3.621591495859596832e-02,7.856879096434542849e-04,-8.222169734104425452e-05,-1.706209690052007215e-04,1.699779249448123697e-01,2.000000000000000000e+00,8.303439230656421699e-02
-4.833508001319132552e-02,-5.690859295226177034e-02,7.873568082679644007e-04,1.583044995277492777e-04,-1.363254509843826441e-04,1.699779249448123697e-01,2.000000000000000000e+00,7.466503808133914677e-02
3.983444318476989793e-02,-5.054346349548160394e-02,7.896913845763248044e-04,1.896540237080227248e-04,1.519640701118547550e-04,1.699779249448123697e-01,2.000000000000000000e+00,6.435390093816957535e-02
-6.310310024537099660e-02,-6.810593854480601061e-02,7.839338962253139097e-04,1.237854908480534545e-04,-1.145479283227088512e-04,1.699779249448123697e-01,2.000000000000000000e+00,9.284621761626174474e-02
-5.449546823796950351e-02,7.735966866676897979e-02,7.836356588008983569e-04,-1.351941987453999865e-04,-9.553724244377727022e-05,1.699779249448123697e-01,2.000000000000000000e+00,9.462702782349143027e-02
-3.201968288909752547e-02,-5.227318916294464157e-02,7.904540785669489584e-04,2.169853602655325453e-04,-1.300881194158253645e-04,1.699779249448123697e-01,2.000000000000000000e+00,6.130046001118880789e-02
-2.383959885946314305e-02,-4.458672753432217639e-02,7.934799397853573195e-04,2.745671291690749880e-04,-1.474029738152247569e-04,6.799116997792494788e-01,2.000000000000000000e+00,5.055989266206960264e-02
6.869719870235693748e-02,-1.736863997033709014e-02,7.881783106313522934e-04,5.363979153903251256e-05,2.139698366195829889e-04,1.699779249448123697e-01,2.000000000000000000e+00,7.085883687988607516e-02
-6.342657129841251795e-02,6.677126119022346040e-02,7.840613262840869478e-04,-1.253745661583237098e-04,-1.178266393256549501e-04,1.699779249448123697e-01,2.000000000000000000e+00,9.209414350329583887e-02
-8.357625170289377514e-02,4.253015574920906289e-02,7.837774492324952116e-04,-7.666051302515870596e-05,-1.493409590996568482e-04,1.699779249448123697e-01,2.000000000000000000e+00,9.377528457305493725e-02
2.263047738796910083e-02,-5.500299554626992410e-02,7.909289510922504077e-04,2.449026503047566799e-04,1.025072506746716665e-04,1.699779249448123697e-01,2.000000000000000000e+00,5.947661747166166357e-02
-9.108586107330880755e-02,-3.299268313849406265e-03,7.842242083327731570e-04,6.574490618346533847e-06,-1.732043625688077038e-04,1.699779249448123697e-01,2.000000000000000000e+00,9.114559374359730570e-02
-4.890040969545140365e-03,-5.782619435979590578e-02,7.913154740308120079e-04,2.703987249730830668e-04,-2.639828582027498667e-05,1.699779249448123697e-01,2.000000000000000000e+00,5.803258786940938829e-02
-7.131013306666426910e-02,1.844815297498926185e-02,7.875702047959350083e-04,-5.223458916521811946e-05,-2.063714500763603294e-04,1.699779249448123697e-01,2.000000000000000000e+00,7.365778591685993859e-02
2.149938550352835723e-02,9.760813380840781261e-02,7.827761349093660150e-04,-1.547047064549689612e-04,3.361490136339547607e-05,6.799116997792494788e-01,2.000000000000000000e+00,9.994784321129381033e-02
-1.892342468893729816e-03,-6.277619145991771010e-02,7.900732027760182762e-04,2.497848157313111860e-04,-6.714048556453593728e-06,1.699779249448123697e-01,2.000000000000000000e+00,6.280470662483683686e-02
4.106289287589388187e-02,4.436852147632443233e-02,7.906732062087163185e-04,-1.886523623222915633e-04,1.779075568410827546e-04,1.699779249448123697e-01,2.000000000000000000e+00,6.045433705973624061e-02
2.390727878300364512e-02,7.141039500865890843e-02,7.872223419565257778e-04,-1.967851089775249959e-04,6.532182491501923455e-05,1.699779249448123697e-01,2.000000000000000000e+00,7.530605881402208102e-02
-5.909150296294140431e-02,-6.046245299650560012e-02,7.854056853674623064e-04,1.320423180548713877e-04,-1.308868981135058267e-04,1.699779249448123697e-01,2.000000000000000000e+00,8.454297099566564222e-02
-1.671631847871148753e-03,-9.743696174996725745e-02,7.831736980173490716e-04,1.622301621102659088e-04,-1.582795298025243278e-06,6.799116997792494788e-01,2.000000000000000000e+00,9.745129998157746332e-02
7.832567956615946181e-02,-6.100202055667556383e-02,7.828820215080445214e-04,9.669119499033644485e-05,1.245805945236014951e-04,6.799116997792494788e-01,2.000000000000000000e+00,9.927818789390627230e-02
-7.775693440869516429e-03,5.442282026823930252e-02,7.921645084382713435e-04,-2.850982821751323407e-04,-3.803141383730484029e-05,1.699779249448123697e-01,2.000000000000000000e+00,5.497549248924887833e-02
4.563847487900252881e-02,3.810657411560301744e-02,7.909341627702209943e-04,-1.642083493867273376e-04,2.025441423774475367e-04,1.699779249448123697e-01,2.000000000000000000e+00,5.945570939875573224e-02
8.833874629423821290e-02,-2.503598824456840233e-02,7.841087523267886977e-04,4.680656478240573768e-05,1.639137012249292384e-04,1.699779249448123697e-01,2.000000000000000000e+00,9.181794380304948711e-02
3.803162431255013159e-02,5.552780109261035851e-02,7.889863510831124360e-04,-1.944720886074938237e-04,1.334883983258728485e-04,1.699779249448123697e-01,2.000000000000000000e+00,6.730335164040089635e-02
3.086654042825203240e-02,9.046338833079815844e-02,7.834775226961403650e-04,-1.560172620671124979e-04,5.406342135286678252e-05,1.699779249448123697e-01,2.000000000000000000e+00,9.558434990257402841e-02
-2.220134065716438537e-02,8.356434587934434555e-02,7.850524367182189385e-04,-1.764751068037707362e-04,-4.638081414118990246e-05,1.699779249448123697e-01,2.000000000000000000e+00,8.646328370596477464e-02
-5.680016345860192106e-02,-1.061025206727825299e-02,7.913826737383283447e-04,4.907392356351996852e-05,-2.682856818641064615e-04,1.699779249448123697e-01,2.000000000000000000e+00,5.778266191389143380e-02
6.929089877605876246e-02,-6.279124926083277936e-02,7.838224395602617694e-04,1.132767852119443927e-04,1.232850006734306271e-04,1.699779249448123697e-01,2.000000000000000000e+00,9.350919546723762688e-02
4.093872180721134374e-03,-6.169208264136077230e-02,7.903197880607412771e-04,2.550410818819642757e-04,1.448255165168924182e-05,1.699779249448123697e-01,2.000000000000000000e+00,6.182776762960611600e-02
-1.957996153019968613e-02,-7.275191108536809004e-02,7.872148371431710295e-04,1.998835280939571378e-04,-5.363018063629502487e-05,1.699779249448123697e-01,2.000000000000000000e+00,7.534066272669363851e-02
3.691541644512659481e-02,7.265424277272355957e-02,7.859814623841492476e-04,-1.738411536227332864e-04,8.776940273602927859e-05,1.699779249448123697e-01,2.000000000000000000e+00,8.149470512981181469e-02
-4.952328863364906936e-02,6.167000892662797412e-02,7.864519210484601256e-04,-1.546155213906987458e-04,-1.233708409680747795e-04,1.699779249448123697e-01,2.000000000000000000e+00,7.909327479692625229e-02
-8.663897352790983497e-02,1.182836138878794706e-02,7.848754650346421785e-04,-2.390176824353764707e-05,-1.768404831027307195e-04,1.699779249448123697e-01,2.000000000000000000e+00,8.744267760718235638e-02
5.166516290184368365e-02,6.874490129344409950e-02,7.851378900981207396e-04,-1.463201764448892391e-04,1.105983928385538556e-04,1.699779249448123697e-01,2.000000000000000000e+00,8.599506097165939000e-02
-1.462436185046102170e-02,9.862273106098408404e-02,7.828151103145301534e-04,-1.566587007630723292e-04,-2.305156582822235695e-05,6.799116997792494788e-01,2.000000000000000000e+00,9.970112858669361033e-02
-3.582894939071639556e-02,9.333783104796734842e-02,7.827713748603364876e-04,-1.474795465160329787e-04,-5.743239962197766856e-05,6.799116997792494788e-01,2.000000000000000000e+00,9.997831924563151118e-02
5.563796904396459825e-02,5.725261496586985660e-02,7.863054888776601975e-04,-1.409031100660637149e-04,1.379341949768535486e-04,1.699779249448123697e-01,2.000000000000000000e+00,7.983386198704975345e-02
-5.389093733830008920e-02,-1.760000071039468511e-02,7.916815175752429977e-04,8.618275682923880155e-05,-2.625388759820617215e-04,1.699779249448123697e-01,2.000000000000000000e+00,5.669209073765475726e-02
-2.487424501519084133e-02,-8.567436417732927911e-02,7.845609161412118397e-04,1.698357631259062332e-04,-4.907858785106389483e-05,1.699779249448123697e-01,2.000000000000000000e+00,8.921224547261093207e-02
8.970551978379179281e-02,4.216515512771367574e-02,7.829069866584579401e-04,-6.633331259867855385e-05,1.430551223473431992e-04,6.799116997792494788e-01,2.000000000000000000e+00,9.912104008042096903e-02
-6.941912480901918370e-02,8.272425156353509917e-03,7.883893812309517718e-04,-2.575336654143834067e-05,-2.259371327597125678e-04,1.699779249448123697e-01,2.000000000000000000e+00,6.991028470273635831e-02
1.551696911813045532e-02,-7.561937789461634085e-02,7.868332894495244818e-04,1.993105974721202955e-04,4.034364893727594156e-05,1.699779249448123697e-01,2.000000000000000000e+00,7.719499105370636327e-02
-9.522113142461093938e-04,-7.539840999470043270e-02,7.872020013431719684e-04,2.097505491416054276e-04,-4.675771316801517535e-06,1.699779249448123697e-01,2.000000000000000000e+00,7.540442252358889319e-02
2.135670498306056764e-02,-4.929031153729387937e-02,7.925277025781004171e-04,2.659824121569368915e-04,1.164185037743719318e-04,1.699779249448123697e-01,2.000000000000000000e+00,5.371818741522250973e-02
-8.229241345838902988e-02,2.774782732700691382e-02,7.849838355007622732e-04,-5.652236186427878821e-05,-1.725502390990484415e-04,1.699779249448123697e-01,2.000000000000000000e+00,8.684459242909624288e-02
3.078260642005319070e-02,-6.482641325109395058e-02,7.879791902649885098e-04,1.963496695607951678e-04,9.384193346935453277e-05,1.699779249448123697e-01,2.000000000000000000e+00,7.176372839403975801e-02
5.323866657447140147e-03,9.152942425007376537e-02,7.841316007701421616e-04,-1.712879383657828377e-04,1.032588471140336028e-05,1.699779249448123697e-01,2.000000000000000000e+00,9.168412654181894161e-02
-5.996064856999090698e-02,7.173298535318980984e-02,7.838249856581336935e-04,-1.290632715814822725e-04,-1.085101491285040770e-04,1.699779249448123697e-01,2.000000000000000000e+00,9.349278348950199047e-02
4.153836230306897498e-02,8.326941429278111872e-02,7.838984176899088056e-04,-1.520087449682010856e-04,7.624795951970212695e-05,1.699779249448123697e-01,2.000000000000000000e+00,9.305498857924728029e-02
-7.344020028232914332e-02,1.521617454521617327e-02,7.872860090340398978e-04,-4.116646172995389128e-05,-2.033649798726103923e-04,1.699779249448123697e-01,2.000000000000000000e+00,7.499996656865323685e-02
-5.457336942044448136e-02,4.396976196099364187e-02,7.883515023977921655e-04,-1.413998480228189920e-04,-1.734857534001836262e-04,1.699779249448123697e-01,2.000000000000000000e+00,7.008275548811382372e-02
5.132927678980619794e-03,8.994336496343278975e-02,7.844072633085747998e-04,-1.741231945577950452e-04,1.070831154972023286e-05,1.699779249448123697e-01,2.000000000000000000e+00,9.008970999788440404e-02
1.032141720819618929e-03,-9.224616760217503597e-02,7.840348619942208701e-04,1.704413813703029219e-04,2.892949909028164231e-06,1.699779249448123697e-01,2.000000000000000000e+00,9.225194173468884151e-02
-3.070838887007383208e-02,7.239769126802023114e-02,7.865416011612431577e-04,-1.851067000848259799e-04,-7.879456618259796184e-05,1.699779249448123697e-01,2.000000000000000000e+00,7.864115238178576162e-02
-1.369463719434675653e-02,9.492201830259135165e-02,7.834247744663735318e-04,-1.615535855425794464e-04,-2.387219874058734619e-05,1.699779249448123697e-01,2.000000000000000000e+00,9.590481034089100298e-02
4.071004721059520021e-02,4.384070342387651892e-02,7.908355542414419528e-04,-1.886523623222915633e-04,1.779075568410827546e-04,1.699779249448123697e-01,2.000000000000000000e+00,5.982737852011558999e-02
-8.839866707207351404e-02,3.575879622306808031e-02,7.835151456682377079e-04,-6.284001711611912459e-05,-1.513767319936506388e-04,1.699779249448123697e-01,2.000000000000000000e+00,9.535730620902732602e-02
-1.853941254147587273e-02,5.363771462232593684e-02,7.916654583895226189e-04,-2.625986980229487499e-04,-9.271878221909845641e-05,1.699779249448123697e-01,2.000000000000000000e+00,5.675133696477212275e-02
-4.116354847506006887e-02,4.423803445397393730e-02,7.906795912131160849e-04,-1.891814989059869341e-04,-1.766793549241882453e-04,1.699779249448123697e-01,2.000000000000000000e+00,6.042715792927551982e-02
7.086241712843374674e-03,8.033420988558898079e-02,7.861461958524550674e-04,-1.946849402138304652e-04,1.688718588538449389e-05,1.699779249448123697e-01,2.000000000000000000e+00,8.064614125644639642e-02
4.527044780331597115e-03,-5.464333872451870855e-02,7.922056907184858070e-04,2.851782077516530384e-04,2.446926344612003414e-05,1.699779249448123697e-01,2.000000000000000000e+00,5.483054442010960872e-02
4.869374162316342930e-02,-2.291228463592029710e-02,7.925001552326509709e-04,1.216755301930665367e-04,2.670229339665373611e-04,1.699779249448123697e-01,2.000000000000000000e+00,5.381499103875079376e-02
-5.003466600385859248e-02,6.502146761719003508e-04,7.936408625750716699e-04,-4.611258469260174023e-06,-3.090906367825982598e-04,6.799116997792494788e-01,2.000000000000000000e+00,5.003889068757211983e-02
-4.731760496924216491e-02,-5.944257066851772742e-02,7.870837251353011424e-04,1.607492173897044521e-04,-1.294575046953226746e-04,1.699779249448123697e-01,2.000000000000000000e+00,7.597614722863337000e-02
6.121113514300069447e-02,-6.754906397720868150e-02,7.842221281861392213e-04,1.273129946888070191e-04,1.146168999280849888e-04,1.699779249448123697e-01,2.000000000000000000e+00,9.115744132922844190e-02
5.254653472630840122e-02,-3.864134524480187225e-04,7.928729120946016902e-04,3.978676712376966011e-06,3.034935859709929221e-04,6.799116997792494788e-01,2.000000000000000000e+00,5.254795549875720256e-02
-6.501897662867632544e-02,-5.625357523441116420e-02,7.851411174354789267e-04,1.174907168484859682e-04,-1.379551308686422200e-04,1.699779249448123697e-01,2.000000000000000000e+00,8.597634586613876750e-02
7.167663850387401281e-02,-5.946355500141548706e-02,7.838856929545366409e-04,1.075995865862543666e-04,1.305943546655449154e-04,1.699779249448123697e-01,2.000000000000000000e+00,9.313138504618836966e-02
5.148395927248836795e-02,-3.330778140259108705e-02,7.904499811721462776e-04,1.372845567223022600e-04,2.174708579571303787e-04,1.699779249448123697e-01,2.000000000000000000e+00,6.131889076242356268e-02
1.545394353150586486e-02,-5.798839229091939940e-02,7.907876098316493066e-04,2.539859876247660690e-04,6.743170443446452130e-05,1.699779249448123697e-01,2.000000000000000000e+00,6.001231549574247842e-02
-9.179917337514219289e-02,2.299824058041410879e-02,7.836338267409651264e-04,-4.111923094969966916e-05,-1.593147736558880509e-04,1.699779249448123697e-01,2.000000000000000000e+00,9.463618389471345482e-02
8.128410008757026850e-02,4.545689878972795916e-02,7.838860373398041231e-04,-8.127209452446120593e-05,1.478235036648690320e-04,1.699779249448123697e-01,2.000000000000000000e+00,9.313127602811910322e-02
8.048450240313870241e-02,8.019234371220396521e-03,7.861005383032975248e-04,-1.939406493265203644e-05,1.931046765911273487e-04,1.699779249448123697e-01,2.000000000000000000e+00,8.088302199461518127e-02
-9.202077430239929967e-02,1.327313796702740863e-02,7.839124583732296706e-04,-2.384721052509198533e-05,-1.665057865867058777e-04,1.699779249448123697e-01,2.000000000000000000e+00,9.297310952476987855e-02
-5.649419662184283764e-02,2.018992009957448330e-03,7.917258972678863603e-04,-1.050220624865079639e-05,-2.743143943144802678e-04,1.699779249448123697e-01,2.000000000000000000e+00,5.653026252091627318e-02
-6.171637142608687315e-02,4.061650997486056236e-02,7.875217919059856759e-04,-1.163357126611569382e-04,-1.768094868074600865e-04,1.699779249448123697e-01,2.000000000000000000e+00,7.388241593600373969e-02
-8.153341961096415014e-02,-3.722610854414203085e-02,7.844876881378826669e-04,7.213780679242905180e-05,-1.603365245786212822e-04,1.699779249448123697e-01,2.000000000000000000e+00,8.962969190395445040e-02
-6.302165804514543723e-02,-2.142802632466375701e-02,7.891601552321996123e-04,7.645328389367666861e-05,-2.230601194553045302e-04,1.699779249448123697e-01,2.000000000000000000e+00,6.656492841526781556e-02
4.671847850246810263e-02,-7.720006881257343578e-02,7.843818141094090202e-04,1.502457391192547551e-04,9.014223360649262164e-05,1.699779249448123697e-01,2.000000000000000000e+00,9.023561856745732079e-02
6.149103529678427715e-02,5.000192107370211858e-02,7.864193516232227329e-04,-1.231946260606626487e-04,1.532413938515083784e-04,1.699779249448123697e-01,2.000000000000000000e+00,7.925490226434643570e-02
1.400313821239702709e-02,8.905564007863991938e-02,7.843969660780265255e-04,-1.717411799978956247e-04,2.803857697596060520e-05,1.699779249448123697e-01,2.000000000000000000e+00,9.014984697497689659e-02
2.065078057171465531e-02,-7.455630453361315746e-02,7.867989749454049097e-04,1.964986279680733217e-04,5.450081932274172857e-05,1.699779249448123697e-01,2.000000000000000000e+00,7.736341049830967875e-02
4.182539538482216851e-02,-5.924456812710283959e-02,7.878142105920746653e-04,1.777728588219177209e-04,1.277488941596125740e-04,1.699779249448123697e-01,2.000000000000000000e+00,7.252091113371117448e-02
6.433924269424151632e-02,-2.093077428389248165e-03,7.896860643589243868e-04,1.059450276489644739e-05,2.405819986344837199e-04,1.699779249448123697e-01,2.000000000000000000e+00,6.437327957770788700e-02
4.447614437050458058e-02,-4.565870828983937396e-02,7.898411882540127497e-04,1.723120926005762272e-04,1.719133406111578144e-04,1.699779249448123697e-01,2.000000000000000000e+00,6.374045074175906100e-02
6.946439847888655206e-02,-5.754023308305186712e-02,7.843878208553124298e-04,1.119360153150587714e-04,1.342329455143404318e-04,1.699779249448123697e-01,2.000000000000000000e+00,9.020078203256040594e-02
-2.291047864035133247e-02,5.354379122479757669e-02,7.912586825773427167e-04,-2.463874087808944806e-04,-1.049441082313989579e-04,1.699779249448123697e-01,2.000000000000000000e+00,5.823939912340016928e-02
-4.571062167999663528e-02,3.248702343183060282e-02,7.918535053561999437e-04,-1.584164333658889194e-04,-2.297825954156420734e-04,1.699779249448123697e-01,2.000000000000000000e+00,5.607911933894904610e-02
-7.010060108277377765e-03,6.142511127335720938e-02,7.903204322176779440e-04,-2.522535750821755908e-04,-2.936471440654196577e-05,1.699779249448123697e-01,2.000000000000000000e+00,6.182382419153620301e-02
-4.849439653032248942e-02,-3.825431140491567655e-02,7.903352249023907388e-04,1.598270188425777799e-04,-1.995546140574857750e-04,1.699779249448123697e-01,2.000000000000000000e+00,6.176648634902600493e-02
8.633085829787227883e-02,-3.493265058085984198e-02,7.838861557653711105e-04,6.227153281277164620e-05,1.571048612802111917e-04,1.699779249448123697e-01,2.000000000000000000e+00,9.313059202566979777e-02
-4.150438659331599778e-02,6.136925589877365722e-02,7.874790953691678582e-04,-1.758742518862564717e-04,-1.193080294789631516e-04,1.699779249448123697e-01,2.000000000000000000e+00,7.408643381926675875e-02
-9.331642374056173250e-02,-3.492790418097752730e-02,7.828249402850205249e-04,5.576048124035792874e-05,-1.482985315050004888e-04,6.799116997792494788e-01,2.000000000000000000e+00,9.963891523999858502e-02
-1.703905305760666788e-02,5.691006153862125660e-02,7.909478028228197942e-04,-2.516938396476895833e-04,-7.778757361361777871e-05,1.699779249448123697e-01,2.000000000000000000e+00,5.940609761152127605e-02
4.154107269214123155e-02,7.533848931514730562e-02,7.851311731171619918e-04,-1.603327029675749474e-04,8.850170528714513174e-05,1.699779249448123697e-01,2.000000000000000000e+00,8.603225379299514475e-02
2.585868832374509790e-02,7.208883091148579614e-02,7.869579955436282418e-04,-1.930294597016821276e-04,7.032818337321729448e-05,1.699779249448123697e-01,2.000000000000000000e+00,7.658636500062776520e-02
6.896533029248230751e-02,2.628059251380905625e-02,7.875393556496066306e-04,-7.407999230342747661e-05,2.017575235148236679e-04,1.699779249448123697e-01,2.000000000000000000e+00,7.380302382171108344e-02
9.040955894386432101e-02,-2.982018015508194550e-02,7.835407820957439578e-04,5.079347655659595634e-05,1.579978930331219780e-04,1.699779249448123697e-01,2.000000000000000000e+00,9.520048052875373923e-02
-8.119842912864565221e-02,5.677836252264861078e-02,7.829133946504805795e-04,-8.972218014782000722e-05,-1.298067831770992331e-04,6.799116997792494788e-01,2.000000000000000000e+00,9.908061033175460941e-02
4.796340769746403054e-02,-8.213375501493395958e-02,7.835552212746674412e-04,1.432596902028658266e-04,8.335026112163262393e-05,1.699779249448123697e-01,2.000000000000000000e+00,9.511278668405390158e-02
-2.625807234837284829e-02,-5.703304944776419610e-02,7.900770988259774898e-04,2.247457012141265492e-04,-1.031756223580320266e-04,1.699779249448123697e-01,2.000000000000000000e+00,6.278738004379143256e-02
2.300661202808752456e-02,6.022192467910722491e-02,7.896634967304501937e-04,-2.269675711874397236e-04,8.525836194367460564e-05,1.699779249448123697e-01,2.000000000000000000e+00,6.446692492330470536e-02
3.888485282903074436e-02,7.686691299692993695e-02,7.851110309531157336e-04,-1.631262799578088170e-04,8.288925682525045047e-05,1.699779249448123697e-01,2.000000000000000000e+00,8.614263806741105645e-02
2.594322431017125757e-02,-6.320661337770420996e-02,7.887506938807481698e-04,2.116418914583266607e-04,8.608725400443360668e-05,1.699779249448123697e-01,2.000000000000000000e+00,6.832369180808688103e-02
-8.261378875515373518e-03,8.911895477354712936e-02,7.845102686874135542e-04,-1.734453574534807591e-04,-1.437990258983988328e-05,1.699779249448123697e-01,2.000000000000000000e+00,8.950105295947276274e-02
-7.599120193728185757e-02,-7.110877206159341157e-02,1.559108160246608918e-04,1.031208162631645775e-01,-1.091417406333501927e-01,2.039735099337748547e+00,3.000000000000000000e+00,1.040726680544916127e-01
-6.077536930639579338e-02,8.413427698888636952e-02,1.984380360387484556e-04,-1.231630922269709716e-01,-8.940787275620501462e-02,2.039735099337748547e+00,3.000000000000000000e+00,1.037893158218679557e-01
-8.264515452303242138e-02,-5.836062188505462822e-02,5.995232306579233433e-04,8.981529501813163840e-02,-1.271954140396190924e-01,2.039735099337748547e+00,3.000000000000000000e+00,1.011740270669613251e-01
-8.744597990002526966e-02,5.679613793003314426e-02,1.259700183105731523e-04,-8.245134106356832859e-02,-1.263048961500725653e-01,2.039735099337748547e+00,3.000000000000000000e+00,1.042717636009048016e-01
-7.369188640193485851e-02,7.078611729924826068e-02,4.436655855178317986e-04,-1.069471992602858967e-01,-1.115149492044453794e-01,2.039735099337748547e+00,3.000000000000000000e+00,1.021820362088102230e-01
9.138190448152126721e-02,-4.292708175140733801e-02,6.324153223345966180e-04,6.586050874157980961e-02,1.418684041926039086e-01,2.039735099337748547e+00,3.000000000000000000e+00,1.009623039275644035e-01
-1.569833645208065093e-02,1.027284023585425393e-01,1.786191450795453879e-04,-1.483450416130773220e-01,-2.326469175641562859e-02,2.039735099337748547e+00,3.000000000000000000e+00,1.039209431178399756e-01
2.668081405757209007e-02,-9.808328817408386302e-02,5.261318753996493567e-04,1.483161953216445561e-01,4.043482389564483775e-02,2.039735099337748547e+00,3.000000000000000000e+00,1.016474163853421098e-01
-8.576534428459200998e-02,-5.265717152640239651e-02,6.826758322775228248e-04,8.143193395291110914e-02,-1.335761244099386014e-01,2.039735099337748547e+00,3.000000000000000000e+00,1.006403099827080372e-01
-4.154653517360300946e-02,-9.109191932888439924e-02,7.638495504579137724e-04,1.414792678399730830e-01,-6.507817164616092054e-02,2.039735099337748547e+00,3.000000000000000000e+00,1.001191907276093446e-01
2.821813127153799915e-03,1.044114835502170519e-01,9.913171311288542984e-05,-1.500892410092282692e-01,4.193202995049605253e-03,2.039735099337748547e+00,3.000000000000000000e+00,1.044496075937187130e-01
-7.655934265803170102e-02,-6.533739843828029192e-02,6.812197576276789613e-04,1.008905853048687046e-01,-1.186221382982742822e-01,2.039735099337748547e+00,3.000000000000000000e+00,1.006494340913673680e-01
-1.034270397058971031e-01,1.801342136333104055e-02,1.879110056646327885e-05,-2.677021782101571268e-02,-1.483772230896187871e-01,2.039735099337748547e+00,3.000000000000000000e+00,1.049839792136787187e-01
-5.068146860239230306e-02,9.126748269216242160e-02,1.072811614502208462e-04,-1.318313863644984540e-01,-7.321212390890964594e-02,2.039735099337748547e+00,3.000000000000000000e+00,1.043952329211417784e-01
6.934527851856270297e-02,7.470718148222320332e-02,4.825222324593949805e-04,-1.129687013141222746e-01,1.043869224649557753e-01,2.039735099337748547e+00,3.000000000000000000e+00,1.019310091082927944e-01
9.887621559242171232e-02,-3.080718091536173431e-02,2.325001455859202859e-04,4.510808968744983022e-02,1.458515931104997221e-01,2.039735099337748547e+00,3.000000000000000000e+00,1.035644166971981112e-01
-4.633455457703505170e-03,9.995639374577863778e-02,7.726080993273252680e-04,-1.555875717079020226e-01,-6.419830381595387735e-03,2.039735099337748547e+00,3.000000000000000000e+00,1.000637274947303590e-01
4.610414202575557896e-02,9.336876441990601960e-02,1.469010588693462282e-04,-1.346418944058156708e-01,6.640995663102852720e-02,2.039735099337748547e+00,3.000000000000000000e+00,1.041312541038037776e-01
9.967401147697393937e-02,2.529855810088278700e-02,3.437145300704966201e-04,-3.731941073036711132e-02,1.472917028441869947e-01,2.039735099337748547e+00,3.000000000000000000e+00,1.028344572888663377e-01
1.029357640145507763e-01,1.413786587080757481e-02,1.815468465634592122e-04,-2.177405693440280510e-02,1.503667201288262090e-01,2.039735099337748547e+00,3.000000000000000000e+00,1.039021210786393451e-01
2.464758974714360840e-02,1.006349281842289917e-01,2.259278270319704210e-04,-1.474495488083122918e-01,3.698169628312814039e-02,2.039735099337748547e+00,3.000000000000000000e+00,1.036093260811420669e-01
-8.062892029849111353e-02,-6.046683861137128885e-02,6.603586091144841071e-04,9.361073655935087112e-02,-1.244737547677871731e-01,2.039735099337748547e+00,3.000000000000000000e+00,1.007832394803523518e-01
1.004247845703876429e-01,2.190456796124548924e-02,3.511945496875077365e-04,-3.295132889296556455e-02,1.483521256474300554e-01,2.039735099337748547e+00,3.000000000000000000e+00,1.027859302316109363e-01
9.153814165974526185e-02,4.247066568162469885e-02,6.403082480855188394e-04,-6.590138591271670065e-02,1.418539563773186796e-01,2.039735099337748547e+00,3.000000000000000000e+00,1.009107963597549174e-01
-3.583059433861220805e-02,-9.365905326932952302e-02,7.391622483951257793e-04,1.451272288461296356e-01,-5.648041513254183077e-02,2.039735099337748547e+00,3.000000000000000000e+00,1.002788599355083077e-01
-1.889394495741731836e-02,1.008085105858619185e-01,3.851546199508496817e-04,-1.491434944148089248e-01,-2.894819040173894978e-02,2.039735099337748547e+00,3.000000000000000000e+00,1.025638189743037498e-01
-3.931741358661613311e-02,-9.733613483210827588e-02,1.977761502837545757e-05,1.399527817155230835e-01,-5.564251467985358024e-02,2.039735099337748547e+00,3.000000000000000000e+00,1.049770553749503343e-01
-8.356103253100015393e-02,-5.693346771942488921e-02,6.089291648309985922e-04,8.731009002444482803e-02,-1.297820286793523736e-01,2.039735099337748547e+00,3.000000000000000000e+00,1.011131341824871993e-01
-9.682197211751410182e-02,-3.546221475972550358e-02,3.017184793808975270e-04,5.310932369290907035e-02,-1.430951066895721213e-01,2.039735099337748547e+00,3.000000000000000000e+00,1.031118953389451171e-01
7.062375642670537523e-02,-7.768944134268934709e-02,1.730382281178158619e-05,1.118259402948206943e-01,1.011714661890914663e-01,2.039735099337748547e+00,3.000000000000000000e+00,1.049922105108649362e-01
-6.360529298352547711e-02,-8.095396840505407476e-02,3.257642515074366018e-04,1.190635865096753704e-01,-9.432584882387623493e-02,2.039735099337748547e+00,3.000000000000000000e+00,1.029523107853660968e-01
5.506926648325246448e-02,-8.365771605455664395e-02,7.583480232490263451e-04,1.295202289095324644e-01,8.645485920532562651e-02,2.039735099337748547e+00,3.000000000000000000e+00,1.001560660492828020e-01
1.003514384825574535e-01,-3.042517860161609092e-02,3.687204703604486764e-05,4.352100684843409478e-02,1.443968507373818433e-01,2.039735099337748547e+00,3.000000000000000000e+00,1.048623035149369165e-01
-7.839327511748790667e-02,6.334224849226118004e-02,6.599281077732940337e-04,-9.862724332890314416e-02,-1.214132157215966901e-01,2.039735099337748547e+00,3.000000000000000000e+00,1.007856439563766110e-01
-3.670936221357613827e-02,9.684388965106834057e-02,2.320384064826056078e-04,-1.429609371881715718e-01,-5.343903377095391566e-02,2.039735099337748547e+00,3.000000000000000000e+00,1.035679305425952490e-01
1.585822644377663307e-02,-1.025540068835304047e-01,2.009181553242944045e-04,1.507229217592824522e-01,2.415958065337749788e-02,2.039735099337748547e+00,3.000000000000000000e+00,1.037728657877833582e-01
-1.007680032104247558e-01,1.285959280668419469e-02,5.356576094209448448e-04,-1.955912852944296718e-02,-1.525451966130198789e-01,2.039735099337748547e+00,3.000000000000000000e+00,1.015852331698357536e-01
-1.003297324932339862e-01,-1.689179942984499151e-03,7.288019921782356789e-04,2.334813975375459472e-03,-1.556875430093914159e-01,2.039735099337748547e+00,3.000000000000000000e+00,1.003439512429308011e-01
5.026519206339594148e-02,-9.198517477546094834e-02,4.305860702508157445e-05,1.318386141681935908e-01,7.167762159610910344e-02,2.039735099337748547e+00,3.000000000000000000e+00,1.048230027791714203e-01
-9.809455538212173697e-02,2.746779979751549916e-02,4.922304226775963418e-04,-4.151747048371269566e-02,-1.487790323361297684e-01,2.039735099337748547e+00,3.000000000000000000e+00,1.018676681844271070e-01
2.003389546514465838e-02,-1.020965686709124909e-01,1.601358425754643392e-04,1.472239148863211666e-01,2.944268362896437785e-02,2.039735099337748547e+00,3.000000000000000000e+00,1.040435788594504946e-01
-1.007006145639224720e-01,8.858074252141368617e-04,6.725795819990139498e-04,-1.178732974152080226e-03,-1.564176458031825978e-01,2.039735099337748547e+00,3.000000000000000000e+00,1.007045104667424473e-01
4.253139499748797431e-02,9.143471901018053460e-02,6.511190442619874379e-04,-1.421097732832546090e-01,6.535765732764053926e-02,2.039735099337748547e+00,3.000000000000000000e+00,1.008425872382448102e-01
-1.040703800971828907e-01,2.874541410268621148e-03,1.500660794226578454e-04,-4.563566924296338922e-03,-1.499918429838012490e-01,2.039735099337748547e+00,3.000000000000000000e+00,1.041100715679874472e-01
-1.045009526724463705e-01,5.380596854349893425e-03,7.045976962743008868e-05,-7.530646403566167678e-03,-1.505473140841424862e-01,2.039735099337748547e+00,3.000000000000000000e+00,1.046393804069859490e-01
9.468945981484998276e-02,-4.244384947123670815e-02,2.018610241611316566e-04,6.164534976623680523e-02,1.395756540514340449e-01,2.039735099337748547e+00,3.000000000000000000e+00,1.037669222727796436e-01
7.434690039377121751e-02,6.794471381406057275e-02,6.706808031742973568e-04,-1.052633846845119348e-01,1.147548637975845387e-01,2.039735099337748547e+00,3.000000000000000000e+00,1.007171570956802292e-01
9.992780839209805532e-02,-2.154501984776973494e-02,4.374562747226640722e-04,3.202945876492208077e-02,1.504468113302712962e-01,2.039735099337748547e+00,3.000000000000000000e+00,1.022240420365417429e-01
8.806891909955844033e-02,4.861632505889166428e-02,6.894498989540173099e-04,-7.498277901223147912e-02,1.364902393931506086e-01,2.039735099337748547e+00,3.000000000000000000e+00,1.005966280428742116e-01
-7.901619837722370643e-02,-6.425483096980097453e-02,4.958335960570971201e-04,9.700715206550726555e-02,-1.193614649397095051e-01,2.039735099337748547e+00,3.000000000000000000e+00,1.018442090103628128e-01
3.722999285900315675e-02,9.411033458670103879e-02,5.942602898678284087e-04,-1.457513419351887385e-01,5.672407294103543052e-02,2.039735099337748547e+00,3.000000000000000000e+00,1.012068547298168170e-01
4.125667520420605444e-02,-9.620989514364711170e-02,6.396024601378129089e-05,1.384580529734432408e-01,5.968159317043239542e-02,2.039735099337748547e+00,3.000000000000000000e+00,1.046826498157976681e-01
1.401052968841041101e-02,-1.014135278127300532e-01,4.135835217361325152e-04,1.530341970200120583e-01,2.121977899072341467e-02,2.039735099337748547e+00,3.000000000000000000e+00,1.023767481685817354e-01
6.063135332290941343e-02,-8.458840244960019739e-02,1.557598200059904614e-04,1.226316924906420275e-01,8.776622758412551406e-02,2.039735099337748547e+00,3.000000000000000000e+00,1.040738143566526802e-01
-2.573481863343855466e-02,1.017426267423384156e-01,2.413540915443253837e-05,-1.461216195957622810e-01,-3.729536852422759424e-02,2.039735099337748547e+00,3.000000000000000000e+00,1.049468579164082038e-01
1.030820961606297853e-01,-1.303641856698599041e-02,1.812553543392665721e-04,1.922165977667653070e-02,1.489386448249095385e-01,2.039735099337748547e+00,3.000000000000000000e+00,1.039031604809159959e-01
-7.319014015399896711e-02,-7.471352912800598156e-02,7.810182077953597448e-05,1.073819857092288554e-01,-1.058594831394685520e-01,2.039735099337748547e+00,3.000000000000000000e+00,1.045892348691939283e-01
9.666524994513030211e-03,-1.001042652226559193e-01,6.936423713285338501e-04,1.550249564225722743e-01,1.457212768187155470e-02,2.039735099337748547e+00,3.000000000000000000e+00,1.005699041524718979e-01
-3.242062889252483177e-02,9.920341961917628071e-02,1.115437683101423808e-04,-1.427110082198200236e-01,-4.668360207679913415e-02,2.039735099337748547e+00,3.000000000000000000e+00,1.043667362808916449e-01
-5.168451241499671250e-02,9.106001018460113672e-02,6.071080670001062436e-05,-1.307777771944298451e-01,-7.509017316886457127e-02,2.039735099337748547e+00,3.000000000000000000e+00,1.047053689091233392e-01
-1.525125789246449710e-02,-9.911604542028779052e-02,7.385782551926159964e-04,1.545759759705322978e-01,-2.393782362763058336e-02,2.039735099337748547e+00,3.000000000000000000e+00,1.002825574417555987e-01
8.679302589823460756e-02,-5.826798037452910611e-02,8.578125582323639859e-05,8.423600948486230366e-02,1.250989464322365685e-01,2.039735099337748547e+00,3.000000000000000000e+00,1.045379686118786816e-01
-5.238938020782704652e-02,8.852608376954007596e-02,3.388691976331207494e-04,-1.306874053693882487e-01,-7.758538271232143235e-02,2.039735099337748547e+00,3.000000000000000000e+00,1.028664895198231483e-01
3.099800995207273660e-02,9.822581355264312086e-02,3.184405756294267408e-04,-1.449561949794638538e-01,4.559786674303087373e-02,2.039735099337748547e+00,3.000000000000000000e+00,1.030009080982658559e-01
2.444825510215921718e-02,9.973680984871512167e-02,3.658238049968515508e-04,-1.480353446343977697e-01,3.674697723468135779e-02,2.039735099337748547e+00,3.000000000000000000e+00,1.026895730653264172e-01
1.955935000373818997e-02,1.030892291117833925e-01,2.710083303152525176e-05,-1.478714327387544714e-01,2.886503570081350861e-02,2.039735099337748547e+00,3.000000000000000000e+00,1.049283437943747538e-01
3.929966511535950419e-02,9.717783548320438336e-02,4.295454501896468134e-05,-1.401378964944614558e-01,5.571613403376830115e-02,2.039735099337748547e+00,3.000000000000000000e+00,1.048236394492203238e-01
9.626327992493713404e-02,3.153196214055254548e-02,5.801780917949969380e-04,-4.760017319043081258e-02,1.462650305818638807e-01,2.039735099337748547e+00,3.000000000000000000e+00,1.012960201505471031e-01
-6.669830811715449226e-02,-8.107893661664018758e-02,1.804902384567966210e-05,1.160827369607274479e-01,-9.631155242340036504e-02,2.039735099337748547e+00,3.000000000000000000e+00,1.049878958193563999e-01
8.521006288966434528e-02,5.387435170734234530e-02,6.557972551996803538e-04,-8.302200046498979524e-02,1.317369749162309867e-01,2.039735099337748547e+00,3.000000000000000000e+00,1.008127005369213181e-01
1.026618972847651717e-01,5.563945702219650312e-03,3.470854663991307571e-04,-7.822686624157318414e-03,1.517212592280939576e-01,2.039735099337748547e+00,3.000000000000000000e+00,1.028125607398479441e-01
-1.820950513277252948e-03,-1.003006822966974881e-01,7.331477430975604469e-04,1.564120965855967382e-01,-2.952020096508245484e-03,2.039735099337748547e+00,3.000000000000000000e+00,1.003172105371498563e-01
7.896771531754954998e-02,-6.146962164311565308e-02,7.713794728253786648e-04,9.637247119145003760e-02,1.223186500188272186e-01,2.039735099337748547e+00,3.000000000000000000e+00,1.000720462837716845e-01
9.221614931985072650e-02,-4.577373431794475034e-02,3.259104986496029477e-04,6.713347055769014471e-02,1.368947339786701078e-01,2.039735099337748547e+00,3.000000000000000000e+00,1.029517020198830873e-01
1.038254549918520842e-01,-1.035090471202959432e-02,1.155345444423078828e-04,1.525647880172089320e-02,1.492958988600426307e-01,2.039735099337748547e+00,3.000000000000000000e+00,1.043401472714248074e-01
-9.898303101504565826e-02,3.466294329185436868e-02,3.464694756055937462e-05,-4.961531768367816175e-02,-1.422578351273912356e-01,2.039735099337748547e+00,3.000000000000000000e+00,1.048768805151059080e-01
9.330001797013109943e-02,3.616148092897923660e-02,7.726086674164874598e-04,-5.593209346842888119e-02,1.453280926195519573e-01,2.039735099337748547e+00,3.000000000000000000e+00,1.000627106179105830e-01
-9.215787082901991112e-02,4.450849233906983143e-02,4.187884776908626849e-04,-6.715641869976972378e-02,-1.391410921751165264e-01,2.039735099337748547e+00,3.000000000000000000e+00,1.023429481988639839e-01
9.997345795164531979e-02,-8.798049227564429600e-03,7.265125078290633190e-04,1.282927280013488290e-02,1.551986468490275939e-01,2.039735099337748547e+00,3.000000000000000000e+00,1.003598423923634936e-01
-9.741615472102255202e-02,-3.524881677894686760e-02,2.277126327786234221e-04,5.126178350691644459e-02,-1.430261172538893066e-01,2.039735099337748547e+00,3.000000000000000000e+00,1.035972310679487696e-01
-9.856999472228133996e-02,2.105361031716837875e-02,6.587962294289540378e-04,-3.245121012439177582e-02,-1.522966177554800626e-01,2.039735099337748547e+00,3.000000000000000000e+00,1.007933448543987393e-01
1.012102571656681577e-01,-2.699522386557228273e-02,5.409208310785179396e-05,3.936650976149325826e-02,1.455317070040762495e-01,2.039735099337748547e+00,3.000000000000000000e+00,1.047485478042203960e-01
-9.898692046289368773e-02,2.649483146363996663e-02,3.993864073294435589e-04,-3.883338621015851311e-02,-1.495335195222794733e-01,2.039735099337748547e+00,3.000000000000000000e+00,1.024713936521501889e-01
9.159585428979220845e-02,4.099599281167218973e-02,7.277564334884527916e-04,-6.376953812340227512e-02,1.428276578591621826e-01,2.039735099337748547e+00,3.000000000000000000e+00,1.003517411393121950e-01
1.451221472027280565e-02,1.036852138889614305e-01,6.203687630386337632e-05,-1.494152044027169113e-01,2.039483972987497437e-02,2.039735099337748547e+00,3.000000000000000000e+00,1.046958831821336866e-01
9.685393954194018717e-02,-3.569786793178165302e-02,2.846572077343304517e-04,5.231965055140162801e-02,1.426769963291661669e-01,2.039735099337748547e+00,3.000000000000000000e+00,1.032231726874771605e-01
7.827489805984849669e-02,-6.892736812266686552e-02,1.220611415175662431e-04,9.957800596937731175e-02,1.132747900974539479e-01,2.039735099337748547e+00,3.000000000000000000e+00,1.042973716955384600e-01
-6.100213097540060914e-02,-8.546060970743622753e-02,1.648786106364043318e-05,1.206133227554285629e-04,-8.623469440776749498e-05,2.039735099337748547e+00,3.000000000000000000e+00,1.049989323522228651e-01
9.531610484995718668e-02,-3.171751327036173573e-02,7.115291302871281157e-04,4.933682434174047060e-02,1.476873547011211818e-01,2.039735099337748547e+00,3.000000000000000000e+00,1.004547683876858277e-01
2.129210291796156118e-02,1.009492354346337994e-01,2.926788374323331600e-04,-1.490991232648241349e-01,3.238885758791770764e-02,2.039735099337748547e+00,3.000000000000000000e+00,1.031702562830304898e-01
5.623913574861836434e-02,-8.357272553231064049e-02,6.681393574135113247e-04,1.294473626074597594e-01,8.782214462499940422e-02,2.039735099337748547e+00,3.000000000000000000e+00,1.007335139993162931e-01
-2.123558239219468236e-03,1.021665436619438039e-01,4.428156081703822676e-04,-1.544417680888901523e-01,-3.920235983985442818e-03,2.039735099337748547e+00,3.000000000000000000e+00,1.021886106345674256e-01
1.017356086371569990e-01,-5.881153585129295785e-03,4.864526633544607277e-04,9.220872390680921390e-03,1.535349516863824260e-01,2.039735099337748547e+00,3.000000000000000000e+00,1.019054563419675430e-01
1.018981102054439120e-01,-1.979759168378822376e-02,1.963584500329435478e-04,2.950309755970680764e-02,1.472076969078257580e-01,2.039735099337748547e+00,3.000000000000000000e+00,1.038035139093026749e-01
3.863427812950056411e-02,9.428222159768843980e-02,4.887086030691950838e-04,-1.424836825556584641e-01,5.790585000791075021e-02,2.039735099337748547e+00,3.000000000000000000e+00,1.018908472630551537e-01
6.640708076197332499e-02,8.005459442544472781e-02,1.649736430493255472e-04,-1.160574693562330811e-01,9.629058542247086183e-02,2.039735099337748547e+00,3.000000000000000000e+00,1.040126841493367732e-01
9.179546955053727308e-02,4.878402328882527200e-02,1.737437064709396032e-04,-6.976433978953698600e-02,1.328830223808184219e-01,2.039735099337748547e+00,3.000000000000000000e+00,1.039533027770078166e-01
-9.542194347019811174e-02,3.216709105783431555e-02,6.736680261225801072e-04,-4.954522500830477183e-02,-1.483602391912364482e-01,2.039735099337748547e+00,3.000000000000000000e+00,1.006979098231571418e-01
-1.007609670071583502e-01,1.451297029891320325e-02,5.024948928772784377e-04,-2.185919779305685318e-02,-1.522252996635274913e-01,2.039735099337748547e+00,3.000000000000000000e+00,1.018007798551405496e-01
7.642525542029349195e-02,-6.624708831350963056e-02,6.045534305239011127e-04,1.031195952840711222e-01,1.176123844658601980e-01,2.039735099337748547e+00,3.000000000000000000e+00,1.011409727858845753e-01
-1.031628628107736784e-01,1.558685934362565549e-02,1.165629227048247231e-04,-2.252720915887323691e-02,-1.491145450012529572e-01,2.039735099337748547e+00,3.000000000000000000e+00,1.043337263185422775e-01
-1.010096185468597474e-01,-1.222387287214657565e-02,5.109325015274708863e-04,1.854740233364900182e-02,-1.533976365464264913e-01,2.039735099337748547e+00,3.000000000000000000e+00,1.017465778637125229e-01
-7.050410391969397228e-02,-7.734137688914069497e-02,6.832486027035581104e-05,1.118107490888406996e-01,-1.011577584568130600e-01,2.039735099337748547e+00,3.000000000000000000e+00,1.046542748702943004e-01
1.026044011321387006e-01,1.769624303634605850e-02,1.489101338971153283e-04,-2.480935715950731424e-02,1.483496146951954753e-01,2.039735099337748547e+00,3.000000000000000000e+00,1.041192592620897028e-01
6.597657794632401373e-02,-7.720168423853650264e-02,5.408544119450758251e-04,1.173818568413808605e-01,1.004431852267521769e-01,2.039735099337748547e+00,3.000000000000000000e+00,1.015529856123101038e-01
5.699201659641597861e-02,-8.648708641001021102e-02,2.306681692442238952e-04,1.273373558299884245e-01,8.417017030094246788e-02,2.039735099337748547e+00,3.000000000000000000e+00,1.035765710545523272e-01
-1.517277385528828688e-02,1.002516741371048958e-01,5.652795428948048694e-04,-1.520005495087424496e-01,-2.355663390471894603e-02,2.039735099337748547e+00,3.000000000000000000e+00,1.013933490607544091e-01
8.938991798317615436e-03,-9.984991202851305203e-02,7.436751707942338557e-04,1.550249564225722743e-01,1.457212768187155470e-02,2.039735099337748547e+00,3.000000000000000000e+00,1.002492419246758526e-01
3.150592439674236578e-02,9.814411667541451945e-02,3.069456036358992235e-04,-1.451823431967790012e-01,4.704531735668627396e-02,2.039735099337748547e+00,3.000000000000000000e+00,1.030771114752961209e-01
1.014025396246429206e-01,9.023006458916332101e-03,5.021480453542186487e-04,-1.383492949434257310e-02,1.532088699722947145e-01,2.039735099337748547e+00,3.000000000000000000e+00,1.018031909513887612e-01
8.536086638856144049e-02,5.724694424154400108e-02,3.520363070813848586e-04,-8.485727320446402600e-02,1.260826851212176747e-01,2.039735099337748547e+00,3.000000000000000000e+00,1.027798138527225014e-01
-1.672938625102422805e-02,-9.886095251951981799e-02,7.411012194429712589e-04,1.541954810691566480e-01,-2.627092130164949968e-02,2.039735099337748547e+00,3.000000000000000000e+00,1.002664465182780268e-01
6.552709543199576603e-02,8.025782965609026820e-02,2.254651166913799716e-04,-1.181792741488399551e-01,9.661509549202138003e-02,2.039735099337748547e+00,3.000000000000000000e+00,1.036104215649173155e-01
-1.018692436183184918e-02,-1.010949522563320963e-01,5.325179879889655257e-04,1.537081763842803872e-01,-1.527485833482541966e-02,2.039735099337748547e+00,3.000000000000000000e+00,1.016069033071264754e-01
5.890180553422606768e-02,-8.283061448863025811e-02,5.276884385013694452e-04,1.257869977562055819e-01,8.972299001053050949e-02,2.039735099337748547e+00,3.000000000000000000e+00,1.016382476814504526e-01
-4.714938910330172817e-02,8.847905897876229275e-02,7.422184206388419015e-04,-1.373111397563307190e-01,-7.343574908217363750e-02,2.039735099337748547e+00,3.000000000000000000e+00,1.002577117761114939e-01
1.035423876763609391e-01,1.603346962258764274e-02,4.991531675360617886e-05,-2.253121107212077701e-02,1.491410789130920289e-01,2.039735099337748547e+00,3.000000000000000000e+00,1.047764200278872987e-01
8.701633492043091278e-02,5.522331218863966301e-02,3.094377498542881175e-04,-8.106492290246850030e-02,1.284948471453458418e-01,2.039735099337748547e+00,3.000000000000000000e+00,1.030604519302557726e-01
1.014448766537224961e-01,7.033226816653270243e-03,5.199892891485954731e-04,-1.026151119635702012e-02,1.541610838749439827e-01,2.039735099337748547e+00,3.000000000000000000e+00,1.016883930384557821e-01
-9.723007096996384713e-02,3.863111862671368690e-02,7.287172392580776878e-05,-5.570479559432912897e-02,-1.401093927883861057e-01,2.039735099337748547e+00,3.000000000000000000e+00,1.046233722796939547e-01
9.239377191704728487e-02,-4.244502564404110945e-02,5.217089254120146641e-04,6.482771426645649038e-02,1.394390475600211510e-01,2.039735099337748547e+00,3.000000000000000000e+00,1.016768867097270213e-01
1.314808641853870350e-02,-1.030718822968973575e-01,1.806161225267816691e-04,1.488847922621940323e-01,1.936147028133164416e-02,2.039735099337748547e+00,3.000000000000000000e+00,1.039070983941656756e-01
9.666682799513184876e-02,-3.659382501645665892e-02,2.636305544992709844e-04,5.343222016182865713e-02,1.429490674104998693e-01,2.039735099337748547e+00,3.000000000000000000e+00,1.033614225133122622e-01
9.983123276871343210e-02,3.062457907311797248e-02,1.031903848402274679e-04,-4.436535131792215814e-02,1.434620562207299388e-01,2.039735099337748547e+00,3.000000000000000000e+00,1.044228896340581997e-01
-7.421552735164677062e-02,-7.287207582861801591e-02,1.651374821631293162e-04,1.046826860668807341e-01,-1.076124536295919865e-01,2.039735099337748547e+00,3.000000000000000000e+00,1.040109798802745927e-01
-7.623912750349648437e-02,-6.562089898627068707e-02,6.903773489151434619e-04,1.022200290956957608e-01,-1.183939783411051272e-01,2.039735099337748547e+00,3.000000000000000000e+00,1.005907895697251975e-01
4.637541377331389630e-02,-9.184915585245338743e-02,3.348314490337924148e-04,1.356998861212769802e-01,6.847513038728966772e-02,2.039735099337748547e+00,3.000000000000000000e+00,1.028928881578039106e-01
-5.569998053751274575e-02,8.809183570634553095e-02,1.330947478716449262e-04,-1.274415103394860305e-01,-8.062180396672387339e-02,2.039735099337748547e+00,3.000000000000000000e+00,1.042240823897868235e-01
-1.286369242896608783e-02,-9.929230668835532791e-02,7.633584782472406429e-04,1.543905852708595261e-01,-2.037499303223878552e-02,2.039735099337748547e+00,3.000000000000000000e+00,1.001221091987251899e-01
5.823460054753534787e-02,8.406607865993930007e-02,4.306755758772088131e-04,-1.271045744810130329e-01,8.783560339524559835e-02,2.039735099337748547e+00,3.000000000000000000e+00,1.022661932516807093e-01
-1.011030445030022124e-01,-7.792714180252968866e-03,5.639581667696272251e-04,1.268580306993690072e-02,-1.532868269258685356e-01,2.039735099337748547e+00,3.000000000000000000e+00,1.014029191003452401e-01
-8.026974017731304534e-02,-6.353866286718784506e-02,4.143600553385321070e-04,9.666293709424518543e-02,-1.205298139807300800e-01,2.039735099337748547e+00,3.000000000000000000e+00,1.023737899419744080e-01
-9.960134023349367927e-02,-2.519856176221155555e-02,3.585310694110841801e-04,3.691290470980285870e-02,-1.481169970163410399e-01,2.039735099337748547e+00,3.000000000000000000e+00,1.027394495371284217e-01
-8.637003301188622695e-02,5.554942998272029836e-02,3.654396208957613550e-04,-8.223158456203390199e-02,-1.285206445811581388e-01,2.039735099337748547e+00,3.000000000000000000e+00,1.026913909433476435e-01
9.465423640084428755e-03,-1.017944912209442498e-01,4.356973682603428196e-04,1.538302670031310715e-01,1.438525023994480234e-02,2.039735099337748547e+00,3.000000000000000000e+00,1.022336181870580479e-01
-1.033319434450208490e-01,-1.418616649727103864e-02,1.214661590122260130e-04,2.039406606662507240e-02,-1.494090208646047524e-01,2.039735099337748547e+00,3.000000000000000000e+00,1.043011881812152819e-01
-7.787991860394792576e-02,-6.843177184974291727e-02,2.162482275064062857e-04,1.002069216424534698e-01,-1.141947983466176098e-01,2.039735099337748547e+00,3.000000000000000000e+00,1.036734735612385161e-01
-9.175044359680328832e-02,4.381070096390363156e-02,5.221169402131820361e-04,-6.585572925535093658e-02,-1.389788051731747909e-01,2.039735099337748547e+00,3.000000000000000000e+00,1.016736023713076115e-01
4.350777620643492272e-02,9.380833082577642867e-02,2.567604319670362253e-04,-1.387488449483574027e-01,6.357683316248252670e-02,2.039735099337748547e+00,3.000000000000000000e+00,1.034066222383631523e-01
3.570157028326951393e-02,-9.548858979609767261e-02,4.804047494118246194e-04,1.441421136170444595e-01,5.361230126866821377e-02,2.039735099337748547e+00,3.000000000000000000e+00,1.019444598884051145e-01
9.046971202162197578e-02,-5.168170269910392356e-02,1.380976221344219171e-04,7.507652726957865508e-02,1.307540340733286399e-01,2.039735099337748547e+00,3.000000000000000000e+00,1.041910129865036699e-01
9.832435815232912213e-02,1.944209799801397548e-02,7.470878054852848199e-04,-3.026377132219097710e-02,1.534667557520635883e-01,2.039735099337748547e+00,3.000000000000000000e+00,1.002281127260803567e-01
-8.689675424937422232e-02,-5.787761295772112652e-02,1.055471289422601193e-04,8.298348964078207379e-02,-1.251656922272784966e-01,2.039735099337748547e+00,3.000000000000000000e+00,1.044072027245242507e-01
3.294974633239299011e-02,9.518239136213672846e-02,6.695581151830828004e-04,-1.471247513700946197e-01,5.099526949945785981e-02,2.039735099337748547e+00,3.000000000000000000e+00,1.007242443942073240e-01
-1.459060916705791355e-02,9.957265133504210330e-02,6.832996516072885849e-04,-1.540606357757685063e-01,-2.268673153034805878e-02,2.039735099337748547e+00,3.000000000000000000e+00,1.006359715497182339e-01
-8.878272485909549649e-02,-5.339554540395646809e-02,2.267632134094074931e-04,7.902156420285778859e-02,-1.305989987663616347e-01,2.039735099337748547e+00,3.000000000000000000e+00,1.036023962193531045e-01
-4.684481722936161691e-02,8.928904893656049169e-02,6.527240890241515830e-04,-1.384851294914622999e-01,-7.271987463296103460e-02,2.039735099337748547e+00,3.000000000000000000e+00,1.008313996791068562e-01
8.918515198519767762e-02,5.404677896254717756e-02,1.241301300038370335e-04,-7.742606722588217527e-02,1.286349696348132732e-01,2.039735099337748547e+00,3.000000000000000000e+00,1.042834869519102814e-01
-8.309222260517551417e-02,-6.197769764992628466e-02,2.179651427706260280e-04,9.119909019995077470e-02,-1.217444138501465184e-01,2.039735099337748547e+00,3.000000000000000000e+00,1.036607566220395654e-01
2.145468288125748982e-02,-1.022883554857931393e-01,8.936360680022202628e-05,1.476086358874695859e-01,3.100815318540706134e-02,2.039735099337748547e+00,3.000000000000000000e+00,1.045141669130233708e-01
-1.979463525342183700e-03,1.037987411463128923e-01,1.940554139616474294e-04,-1.501338087781231290e-01,-2.447415403759820810e-03,2.039735099337748547e+00,3.000000000000000000e+00,1.038176138206201998e-01
6.520909024921583974e-02,-7.926828204774434561e-02,3.729019207339444634e-04,1.169038942850145896e-01,9.708655210002059555e-02,2.039735099337748547e+00,3.000000000000000000e+00,1.026434897591226858e-01
6.800724067472131359e-03,-1.037088909039603074e-01,1.771830696064359317e-04,1.497936915924412971e-01,1.068134139807554173e-02,2.039735099337748547e+00,3.000000000000000000e+00,1.039316308944078643e-01
9.398075182565956975e-02,-3.440748549386607458e-02,7.696945486842564702e-04,5.374593379687057915e-02,1.461483294523876764e-01,2.039735099337748547e+00,3.000000000000000000e+00,1.000812508501308651e-01
-5.531156210508000187e-02,-8.714042721958764615e-02,2.862825291773697916e-04,1.283148750653329562e-01,-8.147894630482502287e-02,2.039735099337748547e+00,3.000000000000000000e+00,1.032125135752267886e-01
-9.800306967082367260e-02,-2.348780300358378759e-02,6.610770667885357884e-04,3.601992268520572138e-02,-1.522222854028580930e-01,2.039735099337748547e+00,3.000000000000000000e+00,1.007783635253097221e-01
-9.502664431776430831e-02,-4.386856983828879564e-02,6.685230570069199054e-05,6.362020201449038181e-02,-1.367171398842105534e-01,2.039735099337748547e+00,3.000000000000000000e+00,1.046638168134131769e-01
-2.673669220596726348e-02,9.818954622873643512e-02,5.081551169562443203e-04,-1.491122668356630876e-01,-4.053010828920057540e-02,2.039735099337748547e+00,3.000000000000000000e+00,1.017646190909286541e-01
-1.313382985872031845e-02,-1.028256766605650935e-01,2.177497735022727496e-04,1.514150058078395089e-01,-1.933296297815349091e-02,2.039735099337748547e+00,3.000000000000000000e+00,1.036610691989084954e-01
1.707340604733978071e-02,1.033609069561283733e-01,5.204182251536973664e-05,-1.487464230861880177e-01,2.464909953560403752e-02,2.039735099337748547e+00,3.000000000000000000e+00,1.047615305388899243e-01
-8.214459896831984020e-02,-6.241024409525751382e-02,2.938016249632550850e-04,9.121606251800959408e-02,-1.215979991818897654e-01,2.039735099337748547e+00,3.000000000000000000e+00,1.031638197610757340e-01
-9.922314330980230856e-03,9.956017415767880185e-02,7.740443031714696904e-04,-1.549262312950878684e-01,-1.573550299996643101e-02,2.039735099337748547e+00,3.000000000000000000e+00,1.000533887481584033e-01
-6.714898304645176841e-02,-7.959612634424681477e-02,1.459602782900032024e-04,1.146241655209879334e-01,-9.685162063020723300e-02,2.039735099337748547e+00,3.000000000000000000e+00,1.041370695438563199e-01
1.422715297044583119e-02,-9.993905137337770472e-02,6.348883041108223640e-04,1.547470526364150001e-01,2.281472719265864244e-02,2.039735099337748547e+00,3.000000000000000000e+00,1.009466486370651783e-01
2.181208012241937083e-02,1.024774943604485344e-01,5.036287487504842724e-05,-1.476084428089593503e-01,3.100810712875019456e-02,2.039735099337748547e+00,3.000000000000000000e+00,1.047731057555449374e-01
-3.635006887423092303e-02,-9.813312154863125525e-02,6.919649015545399162e-05,1.416913219798122681e-01,-5.169874227982244191e-02,2.039735099337748547e+00,3.000000000000000000e+00,1.046491139572608420e-01
-4.689866142854096087e-02,-9.177671317861534062e-02,3.087358971348219206e-04,1.360715049265759091e-01,-6.912343599353211465e-02,2.039735099337748547e+00,3.000000000000000000e+00,1.030652682801473236e-01
-1.016852821938841744e-01,-4.222184620911246709e-04,5.201730296547093201e-04,1.083933498825948027e-03,-1.538176538067843324e-01,2.039735099337748547e+00,3.000000000000000000e+00,1.016861587595853100e-01
-6.549334282675912944e-02,-7.818983207590977924e-02,4.724871941407105653e-04,1.182930447940042928e-01,-9.944965336554745239e-02,2.039735099337748547e+00,3.000000000000000000e+00,1.019952341763200737e-01
-7.927271304561282761e-02,-6.245031367874526868e-02,6.393546853663880638e-04,9.681738962260624803e-02,-1.228622697691114929e-01,2.039735099337748547e+00,3.000000000000000000e+00,1.009168207594043909e-01
1.046164967665322715e-01,-7.699970150222267560e-04,7.349224418483783013e-05,1.076790841799943549e-03,1.508026527704590669e-01,2.039735099337748547e+00,3.000000000000000000e+00,1.046193303892975629e-01
3.101573695576255452e-02,-9.872127819435538854e-02,2.458108736463970943e-04,1.449544709867794379e-01,4.559988810189581632e-02,2.039735099337748547e+00,3.000000000000000000e+00,1.034788225060391947e-01
-4.806620735934226049e-03,1.003506356195255356e-01,7.099339868497398865e-04,-1.562279172983934428e-01,-7.607898761226831660e-03,2.039735099337748547e+00,3.000000000000000000e+00,1.004656840525256223e-01
6.936007737205626689e-02,7.871153769305527792e-02,2.950907978227458248e-05,-1.132450655956923208e-01,9.955191416963844742e-02,2.039735099337748547e+00,3.000000000000000000e+00,1.049110408825634222e-01
-5.406025980945216441e-02,8.974806118382744335e-02,5.068861436301150020e-05,-1.285871814658842427e-01,-7.755089379568257113e-02,2.039735099337748547e+00,3.000000000000000000e+00,1.047722586227933933e-01
-9.873885240114177453e-02,-2.922413095272089617e-02,3.225994408137078753e-04,4.237087552690009529e-02,-1.459467427550356911e-01,2.039735099337748547e+00,3.000000000000000000e+00,1.029728644033768709e-01
-9.062198534680146467e-02,-5.164817562328889722e-02,1.206305143165819740e-04,7.403253162321496439e-02,-1.306415046724611062e-01,2.039735099337748547e+00,3.000000000000000000e+00,1.043066549814056360e-01
8.835102415684542576e-02,5.532610584691869532e-02,1.299638512363933331e-04,-7.929064394363444235e-02,1.274283650291878067e-01,2.039735099337748547e+00,3.000000000000000000e+00,1.042443353748678941e-01
7.352432227531861819e-02,6.790298481796655516e-02,7.694681784885419118e-04,-1.052633846845119348e-01,1.147548637975845387e-01,2.039735099337748547e+00,3.000000000000000000e+00,1.000831719782797058e-01
-3.191479798408001362e-02,-9.480349242174133939e-02,7.774750291554350301e-04,1.475346828626331319e-01,-4.990142312700292238e-02,2.039735099337748547e+00,3.000000000000000000e+00,1.000312776371660994e-01
-1.022980329859487642e-01,-3.538388498290738916e-03,4.165905082637386537e-04,4.299685060945343529e-03,-1.544656745706438628e-01,2.039735099337748547e+00,3.000000000000000000e+00,1.023592093851798807e-01
7.828179532624134074e-02,6.366352328852750708e-02,6.419762750360060626e-04,-9.819200190464068279e-02,1.208550465584882216e-01,2.039735099337748547e+00,3.000000000000000000e+00,1.009013561703133166e-01
-1.250637808908439640e-02,1.035444161130914809e-01,1.220626017128158150e-04,-1.496175500891893384e-01,-1.825031329274686212e-02,2.039735099337748547e+00,3.000000000000000000e+00,1.042969587337433807e-01
-2.475581896932333575e-02,-9.732893564401920439e-02,7.157296791301225990e-04,1.508240317294585742e-01,-3.870091611786311697e-02,2.039735099337748547e+00,3.000000000000000000e+00,1.004279457443969792e-01
4.395951871521400212e-02,9.032432680849387940e-02,7.116999189378165648e-04,-1.399744219665082501e-01,6.824121786025656722e-02,2.039735099337748547e+00,3.000000000000000000e+00,1.004535877860062015e-01
5.960198041212745601e-02,8.207800319650612741e-02,5.586917654256171430e-04,-1.246340356043656450e-01,9.013671601224500229e-02,2.039735099337748547e+00,3.000000000000000000e+00,1.014356676804234192e-01
7.981637159689557171e-02,-6.768649886796704318e-02,6.855849466166688273e-05,9.784614156946608299e-02,1.145630407288623781e-01,2.039735099337748547e+00,3.000000000000000000e+00,1.046523545071825906e-01
-2.471698737501744694e-02,-9.993179714263339397e-02,3.273286339940522380e-04,1.481850726083884517e-01,-3.675665510620033938e-02,2.039735099337748547e+00,3.000000000000000000e+00,1.029431568636458849e-01
-9.605606929369239766e-02,3.736082608422169882e-02,3.085937693320101711e-04,-5.513239980653884126e-02,-1.423490339726892207e-01,2.039735099337748547e+00,3.000000000000000000e+00,1.030659971758392107e-01
9.812463976970191293e-02,-2.986669438763708481e-02,3.840652062195883923e-04,4.384686609860712070e-02,1.455175236863398003e-01,2.039735099337748547e+00,3.000000000000000000e+00,1.025693149220480993e-01
-1.685772789768994265e-02,-1.012621808849299837e-01,3.709327045896528225e-04,1.499806735816297532e-01,-2.453498200467520152e-02,2.039735099337748547e+00,3.000000000000000000e+00,1.026557950991800194e-01
1.025281599881573968e-01,-1.799611028303945912e-02,1.522315947642841419e-04,2.596431103986800853e-02,1.478742961418385293e-01,2.039735099337748547e+00,3.000000000000000000e+00,1.040955502213063710e-01
-2.865484241700731391e-02,9.858620102474273394e-02,3.693442154785355879e-04,-1.460413479777050716e-01,-4.202862738220131122e-02,2.039735099337748547e+00,3.000000000000000000e+00,1.026661532659839532e-01
-9.384155839166430715e-04,-1.005357207086910176e-01,6.982499345469697204e-04,1.557189876391278927e-01,-1.751392218430819492e-03,2.039735099337748547e+00,3.000000000000000000e+00,1.005401002696141161e-01
-1.047046196597651441e-01,7.072929427492853117e-03,2.472323192409493298e-05,-9.682493672354311465e-03,-1.504694166106598230e-01,2.039735099337748547e+00,3.000000000000000000e+00,1.049432404149136799e-01
5.932686307019806315e-02,8.558742035636113243e-02,1.459449529414587451e-04,-1.238531817440837873e-01,8.599279259595560276e-02,2.039735099337748547e+00,3.000000000000000000e+00,1.041387689816165030e-01
3.751224284831480849e-02,9.386739439299321419e-02,6.132895513164826357e-04,-1.448878577062226447e-01,5.890780721222417526e-02,2.039735099337748547e+00,3.000000000000000000e+00,1.010853901097516633e-01
5.816867718407652682e-02,8.199856466394517263e-02,6.989871449963028140e-04,-1.268597371545083230e-01,9.029294552500108373e-02,2.039735099337748547e+00,3.000000000000000000e+00,1.005353649831366714e-01
-7.324784486117263960e-02,7.443747963842713145e-02,1.016358448071048447e-04,-1.073818442120129113e-01,-1.058592462722499489e-01,2.039735099337748547e+00,3.000000000000000000e+00,1.044326823926670367e-01
6.192645377267159967e-02,-8.465046177824082918e-02,3.374429592089918839e-05,1.213672537893269732e-01,8.950937103036704645e-02,2.039735099337748547e+00,3.000000000000000000e+00,1.048836801229259125e-01
-5.364767500991844684e-02,8.569271261904171100e-02,6.106263724629495526e-04,-1.326732685011983159e-01,-8.286799119120083490e-02,2.039735099337748547e+00,3.000000000000000000e+00,1.011005144891928692e-01
4.514383178482640757e-02,-9.011695072840100740e-02,6.589682820469957951e-04,1.400933521769409662e-01,6.958673506139548270e-02,2.039735099337748547e+00,3.000000000000000000e+00,1.007920153424950449e-01
8.394469423020639587e-02,5.535713673907955573e-02,6.961271683333270389e-04,-8.634167003345180613e-02,1.304224628614823189e-01,2.039735099337748547e+00,3.000000000000000000e+00,1.005540863284630354e-01
-5.606952968834531814e-02,-8.301825271150649332e-02,7.544966455205316756e-04,1.288676999381364874e-01,-8.742314238419331140e-02,2.039735099337748547e+00,3.000000000000000000e+00,1.001789520944584150e-01
-8.377101633710010153e-02,-5.940199098343910966e-02,3.650240063525790873e-04,8.798096714736672319e-02,-1.246531307180723941e-01,2.039735099337748547e+00,3.000000000000000000e+00,1.026945943608877226e-01
6.845259750634177798e-02,-7.376862130019047614e-02,6.833395224026102494e-04,1.148635979156389653e-01,1.061824517726771971e-01,2.039735099337748547e+00,3.000000000000000000e+00,1.006358166553844025e-01
9.654702117732091859e-02,-3.927411651433612011e-02,1.321769944178901170e-04,5.672472348270594933e-02,1.390397230101302339e-01,2.039735099337748547e+00,3.000000000000000000e+00,1.042294753234213611e-01
3.906835110684063472e-03,-1.019979054772854610e-01,4.606713737134607387e-04,1.544324256400941286e-01,5.301007257505705068e-03,2.039735099337748547e+00,3.000000000000000000e+00,1.020726999855266631e-01
-8.069183123448950279e-02,-6.384454729346514257e-02,3.347431471305890470e-04,9.472838567640828877e-02,-1.197019036905609818e-01,2.039735099337748547e+00,3.000000000000000000e+00,1.028945958108726105e-01
-5.158932558021615128e-02,-8.750105185911870309e-02,5.370306167996033355e-04,1.327898935571900085e-01,-7.756248232808690690e-02,2.039735099337748547e+00,3.000000000000000000e+00,1.015770278669036741e-01
-2.011424058948221849e-02,-9.981128369227437735e-02,4.998772567334912624e-04,1.507633637671337290e-01,-3.036437764433371281e-02,2.039735099337748547e+00,3.000000000000000000e+00,1.018178522008358344e-01
7.482595423702499693e-02,-6.709068377135078698e-02,7.047093270812299168e-04,1.035233701452719229e-01,1.163120119847373402e-01,2.039735099337748547e+00,3.000000000000000000e+00,1.004991705258742457e-01
1.020468101231467306e-01,-6.241251216969273888e-03,4.353287977872214473e-04,1.027284844299294723e-02,1.541650958716052067e-01,2.039735099337748547e+00,3.000000000000000000e+00,1.022374915237207887e-01
1.727709193168646892e-02,1.031610451105847148e-01,7.674988351413397126e-05,-1.487464230861880177e-01,2.464909953560403752e-02,2.039735099337748547e+00,3.000000000000000000e+00,1.045977969840858612e-01
-1.314803365778295305e-02,-1.031146188958411009e-01,1.741874380751768194e-04,1.489506663646439910e-01,-1.892825862194902342e-02,2.039735099337748547e+00,3.000000000000000000e+00,1.039494849390834863e-01
-6.539707674942495108e-02,-8.136916824119287683e-02,1.076901270468630275e-04,1.173254709213171904e-01,-9.454685672391248408e-02,2.039735099337748547e+00,3.000000000000000000e+00,1.043921414074533149e-01
-5.349144568846098818e-02,8.596127792331724471e-02,5.879413457730396772e-04,-1.326732685011983159e-01,-8.286799119120083490e-02,2.039735099337748547e+00,3.000000000000000000e+00,1.012456224438931518e-01
8.852229189385928121e-02,4.775921836637982143e-02,6.914053648275422792e-04,-7.427603035332731862e-02,1.376889087358643127e-01,2.039735099337748547e+00,3.000000000000000000e+00,1.005839902822967952e-01
-1.013729834966991539e-01,2.050794956694248702e-02,2.535587753313199534e-04,-3.047805791089855387e-02,-1.495500046438971165e-01,2.039735099337748547e+00,3.000000000000000000e+00,1.034265815855009985e-01
-6.693070697375526346e-02,7.441453205563768047e-02,7.689277691686673220e-04,-1.159340425219236859e-01,-1.039685377003617545e-01,2.039735099337748547e+00,3.000000000000000000e+00,1.000861734560084954e-01
9.177780178209936357e-03,-1.035004993753906727e-01,1.807218573958767696e-04,1.496085465582339125e-01,1.288876114551133767e-02,2.039735099337748547e+00,3.000000000000000000e+00,1.039066168246988442e-01
2.795526928948422959e-02,-9.930668533790562580e-02,2.931465067489114301e-04,1.464133720631101698e-01,4.088189627442004315e-02,2.039735099337748547e+00,3.000000000000000000e+00,1.031664423824403404e-01
-4.476629861974849162e-02,9.382909639506702149e-02,1.725489007135900187e-04,-1.357401276469725471e-01,-6.414233709274810846e-02,2.039735099337748547e+00,3.000000000000000000e+00,1.039611505439761580e-01
-9.916362829134250934e-02,-1.388522072555304146e-02,7.620612748818112901e-04,2.095131477007161278e-02,-1.542959185716255843e-01,2.039735099337748547e+00,3.000000000000000000e+00,1.001310367992905154e-01
1.955380480192243225e-02,1.010536665230712811e-01,3.296304732854928553e-04,-1.494994702999355718e-01,2.803946270167215205e-02,2.039735099337748547e+00,3.000000000000000000e+00,1.029281050053277857e-01
9.814552825439454894e-04,-1.027920480172209577e-01,3.496344015902087669e-04,1.519594922075800103e-01,7.338116392841542712e-04,2.039735099337748547e+00,3.000000000000000000e+00,1.027967333627206881e-01
1.039480986154641268e-01,1.209635575689523186e-02,6.905659332781530278e-05,-1.742924904398232555e-02,1.490855423239870470e-01,2.039735099337748547e+00,3.000000000000000000e+00,1.046495534073969558e-01
2.983167273138270445e-02,1.000034916352469383e-01,1.129224766480545769e-04,-1.443639229868946272e-01,4.351108748456063158e-02,2.039735099337748547e+00,3.000000000000000000e+00,1.043581670842930603e-01
1.001735201537721082e-01,1.599818542953937092e-02,5.578682905476193762e-04,-2.525199711311817280e-02,1.515459942565591245e-01,2.039735099337748547e+00,3.000000000000000000e+00,1.014429695791488201e-01
-9.504748164508765307e-02,4.290437324625966109e-02,1.243470372163857016e-04,-6.165298073437658344e-02,-1.375926470959030479e-01,2.039735099337748547e+00,3.000000000000000000e+00,1.042823523455797263e-01
3.344101698320090660e-02,-9.717039287419410032e-02,3.545428490629966224e-04,1.436021948636191925e-01,4.982031556487157009e-02,2.039735099337748547e+00,3.000000000000000000e+00,1.027637429650942735e-01
5.713575305599759291e-02,-8.749492969005799592e-02,9.173712790881616752e-05,1.262234237119828628e-01,8.239825421059772392e-02,2.039735099337748547e+00,3.000000000000000000e+00,1.044981195942976393e-01
-1.033108345111297816e-01,-1.800228736613961392e-02,3.633133147440144301e-05,2.677017116540545555e-02,-1.483769638773170807e-01,2.039735099337748547e+00,3.000000000000000000e+00,1.048675873556701721e-01
-1.034258679365477988e-02,-1.034856586714102133e-01,1.664613205669776574e-04,1.493516333031940091e-01,-1.536379657746965444e-02,2.039735099337748547e+00,3.000000000000000000e+00,1.040012050518641928e-01
2.986261927520523964e-03,-1.038996669315925964e-01,1.752682849029363018e-04,1.500970317391361608e-01,4.172877234334545007e-03,2.039735099337748547e+00,3.000000000000000000e+00,1.039425733219821457e-01
6.845279332242923398e-02,-7.754594884773274854e-02,2.522075343585847306e-04,1.139572008428001715e-01,1.004736064994270900e-01,2.039735099337748547e+00,3.000000000000000000e+00,1.034367395867560879e-01
1.008618472117163434e-01,6.940625199466267034e-03,6.109655857005350443e-04,-1.173567567095952328e-02,1.559843611650260642e-01,2.039735099337748547e+00,3.000000000000000000e+00,1.011003684519452134e-01
-4.483246044943487579e-02,9.156784960468107581e-02,4.789639843002080734e-04,-1.382561152115897585e-01,-6.741158294439097975e-02,2.039735099337748547e+00,3.000000000000000000e+00,1.019540121386874748e-01
-2.690470498872256366e-02,-1.000354073698467017e-01,2.287733172844928276e-04,1.476225784320792378e-01,-3.884259533816326881e-02,2.039735099337748547e+00,3.000000000000000000e+00,1.035902788787701478e-01
6.160291801020374020e-02,-7.893008192315634219e-02,7.629796822774760536e-04,1.226697229800999683e-01,9.590579204154767168e-02,2.039735099337748547e+00,3.000000000000000000e+00,1.001243094346625506e-01
-9.463880905133009724e-02,4.312851643418359748e-02,1.662024090063700106e-04,-6.230638938632737656e-02,-1.365885952135027503e-01,2.039735099337748547e+00,3.000000000000000000e+00,1.040027552926736792e-01
6.476481968201897033e-02,8.136999097076672016e-02,1.669904499060865057e-04,-1.176087673749474372e-01,9.337942854213063248e-02,2.039735099337748547e+00,3.000000000000000000e+00,1.039978716081588345e-01
-9.326095526463269725e-02,-3.829342318008312207e-02,6.551698037875051299e-04,5.918500286125438076e-02,-1.440292657451058833e-01,2.039735099337748547e+00,3.000000000000000000e+00,1.008166257901976642e-01
-9.173682353714397719e-02,4.014419422101913465e-02,7.615095246159185810e-04,-6.266656688448132839e-02,-1.433143812886780999e-01,2.039735099337748547e+00,3.000000000000000000e+00,1.001359132496428550e-01
-9.917281283759264709e-02,-1.724408269884969078e-02,6.794089715998650678e-04,2.684404792656153171e-02,-1.540857438499865784e-01,2.039735099337748547e+00,3.000000000000000000e+00,1.006608424077851116e-01
7.510507711279602872e-02,6.637023323307340850e-02,7.468244877862473654e-04,-1.035317264906302492e-01,1.163213938258314678e-01,2.039735099337748547e+00,3.000000000000000000e+00,1.002286409542282458e-01
9.823619451292701921e-02,2.684648838121274014e-02,4.967741250017556481e-04,-4.101244717689270236e-02,1.482385589958639671e-01,2.039735099337748547e+00,3.000000000000000000e+00,1.018385185025009326e-01
-6.390784600228004153e-02,7.804237532981074532e-02,6.467952448577730853e-04,-1.204943516883845017e-01,-9.865110375321795022e-02,2.039735099337748547e+00,3.000000000000000000e+00,1.008703381959741158e-01
-2.337598896133128573e-02,9.986978356598699702e-02,3.843336456637424093e-04,-1.477757926194996907e-01,-3.551316278952268424e-02,2.039735099337748547e+00,3.000000000000000000e+00,1.025690524936121728e-01
6.541360027683972705e-03,-1.043183103106424814e-01,8.801097210993429022e-05,1.504968924057721313e-01,9.684232773827747623e-03,2.039735099337748547e+00,3.000000000000000000e+00,1.045231996117573781e-01
1.006090224605808714e-01,-1.783920477118138004e-02,4.444539229026076162e-04,2.617218652297949311e-02,1.522297968463870443e-01,2.039735099337748547e+00,3.000000000000000000e+00,1.021783373682592644e-01
-7.050141286332711754e-02,-7.594380559616516202e-02,2.237720609865799471e-04,1.114728382662629608e-01,-1.032718104398211850e-01,2.039735099337748547e+00,3.000000000000000000e+00,1.036238911841928095e-01
2.146166124133881692e-03,1.042840652818890212e-01,1.207260635735263083e-04,-1.507697055649040441e-01,3.229933654436495383e-03,2.039735099337748547e+00,3.000000000000000000e+00,1.043061469940754354e-01
-8.524163936973118416e-02,6.027137736638873977e-02,1.070251411206004071e-04,-8.629440143848966793e-02,-1.228272294203793247e-01,2.039735099337748547e+00,3.000000000000000000e+00,1.043972030855278427e-01
-6.947204183233914032e-02,7.438040758882699666e-02,5.060235033405200648e-04,-1.121604627259148168e-01,-1.052522147725467594e-01,2.039735099337748547e+00,3.000000000000000000e+00,1.017782375040672121e-01
-6.128958564816593818e-02,-8.524968358473457297e-02,1.689507223744602914e-05,1.225778776777984858e-01,-8.772763978256728490e-02,2.039735099337748547e+00,3.000000000000000000e+00,1.049948658755333192e-01
-7.650524582738313373e-02,6.479998972597751650e-02,7.418574667247540685e-04,-1.008880139609606846e-01,-1.186188997299458120e-01,2.039735099337748547e+00,3.000000000000000000e+00,1.002601182305063732e-01
-2.196828675431931888e-02,1.011076909948581959e-01,2.473933009711064301e-04,-1.491570234976017095e-01,-3.245147328654993113e-02,2.039735099337748547e+00,3.000000000000000000e+00,1.034667618186233262e-01
9.695798896883359164e-02,-3.658975910296771716e-02,2.222266156269739963e-04,5.343222016182865713e-02,1.429490674104998693e-01,2.039735099337748547e+00,3.000000000000000000e+00,1.036323409756513408e-01
-7.083200880935823507e-02,7.228563272449226029e-02,5.946866341715521635e-04,-1.124488631168016201e-01,-1.087284382900011170e-01,2.039735099337748547e+00,3.000000000000000000e+00,1.012046746467236552e-01
1.025111741880858768e-01,2.774012729953397819e-03,3.873398666118294973e-04,-3.340494182104936441e-03,1.519266970806571471e-01,2.039735099337748547e+00,3.000000000000000000e+00,1.025487005283149816e-01
-5.025338853851748708e-03,1.012351929873350348e-01,5.703420934898684571e-04,-1.537559310642460098e-01,-7.473048143118219029e-03,2.039735099337748547e+00,3.000000000000000000e+00,1.013598457466219627e-01
9.341198975234894786e-02,3.611724230470562264e-02,7.588103807473422450e-04,-5.593209346842888119e-02,1.453280926195519573e-01,2.039735099337748547e+00,3.000000000000000000e+00,1.001511608579239709e-01
9.402863803308207646e-02,4.555035660240290551e-02,9.430851512736695627e-05,-6.548619940109806636e-02,1.356294642768956504e-01,2.039735099337748547e+00,3.000000000000000000e+00,1.044807147609664866e-01
-6.894692671160106666e-03,1.023628433553637751e-01,3.800141875908971591e-04,-1.515252533105233002e-01,-1.064949553581949829e-02,2.039735099337748547e+00,3.000000000000000000e+00,1.025947780680112886e-01
-1.008852487306587248e-01,2.333177819264901920e-02,2.350567370727906944e-04,-3.483395117422989629e-02,-1.486220488004272033e-01,2.039735099337748547e+00,3.000000000000000000e+00,1.035480819961328292e-01
-1.814545279633552818e-02,-9.862053918025685817e-02,7.396160976063863128e-04,1.533113675301226442e-01,-2.729651480049157669e-02,2.039735099337748547e+00,3.000000000000000000e+00,1.002759602566268976e-01
3.056195353566520598e-02,-9.564652163086168057e-02,7.185676120425230334e-04,1.489099263200533985e-01,4.788077652312006105e-02,2.039735099337748547e+00,3.000000000000000000e+00,1.004106075272879206e-01
5.833778692560629558e-02,8.630387843883882693e-02,1.410335546794038786e-04,-1.240209901497738854e-01,8.460231601647522082e-02,2.039735099337748547e+00,3.000000000000000000e+00,1.041712859523357820e-01
-1.000945265462857142e-01,-3.044082010243181341e-02,7.320885634833635271e-05,4.345989818232709467e-02,-1.441941043054057736e-01,2.039735099337748547e+00,3.000000000000000000e+00,1.046210197476286907e-01
9.784472395822579882e-02,-2.711677592372731954e-02,5.437183461618715205e-04,4.101723463337039743e-02,1.482213909406907559e-01,2.039735099337748547e+00,3.000000000000000000e+00,1.015328003305288745e-01
-2.566564884785613176e-02,-1.000051345421130999e-01,2.811625360026197328e-04,1.472486254159486307e-01,-3.777696701145405456e-02,2.039735099337748547e+00,3.000000000000000000e+00,1.032460772405789790e-01
-1.000682269488774589e-01,1.112655388258791157e-02,6.756590873406119599e-04,-1.755507826564475099e-02,-1.554314702163845929e-01,2.039735099337748547e+00,3.000000000000000000e+00,1.006849057505352918e-01
2.186138469520152935e-02,1.005429116767211084e-01,3.348229670883621101e-04,-1.490991232648241349e-01,3.238885758791770764e-02,2.039735099337748547e+00,3.000000000000000000e+00,1.028921631088808158e-01
7.370132986461364055e-02,-6.972458239822469650e-02,5.557993976853100801e-04,1.064159319133503590e-01,1.118757797375202895e-01,2.039735099337748547e+00,3.000000000000000000e+00,1.014564114012486418e-01
7.096371670401542542e-02,-7.278171882858000541e-02,5.255653786492502739e-04,1.097364226461121778e-01,1.077274334916863696e-01,2.039735099337748547e+00,3.000000000000000000e+00,1.016515011403680002e-01
2.126301360189890299e-02,-1.016437851383813901e-01,1.904510668904700068e-04,1.476086358874695859e-01,3.100815318540706134e-02,2.039735099337748547e+00,3.000000000000000000e+00,1.038439926268822644e-01
1.015610207304216278e-01,-1.488605848092721968e-03,5.376778073462880987e-04,2.319127457316948887e-03,1.537726761675673737e-01,2.039735099337748547e+00,3.000000000000000000e+00,1.015719295828139135e-01
-2.287135177183655457e-02,-9.821528433824164295e-02,6.509133466960722756e-04,1.523063098209315180e-01,-3.547668619254564643e-02,2.039735099337748547e+00,3.000000000000000000e+00,1.008431495418144197e-01
1.730190345193422657e-02,-1.023663046733545440e-01,1.941883292353302200e-04,1.478957522515511602e-01,2.592177653036004809e-02,2.039735099337748547e+00,3.000000000000000000e+00,1.038181881730658035e-01
-9.802243347039034382e-02,-2.078155172315465302e-02,7.510164333781062631e-04,3.245127726498035076e-02,-1.522971427281473444e-01,2.039735099337748547e+00,3.000000000000000000e+00,1.002011494718461487e-01
9.534111626528852731e-03,9.979059386281478872e-02,7.441975847922677146e-04,-1.550297976460962568e-01,1.457245082399941973e-02,2.039735099337748547e+00,3.000000000000000000e+00,1.002450093919909774e-01
2.975297569391263663e-02,9.588611412822281577e-02,7.207028062606582117e-04,-1.485964060540135578e-01,4.656323108302513197e-02,2.039735099337748547e+00,3.000000000000000000e+00,1.003961475618119908e-01
-1.013034473300335053e-01,2.087775662577681310e-02,2.526869084240746920e-04,-3.047805791089855387e-02,-1.495500046438971165e-01,2.039735099337748547e+00,3.000000000000000000e+00,1.034324376715256566e-01
1.031208013723402539e-01,-1.919487066395470995e-02,3.259062451277113215e-05,2.675077728511514666e-02,1.482698356176461174e-01,2.039735099337748547e+00,3.000000000000000000e+00,1.048920527756016519e-01
9.532435961475069219e-02,3.213559599710783671e-02,6.896768189125367012e-04,-4.934019142097875038e-02,1.476974670587253013e-01,2.039735099337748547e+00,3.000000000000000000e+00,1.005953779557075128e-01
-4.974866043972589469e-02,9.022198959159305476e-02,3.142320196000462050e-04,-1.329161661971285102e-01,-7.369555072997970024e-02,2.039735099337748547e+00,3.000000000000000000e+00,1.030288145200781852e-01
9.730480554288141459e-02,2.819033178968848030e-02,5.786617467581716377e-04,-4.324416233006114080e-02,1.476037704321581379e-01,2.039735099337748547e+00,3.000000000000000000e+00,1.013060708356152140e-01
9.111981131924544453e-02,4.418720450358026158e-02,5.843548003469075996e-04,-6.803689889605041285e-02,1.408457422776794310e-01,2.039735099337748547e+00,3.000000000000000000e+00,1.012685985717987208e-01
-3.300782459393174217e-02,-9.596242706066364370e-02,5.518247856637510922e-04,1.452506498643783006e-01,-5.034861114614670730e-02,2.039735099337748547e+00,3.000000000000000000e+00,1.014805591815346464e-01
-9.299585716448238726e-02,-4.508239508634231257e-02,2.658016047477621468e-04,6.607939008359001165e-02,-1.368557251830755661e-01,2.039735099337748547e+00,3.000000000000000000e+00,1.033472389397891572e-01
-8.851942276639275520e-02,5.442962852038535360e-02,1.796912145313324209e-04,-7.875952559085459825e-02,-1.285238023799769314e-01,2.039735099337748547e+00,3.000000000000000000e+00,1.039147374907068710e-01
-9.649231804053522155e-02,-3.019890470485290038e-02,6.096585916005824429e-04,4.732472189635596183e-02,-1.490833910636037707e-01,2.039735099337748547e+00,3.000000000000000000e+00,1.011075728430298470e-01
-3.269309686710923646e-02,9.784936789205678220e-02,2.932882981928454716e-04,-1.439589289561856722e-01,-4.877682350081433138e-02,2.039735099337748547e+00,3.000000000000000000e+00,1.031665516513819575e-01
6.410456951945897597e-02,7.913438682286867698e-02,4.963411118570747876e-04,-1.202849536014800047e-01,9.697315506130690932e-02,2.039735099337748547e+00,3.000000000000000000e+00,1.018412834321453381e-01
9.971453535204208296e-02,-8.344716663462273254e-03,7.725128720601695661e-04,1.282927280013488290e-02,1.551986468490275939e-01,2.039735099337748547e+00,3.000000000000000000e+00,1.000630943788323735e-01
-9.217511322837547427e-02,3.910871486410051612e-02,7.624012075337352132e-04,-6.134151052453160058e-02,-1.431336578326532494e-01,2.039735099337748547e+00,3.000000000000000000e+00,1.001286326531295179e-01
6.144737731243687245e-02,-8.487727458921613677e-02,4.871559343252211346e-05,1.226316924906420275e-01,8.776622758412551406e-02,2.039735099337748547e+00,3.000000000000000000e+00,1.047851703261018647e-01
1.000369116901878991e-01,2.726306563842818484e-02,2.141947993160486416e-04,-4.082802429132079136e-02,1.470805006894108091e-01,2.039735099337748547e+00,3.000000000000000000e+00,1.036853820387218100e-01
1.017123696019800599e-01,-1.499680458084805420e-04,5.160909921603371508e-04,8.778748769706044841e-06,1.537839393300735880e-01,2.039735099337748547e+00,3.000000000000000000e+00,1.017124801608168400e-01
-1.017174686687356971e-01,-3.294736198817058235e-03,5.073153953058123257e-04,4.299685060945343529e-03,-1.544656745706438628e-01,2.039735099337748547e+00,3.000000000000000000e+00,1.017708146719629309e-01
-8.721289096429357679e-02,-5.171918988013837759e-02,5.649702638795180967e-04,7.808824847433776251e-02,-1.325121931856331203e-01,2.039735099337748547e+00,3.000000000000000000e+00,1.013950834715745403e-01
-7.338967280895324075e-02,7.180652510581227166e-02,3.680754213317247604e-04,-1.067767967829055809e-01,-1.080775138156527954e-01,2.039735099337748547e+00,3.000000000000000000e+00,1.026753189562947394e-01
1.063079457335991060e-02,-9.988392565513494470e-02,7.126194312833830863e-04,1.547914407979691376e-01,1.689540860721755119e-02,2.039735099337748547e+00,3.000000000000000000e+00,1.004480582069235545e-01
-9.949568694043030292e-02,3.265170925163218829e-02,5.899772620147669043e-05,-4.763156684989743039e-02,-1.431099103214443502e-01,2.039735099337748547e+00,3.000000000000000000e+00,1.047164067221619116e-01
-1.040855530977552040e-01,-1.029276399771921098e-02,7.756020104133338425e-05,1.487359871115315549e-02,-1.494019204407647794e-01,2.039735099337748547e+00,3.000000000000000000e+00,1.045932280521944813e-01
6.954795096574092894e-02,-7.729729303807973684e-02,1.697615315386259835e-04,1.119720794919070034e-01,1.000156045471949917e-01,2.039735099337748547e+00,3.000000000000000000e+00,1.039797528105730479e-01
7.779617178193015681e-02,-6.987425633190623431e-02,8.111023805935520226e-05,1.010363778097349147e-01,1.116765447354312046e-01,2.039735099337748547e+00,3.000000000000000000e+00,1.045689057122647925e-01
-4.984711570275024428e-03,1.041345523696077940e-01,1.286951558084694117e-04,-1.506729946653626862e-01,-7.536908014983420903e-03,2.039735099337748547e+00,3.000000000000000000e+00,1.042537881645430736e-01
1.034279519127494912e-01,7.846991710486046073e-03,2.080697543301897453e-04,-1.104728001989357944e-02,1.522014371369176111e-01,2.039735099337748547e+00,3.000000000000000000e+00,1.037251971112634619e-01
3.807393975150239612e-02,-9.626851103926316322e-02,2.388449792000514930e-04,1.422743474949512144e-01,5.537516170252688996e-02,2.039735099337748547e+00,3.000000000000000000e+00,1.035241571128099891e-01
-8.857384216708173719e-02,5.478200333632350649e-02,1.448265147673798441e-04,-7.959624648577837136e-02,-1.272392703002652448e-01,2.039735099337748547e+00,3.000000000000000000e+00,1.041460196348380218e-01
3.512506041655694827e-02,-9.493733750923798176e-02,5.909333263837514890e-04,1.465731153606261994e-01,5.453626032988587169e-02,2.039735099337748547e+00,3.000000000000000000e+00,1.012268142470647003e-01
-1.015617292586507431e-01,-1.267055506878005458e-02,4.179552288105276188e-04,1.854740233364900182e-02,-1.533976365464264913e-01,2.039735099337748547e+00,3.000000000000000000e+00,1.023490489245428292e-01
-8.246953828549404009e-02,5.736375088996267108e-02,7.111237150737678052e-04,-8.927008277874630415e-02,-1.284266170378818017e-01,2.039735099337748547e+00,3.000000000000000000e+00,1.004580741463236421e-01
7.958228565013240885e-02,-6.274318665729708422e-02,5.735838864680646576e-04,9.548310455415646991e-02,1.214622927408404579e-01,2.039735099337748547e+00,3.000000000000000000e+00,1.013412436336346423e-01
1.006679275343281693e-01,-6.910338069173690458e-03,6.414371360722859444e-04,1.050027600685982457e-02,1.553679757020045571e-01,2.039735099337748547e+00,3.000000000000000000e+00,1.009048284587363981e-01
1.045956996510783582e-01,-6.697349996643596655e-03,4.474828755164186639e-05,9.682292476668684020e-03,1.504663222503263842e-01,2.039735099337748547e+00,3.000000000000000000e+00,1.048098987809650273e-01
-1.855050500894895801e-02,9.943341956379422863e-02,6.030454774706780910e-04,-1.537876175822288360e-01,-2.856034055455546061e-02,2.039735099337748547e+00,3.000000000000000000e+00,1.011490294675958662e-01
-9.011530917833486531e-02,-4.495073385586321330e-02,6.727140673563789756e-04,6.980590385902017692e-02,-1.391878012334834269e-01,2.039735099337748547e+00,3.000000000000000000e+00,1.007042075709229240e-01
-1.387328629412700604e-02,-9.917976303805244032e-02,7.600300283016009437e-04,1.549223268789887697e-01,-2.163944852766798432e-02,2.039735099337748547e+00,3.000000000000000000e+00,1.001453616943043662e-01
1.812983980136347387e-02,1.033727436475296441e-01,2.372841740557548015e-05,-1.483292690479125209e-01,2.676146063451576018e-02,2.039735099337748547e+00,3.000000000000000000e+00,1.049505370183544256e-01
1.773387811931888876e-03,1.032653766610767548e-01,2.759366257149461739e-04,-1.525972883610350606e-01,2.065626988032086796e-03,2.039735099337748547e+00,3.000000000000000000e+00,1.032806028317300451e-01
-3.440341834154769102e-02,9.466128184658746669e-02,6.702761213338457799e-04,-1.470134906039561595e-01,-5.341545732562128640e-02,2.039735099337748547e+00,3.000000000000000000e+00,1.007191812636630268e-01
5.900579368076446646e-02,8.115173980011354538e-02,7.302158707950504209e-04,-1.254925131443309638e-01,9.218578397128715518e-02,2.039735099337748547e+00,3.000000000000000000e+00,1.003358787298057053e-01
-1.016358376158275761e-01,-1.405887347138966119e-02,3.788355691082455562e-04,2.049832515838742597e-02,-1.505752213064674161e-01,2.039735099337748547e+00,3.000000000000000000e+00,1.026035838124352145e-01
8.497797203875276373e-02,5.312972317237307091e-02,7.481927523809703056e-04,-8.302200046498979524e-02,1.317369749162309867e-01,2.039735099337748547e+00,3.000000000000000000e+00,1.002198743572952355e-01
7.316458218983958040e-02,-7.163772189392102197e-02,4.107399383583977917e-04,1.075343065487951721e-01,1.108827437812305305e-01,2.039735099337748547e+00,3.000000000000000000e+00,1.023963831644680855e-01
1.000289910182083630e-01,1.504286778045288257e-02,6.023233631523420596e-04,-2.331671580458018547e-02,1.546470928012573243e-01,2.039735099337748547e+00,3.000000000000000000e+00,1.011537785511791715e-01
8.691777965490127267e-02,-5.531489536459941597e-02,3.146750957643081503e-04,8.106402971915267763e-02,1.284728223955286242e-01,2.039735099337748547e+00,3.000000000000000000e+00,1.030263950128050970e-01
1.040535954546892572e-01,1.391359288232064083e-02,1.920133995369720960e-05,-2.037588728331979349e-02,1.492755911673294689e-01,2.039735099337748547e+00,3.000000000000000000e+00,1.049797065815250424e-01
6.769792664372976942e-02,-7.371095766070330513e-02,7.697821275376093763e-04,1.151433941680028161e-01,1.048276527322650475e-01,2.039735099337748547e+00,3.000000000000000000e+00,1.000815395121288781e-01
9.177465630682972442e-02,-4.796862044367040945e-02,2.342334878734644247e-04,7.104996529272453176e-02,1.345904333018072829e-01,2.039735099337748547e+00,3.000000000000000000e+00,1.035547009435382193e-01
-4.524347173807095196e-02,9.033158314207995199e-02,6.220307313225284475e-04,-1.395539212173930455e-01,-7.065933689490738745e-02,2.039735099337748547e+00,3.000000000000000000e+00,1.010285437283351545e-01
-6.842248187489333167e-02,-7.437312559895767339e-02,6.172645031353782676e-04,1.156686065037472594e-01,-1.053113765678697078e-01,2.039735099337748547e+00,3.000000000000000000e+00,1.010593777799885240e-01
-6.218863039394340042e-02,8.313985277244073657e-02,1.928668027279949757e-04,-1.215574124848727566e-01,-9.111675621526778290e-02,2.039735099337748547e+00,3.000000000000000000e+00,1.038251456502596037e-01
1.680069477491574759e-02,1.036128441558268054e-01,2.128915251633865514e-05,-1.487464230861880177e-01,2.464909953560403752e-02,2.039735099337748547e+00,3.000000000000000000e+00,1.049661127172933500e-01
-8.435039662992266374e-02,-5.523727355999056426e-02,6.534341691779451365e-04,8.532735583525449807e-02,-1.310743887707921940e-01,2.039735099337748547e+00,3.000000000000000000e+00,1.008273068269033013e-01
-8.746867445455200341e-02,-5.361560941059883428e-02,3.805131223814427828e-04,8.023412117119690934e-02,-1.291141934100184518e-01,2.039735099337748547e+00,3.000000000000000000e+00,1.025933846956337270e-01
9.113060860672991814e-02,4.575576011031106533e-02,4.760660917405015670e-04,-6.901110603299807911e-02,1.375530356318197533e-01,2.039735099337748547e+00,3.000000000000000000e+00,1.019724345512321856e-01
-9.773721926375995850e-02,3.430056174277994196e-02,2.302484381400236196e-04,-5.115407091378079696e-02,-1.432515576555415948e-01,2.039735099337748547e+00,3.000000000000000000e+00,1.035813330928046644e-01
9.146885524189458938e-02,4.891413380186996479e-02,2.081893870156893884e-04,-7.102517283417544847e-02,1.344207718966895782e-01,2.039735099337748547e+00,3.000000000000000000e+00,1.037262935077210985e-01
7.277113093820761214e-02,7.483571423995041827e-02,1.089731062088927023e-04,-1.074588114529968913e-01,1.048775665062762069e-01,2.039735099337748547e+00,3.000000000000000000e+00,1.043840103839149963e-01
2.917847821877618195e-02,9.894506472116135209e-02,2.946468239057601561e-04,-1.465317899057386464e-01,4.280244855179957814e-02,2.039735099337748547e+00,3.000000000000000000e+00,1.031576920245814988e-01
-1.033596010389894460e-01,1.344214318795386269e-02,1.320921636554074445e-04,-1.918194560696906414e-02,-1.488965812417994139e-01,2.039735099337748547e+00,3.000000000000000000e+00,1.042300260981667559e-01
-6.794402901691060093e-02,7.338259510989500467e-02,7.812495725637881843e-04,-1.143609026804579265e-01,-1.056942615924105072e-01,2.039735099337748547e+00,3.000000000000000000e+00,1.000069814768627802e-01
-7.635106974991148765e-02,-7.072636787648102497e-02,1.554832587982242400e-04,1.015142110090598848e-01,-1.106368387416804960e-01,2.039735099337748547e+00,3.000000000000000000e+00,1.040754772506721493e-01
6.244752925000822581e-03,1.017981880083248664e-01,4.734561129180440845e-04,-1.541889663358930185e-01,9.878107434988965541e-03,2.039735099337748547e+00,3.000000000000000000e+00,1.019895485864731333e-01
-1.020451649557493345e-01,3.463496312581798055e-03,4.559596198244439706e-04,-4.311496959665775397e-03,-1.544653781163101702e-01,2.039735099337748547e+00,3.000000000000000000e+00,1.021039249860325321e-01
5.135559796180846903e-02,8.985875652663399826e-02,2.427900581805121096e-04,-1.324589258683474546e-01,7.459994030249769703e-02,2.039735099337748547e+00,3.000000000000000000e+00,1.034987611835416765e-01
1.795829272831646686e-02,1.000652610346941529e-01,5.235674459658038469e-04,-1.514130788228338631e-01,2.695132539046070017e-02,2.039735099337748547e+00,3.000000000000000000e+00,1.016639402327953468e-01
7.942944509070984371e-02,6.093632690670391927e-02,7.650334553235466940e-04,-9.452223219869021476e-02,1.237430893508081053e-01,2.039735099337748547e+00,3.000000000000000000e+00,1.001113014813950902e-01
-8.221172309468194328e-02,-6.490506167813099581e-02,5.473553178699610183e-05,9.292251889492215977e-02,-1.187410309111232021e-01,2.039735099337748547e+00,3.000000000000000000e+00,1.047446153539104419e-01
-4.080945763186728109e-02,-9.603829408170359849e-02,1.141431749243441421e-04,1.381477361473165966e-01,-5.879960003331752283e-02,2.039735099337748547e+00,3.000000000000000000e+00,1.043492489782794491e-01
-1.016267028135530576e-01,-1.967844745165946499e-02,2.403702547174032069e-04,2.824515297430886529e-02,-1.499503403820838243e-01,2.039735099337748547e+00,3.000000000000000000e+00,1.035143855648187478e-01
4.658537145820224740e-02,9.115604597029640377e-02,4.147461378922241856e-04,-1.379407824160344131e-01,6.967322076486541504e-02,2.039735099337748547e+00,3.000000000000000000e+00,1.023700227158198667e-01
-5.841574507605407779e-02,8.615249741493545554e-02,1.533501503249551346e-04,-1.238304143303594618e-01,-8.488099835199436338e-02,2.039735099337748547e+00,3.000000000000000000e+00,1.040896348519918524e-01
-9.854618432843093023e-02,-3.476779706418726967e-02,9.158806734414490019e-05,5.015888687249503430e-02,-1.414444307629961206e-01,2.039735099337748547e+00,3.000000000000000000e+00,1.044995222878535163e-01
2.887376276220646708e-03,-1.005217041926727284e-01,6.947331615707421412e-04,1.563608175862835348e-01,4.089163271419318270e-03,2.039735099337748547e+00,3.000000000000000000e+00,1.005631640092915918e-01
3.134778788067763000e-02,9.685826773074468488e-02,5.019256133233460657e-04,-1.464162521129956096e-01,4.710178193416150044e-02,2.039735099337748547e+00,3.000000000000000000e+00,1.018047534882953048e-01
8.594017465260862798e-02,-5.927396286481992349e-02,1.068214654060054274e-04,8.600921832243024756e-02,1.238768639520812231e-01,2.039735099337748547e+00,3.000000000000000000e+00,1.043988328144569155e-01
1.273882952394578445e-02,-9.989441503654342136e-02,6.728746871358737627e-04,1.545312743445342585e-01,1.921581838761588293e-02,2.039735099337748547e+00,3.000000000000000000e+00,1.007033859069959153e-01
-7.979907310341324833e-02,-6.635753783496767255e-02,1.992083292370558389e-04,9.661392030156927546e-02,-1.149232721603846985e-01,2.039735099337748547e+00,3.000000000000000000e+00,1.037844636527214398e-01
-1.620681443654588272e-02,1.021967935496471414e-01,2.463448782101062651e-04,-1.507524490239390280e-01,-2.372294741859178394e-02,2.039735099337748547e+00,3.000000000000000000e+00,1.034738877495662290e-01
1.027510142491756401e-01,3.667878885787979816e-04,3.563965114201414594e-04,-1.101429092758329786e-03,1.519718340780145671e-01,2.039735099337748547e+00,3.000000000000000000e+00,1.027516689041569897e-01
-8.804376549696428522e-02,5.583642181282046785e-02,1.281179995757183055e-04,-8.054764904120438607e-02,-1.273242498240391707e-01,2.039735099337748547e+00,3.000000000000000000e+00,1.042564657167297792e-01
4.635240695097195968e-02,9.032137326975607505e-02,5.455787771556629704e-04,-1.366978692005891005e-01,7.046975241689205915e-02,2.039735099337748547e+00,3.000000000000000000e+00,1.015209145914432731e-01
7.441811453836326591e-03,1.025119239366160673e-01,3.519773329414579944e-04,-1.522593230761024319e-01,1.089992834758296211e-02,2.039735099337748547e+00,3.000000000000000000e+00,1.027816866319141847e-01
-3.681473630714530987e-02,-9.822277784829203107e-02,3.208437948959396433e-05,1.407260489842921403e-01,-5.363577547929764683e-02,2.039735099337748547e+00,3.000000000000000000e+00,1.048953711924390381e-01
1.000176869869701668e-01,-1.922820526070332173e-02,4.950921441261187366e-04,2.890901054282755955e-02,1.517494671515113025e-01,2.039735099337748547e+00,3.000000000000000000e+00,1.018492100498147174e-01
3.540039702495813290e-02,9.447663651341743629e-02,6.434161277675280646e-04,-1.465847494239209403e-01,5.457198211505014801e-02,2.039735099337748547e+00,3.000000000000000000e+00,1.008911440930920639e-01
1.039803823907576863e-01,-3.870943901196744787e-03,1.590034194650576408e-04,5.382533517812653975e-03,1.507086535936372484e-01,2.039735099337748547e+00,3.000000000000000000e+00,1.040524104901679042e-01
9.746815866273000895e-02,-3.782994605890400291e-02,8.375370743020946022e-05,5.461079519988198960e-02,1.398468430244197702e-01,2.039735099337748547e+00,3.000000000000000000e+00,1.045521246647943409e-01
-3.330729063361259536e-03,-1.013394384045604030e-01,5.650665775567824834e-04,1.536375352101889691e-01,-5.171122077971655392e-03,2.039735099337748547e+00,3.000000000000000000e+00,1.013941592610008852e-01
-1.027271458117272329e-01,-2.623633728245687493e-03,3.550677836045240221e-04,4.698539488351399090e-03,-1.525273172641255504e-01,2.039735099337748547e+00,3.000000000000000000e+00,1.027606439283243051e-01
9.225443796335455748e-02,-4.703338739285442549e-02,2.343519927661221510e-04,6.886736439028878776e-02,1.354567278903081040e-01,2.039735099337748547e+00,3.000000000000000000e+00,1.035520200362153864e-01
-4.402098382503187579e-02,9.330428812786889514e-02,2.930908236010159196e-04,-1.379970541559083774e-01,-6.516347074960693320e-02,2.039735099337748547e+00,3.000000000000000000e+00,1.031675200824954258e-01
-9.124927884964613434e-02,-5.034421420336236686e-02,1.342974106936134678e-04,7.205514359689940695e-02,-1.317196332771700118e-01,2.039735099337748547e+00,3.000000000000000000e+00,1.042159814727784822e-01
7.596321761466240385e-03,1.034884760265073894e-01,2.016854935718179155e-04,-1.497827934727935795e-01,1.070683426675678174e-02,2.039735099337748547e+00,3.000000000000000000e+00,1.037668963330440897e-01
-8.192604228882593986e-02,6.431697122718879611e-02,1.432835520881599821e-04,-9.322438750512726524e-02,-1.176824630302784058e-01,2.039735099337748547e+00,3.000000000000000000e+00,1.041563689504848567e-01
9.176903275093739598e-02,-4.799819106582291217e-02,2.328893730200902522e-04,7.104996529272453176e-02,1.345904333018072829e-01,2.039735099337748547e+00,3.000000000000000000e+00,1.035634188197447486e-01
6.685184952070476194e-02,-8.084046304440779818e-02,3.094004723682802728e-05,1.160523125166672692e-01,9.628629372635079398e-02,2.039735099337748547e+00,3.000000000000000000e+00,1.049016217680795171e-01
9.373816859281197678e-02,-4.271899807305029606e-02,3.165397239826808935e-04,6.273254759192931074e-02,1.384161456251964406e-01,2.039735099337748547e+00,3.000000000000000000e+00,1.030133828563052217e-01
2.208703820330867526e-02,-9.962878758905255316e-02,4.646877336802323765e-04,1.498926968729628328e-01,3.373931678633232401e-02,2.039735099337748547e+00,3.000000000000000000e+00,1.020476975392339142e-01
-7.644727342153162519e-02,-7.058754929045923943e-02,1.589316479282242706e-04,1.015142110090598848e-01,-1.106368387416804960e-01,2.039735099337748547e+00,3.000000000000000000e+00,1.040518511532564222e-01
8.430103039423497702e-02,6.148117466983492319e-02,1.157752924238477320e-04,-8.830400561643916846e-02,1.214441248547713792e-01,2.039735099337748547e+00,3.000000000000000000e+00,1.043388641126233585e-01
5.294719184647671273e-02,-8.563129976633940266e-02,6.767231411167239433e-04,1.332503659179189448e-01,8.191094941955039122e-02,2.039735099337748547e+00,3.000000000000000000e+00,1.006783225133409121e-01
5.676896255022135379e-02,8.500852730350712261e-02,4.375744307989940613e-04,-1.284796965393628643e-01,8.588481192222255367e-02,2.039735099337748547e+00,3.000000000000000000e+00,1.022211564371072329e-01
-4.845099068027444028e-02,8.841423358302366586e-02,6.546484230707355330e-04,-1.373667048342737118e-01,-7.479020927604232427e-02,2.039735099337748547e+00,3.000000000000000000e+00,1.008195179415846549e-01
-9.606744517432961455e-03,1.044466536810622209e-01,3.305920237804288204e-05,-1.501862970845206091e-01,-1.398041253812211913e-02,2.039735099337748547e+00,3.000000000000000000e+00,1.048875254994366679e-01
9.905364997263838012e-02,2.755023215709649642e-02,3.470889834421185473e-04,-4.082802429132079136e-02,1.470805006894108091e-01,2.039735099337748547e+00,3.000000000000000000e+00,1.028136219808050422e-01
-9.860200566771908093e-02,-3.018672909740540561e-02,3.002172390318481638e-04,4.484571554041116154e-02,-1.450262696106445204e-01,2.039735099337748547e+00,3.000000000000000000e+00,1.031193198934954591e-01
9.035882597503065716e-02,-4.414783855858610273e-02,6.940757496029978900e-04,6.876850967158645855e-02,1.397237270792661135e-01,2.039735099337748547e+00,3.000000000000000000e+00,1.005671371819883142e-01
9.380335546593207563e-02,4.226468521711607834e-02,3.360683689032827265e-04,-6.327419322598346052e-02,1.387799667786306368e-01,2.039735099337748547e+00,3.000000000000000000e+00,1.028852424459889142e-01
-9.409921860254323589e-02,4.431075204159688752e-02,1.651657770112578477e-04,-6.429574413927960364e-02,-1.356902445130369339e-01,2.039735099337748547e+00,3.000000000000000000e+00,1.040101230078164102e-01
1.017037620985020707e-01,-2.568692142403532219e-02,3.159921310170236118e-05,3.729173532287118759e-02,1.461077048085060726e-01,2.039735099337748547e+00,3.000000000000000000e+00,1.048974411376810967e-01
7.900875136525790932e-02,6.391109912853006059e-02,5.302045923912086182e-04,-9.726485666382393702e-02,1.200378200824042257e-01,2.039735099337748547e+00,3.000000000000000000e+00,1.016219040567236109e-01
-8.759285777459377420e-02,5.241513024955048866e-02,4.597409033039123955e-04,-7.933823952460961060e-02,-1.326277681283512533e-01,2.039735099337748547e+00,3.000000000000000000e+00,1.020776891009859966e-01
9.808435619943921269e-02,2.686717078127152936e-02,5.184341819536480208e-04,-4.101244717689270236e-02,1.482385589958639671e-01,2.039735099337748547e+00,3.000000000000000000e+00,1.016975210949041808e-01
1.006804073540691902e-01,2.345661181894193384e-02,2.611634318706478248e-04,-3.440054202200518163e-02,1.486796914380318357e-01,2.039735099337748547e+00,3.000000000000000000e+00,1.033767723572652231e-01
9.219620004909315214e-02,4.277723786758683838e-02,5.277649809371619130e-04,-6.482389167681459896e-02,1.393374601048429640e-01,2.039735099337748547e+00,3.000000000000000000e+00,1.016367619666846273e-01
-1.668604681964606234e-02,1.004153168966823162e-01,5.039347176683212992e-04,-1.524777329670952697e-01,-2.494531436242958256e-02,2.039735099337748547e+00,3.000000000000000000e+00,1.017922395172075750e-01
1.014119197000082767e-01,-1.407843782705933515e-02,4.126169546011678423e-04,2.190137525295685061e-02,1.528199311790985337e-01,2.039735099337748547e+00,3.000000000000000000e+00,1.023844708385568680e-01
-9.039196777591361476e-02,4.702331605783318519e-02,4.885389625943776376e-04,-7.123622543261620699e-02,-1.370904563369217399e-01,2.039735099337748547e+00,3.000000000000000000e+00,1.018916095244190301e-01
2.566423739212967195e-02,9.731029522385677144e-02,6.830376733105381288e-04,-1.505320413153886927e-01,3.983145642646344908e-02,2.039735099337748547e+00,3.000000000000000000e+00,1.006376998816733148e-01
9.496069162972474442e-02,3.803361388710486263e-02,4.262877520649083619e-04,-5.759524768439744369e-02,1.434216690701055619e-01,2.039735099337748547e+00,3.000000000000000000e+00,1.022941285710428777e-01
9.913170629506137810e-02,-2.605372460363458362e-02,3.951182400456208798e-04,4.019026503285374335e-02,1.491724819817235592e-01,2.039735099337748547e+00,3.000000000000000000e+00,1.024982524665291328e-01
-1.029230294628309117e-01,-1.440084128840300563e-02,1.779116054203835559e-04,2.135008968283825040e-02,-1.486251940229200708e-01,2.039735099337748547e+00,3.000000000000000000e+00,1.039256187069412252e-01
8.054062016398150226e-02,6.434846858164257333e-02,3.049467599180216877e-04,-9.510129885097116931e-02,1.193728713660855700e-01,2.039735099337748547e+00,3.000000000000000000e+00,1.030898487010306341e-01
2.677687040846375363e-02,9.909717588148425627e-02,3.717322592063500666e-04,-1.475256024684966916e-01,3.912247402518170825e-02,2.039735099337748547e+00,3.000000000000000000e+00,1.026511132748081229e-01
7.043784235158617735e-02,7.183581073309416865e-02,6.877308566666322752e-04,-1.116461569665869041e-01,1.095805388905344568e-01,2.039735099337748547e+00,3.000000000000000000e+00,1.006075212835891020e-01
9.096829929154889860e-02,-4.306349463547248096e-02,6.816738534810207108e-04,6.666205450567500024e-02,1.407315886872650412e-01,2.039735099337748547e+00,3.000000000000000000e+00,1.006463911236571973e-01
8.958604945691073240e-02,-5.439349489714682268e-02,4.546062222357755492e-05,7.878837228718894858e-02,1.285708992905738590e-01,2.039735099337748547e+00,3.000000000000000000e+00,1.048060711238714138e-01
3.954009364763409057e-02,-9.674109501810826406e-02,9.016304600536372742e-05,1.391239030497614104e-01,5.650942576147682805e-02,2.039735099337748547e+00,3.000000000000000000e+00,1.045096094671027209e-01
-1.020925713120114514e-01,-4.928359913944616380e-03,4.391612539480112525e-04,7.084511947326104647e-03,-1.543303409206068233e-01,2.039735099337748547e+00,3.000000000000000000e+00,1.022114565425007587e-01
-9.695446835521862039e-02,3.896706368700433853e-02,9.276903690291303636e-05,-5.628006711119748484e-02,-1.392105169463103420e-01,2.039735099337748547e+00,3.000000000000000000e+00,1.044921096850386089e-01
-1.017675727994503398e-01,2.373499043026009239e-03,5.033206674918670352e-04,-3.465750389369950425e-03,-1.538353712677045237e-01,2.039735099337748547e+00,3.000000000000000000e+00,1.017952472917997703e-01
-1.015575294469891615e-01,-1.376641464961619876e-02,3.966572056485095812e-04,2.083942308118696615e-02,-1.530863333642399071e-01,2.039735099337748547e+00,3.000000000000000000e+00,1.024863208417652050e-01
-6.670990313364898172e-02,8.098354891311286552e-02,2.800509711277265104e-05,-1.160825453938483520e-01,-9.631145367515883682e-02,2.039735099337748547e+00,3.000000000000000000e+00,1.049216201298062978e-01
-1.641472245066999402e-02,-1.028720408744683706e-01,1.406435409612704637e-04,1.483436359727192677e-01,-2.327447453436636352e-02,2.039735099337748547e+00,3.000000000000000000e+00,1.041734126675843281e-01
-5.597755947416597697e-03,1.007278874318161266e-01,6.447986305732747231e-04,-1.554590173595424007e-01,-8.751256350546833540e-03,2.039735099337748547e+00,3.000000000000000000e+00,1.008833097103949000e-01
8.551480336957618250e-03,-1.043046503834157979e-01,6.825761996478399863e-05,1.503487564204827598e-01,1.183274141301440992e-02,2.039735099337748547e+00,3.000000000000000000e+00,1.046546124523901472e-01
-2.025208838302625450e-02,-9.956390805843240432e-02,5.329867769449248959e-04,1.507633637671337290e-01,-3.036437764433371281e-02,2.039735099337748547e+00,3.000000000000000000e+00,1.016027503158348916e-01
9.131511875675064893e-02,-4.894920661744162071e-02,2.262580691260419278e-04,7.293553574075065105e-02,1.340774937963240543e-01,2.039735099337748547e+00,3.000000000000000000e+00,1.036073150990626940e-01
-7.351172714700876520e-02,7.002271035284819700e-02,5.451542997634916494e-04,-1.056310023699694040e-01,-1.117791677655373545e-01,2.039735099337748547e+00,3.000000000000000000e+00,1.015241547282967477e-01
-3.059253064396384725e-02,9.594548263930603726e-02,6.726392085322539056e-04,-1.482459136208969797e-01,-4.767697507059921042e-02,2.039735099337748547e+00,3.000000000000000000e+00,1.007047097711484540e-01
-1.018066241536024208e-01,1.182809869196549228e-02,3.960262166963363366e-04,-1.855995732142496496e-02,-1.533901725797361115e-01,2.039735099337748547e+00,3.000000000000000000e+00,1.024914271547612832e-01
-9.709876047296447932e-02,2.990471700863168991e-02,5.336604795673890924e-04,-4.563412207792720554e-02,-1.474826376324078481e-01,2.039735099337748547e+00,3.000000000000000000e+00,1.015995146875833949e-01
5.250219586210270323e-02,-8.861643821345455141e-02,3.183483951287055611e-04,1.310859809497660622e-01,7.674349745196221151e-02,2.039735099337748547e+00,3.000000000000000000e+00,1.030017169370569391e-01
9.565039247918367959e-02,3.046461319281253480e-02,7.224300432953712284e-04,-4.711963918374878491e-02,1.484198369094508196e-01,2.039735099337748547e+00,3.000000000000000000e+00,1.003847111785931556e-01
-8.046268772752310575e-03,-1.023620074232375748e-01,3.676134481613898132e-04,1.539898368430209219e-01,-1.097035797195224094e-02,2.039735099337748547e+00,3.000000000000000000e+00,1.026777629522493684e-01
3.884118499723128535e-03,-1.009460981521985712e-01,6.231702125705693672e-04,1.562674637597118166e-01,6.421951989330626498e-03,2.039735099337748547e+00,3.000000000000000000e+00,1.010207954268486225e-01
5.220834275728782753e-02,-9.108222694433217026e-02,1.846932301091327322e-05,1.306709581989136115e-01,7.502885964173264255e-02,2.039735099337748547e+00,3.000000000000000000e+00,1.049842041385335156e-01
9.209652076300577084e-02,-4.363957555127184751e-02,4.852829346053951572e-04,6.589883978888501359e-02,1.396770456484330847e-01,2.039735099337748547e+00,3.000000000000000000e+00,1.019126179182240216e-01
9.393893248539904317e-02,4.510482164392144722e-02,1.356050461056429175e-04,-6.525362251193844720e-02,1.355485189295385084e-01,2.039735099337748547e+00,3.000000000000000000e+00,1.042063720317827902e-01
-1.079692985110505300e-02,-1.035590113651874700e-01,1.485255416331035397e-04,1.493516333031940091e-01,-1.536379657746965444e-02,2.039735099337748547e+00,3.000000000000000000e+00,1.041203271659511820e-01
3.178954798571212437e-02,9.741091889975961315e-02,3.997830083718941245e-04,-1.466813372426882256e-01,4.855172888272986376e-02,2.039735099337748547e+00,3.000000000000000000e+00,1.024668848069045096e-01
-6.895129267571407927e-02,-7.245987525266597840e-02,7.786620230414017466e-04,1.127574200966014600e-01,-1.073917627963768551e-01,2.039735099337748547e+00,3.000000000000000000e+00,1.000235686390157641e-01
-2.487253765004424425e-02,-1.013704844580559788e-01,1.100515355097074130e-04,1.457620201093666190e-01,-3.614489158138267655e-02,2.039735099337748547e+00,3.000000000000000000e+00,1.043772879912763241e-01
8.323954338266308789e-03,1.021708797497265647e-01,3.931660558043016326e-04,-1.515107513815844853e-01,1.195813732405239839e-02,2.039735099337748547e+00,3.000000000000000000e+00,1.025093990064258886e-01
3.907656828972470159e-02,9.640962525471145905e-02,1.624666550993909115e-04,-1.391197028152593440e-01,5.650547847396066026e-02,2.039735099337748547e+00,3.000000000000000000e+00,1.040278521889951152e-01
-1.014173810594884428e-01,8.228350023663830171e-03,5.102463994431614969e-04,-1.267793310387873781e-02,-1.532908251609687023e-01,2.039735099337748547e+00,3.000000000000000000e+00,1.017506310795044250e-01
7.768129051268636565e-02,6.494122204464895798e-02,5.874347856021169562e-04,-9.787014340617569697e-02,1.186663328908307835e-01,2.039735099337748547e+00,3.000000000000000000e+00,1.012509022990352309e-01
9.909725133564223354e-02,3.256801873754607002e-02,1.199246354516251564e-04,-4.640797172147572563e-02,1.428116554733416255e-01,2.039735099337748547e+00,3.000000000000000000e+00,1.043117494185990535e-01
-4.720704140005692329e-02,8.874325034336691398e-02,7.017082636526753188e-04,-1.373111397563307190e-01,-7.343574908217363750e-02,2.039735099337748547e+00,3.000000000000000000e+00,1.005180045526779392e-01
-9.999058620874906600e-02,-2.651470912408196694e-03,7.784173868760167888e-04,4.669547539516222950e-03,-1.556497312007309730e-01,2.039735099337748547e+00,3.000000000000000000e+00,1.000257348304356420e-01
-5.874893571146064947e-02,8.209041132566016752e-02,6.346933692115506315e-04,-1.274457898323421989e-01,-9.071752991101864061e-02,2.039735099337748547e+00,3.000000000000000000e+00,1.009468824622405669e-01
-1.360459431473259873e-02,-1.000100250166477689e-01,6.372182569163618252e-04,1.549223268789887697e-01,-2.163944852766798432e-02,2.039735099337748547e+00,3.000000000000000000e+00,1.009311155704670088e-01
7.666359029271346825e-02,-7.004513942771475876e-02,1.902026485893440629e-04,1.010435012177744174e-01,1.114867543867118088e-01,2.039735099337748547e+00,3.000000000000000000e+00,1.038442469952814973e-01
-4.378495072207021221e-02,-9.162645286068162032e-02,5.412372491410048867e-04,1.392998210393133485e-01,-6.682484988224070277e-02,2.039735099337748547e+00,3.000000000000000000e+00,1.015506217290905039e-01
-7.477891565319756684e-02,6.732319016416253576e-02,6.858813879494355444e-04,-1.043939934695148619e-01,-1.155341286661149131e-01,2.039735099337748547e+00,3.000000000000000000e+00,1.006195714567897914e-01
9.385815429567288815e-02,3.465210789854046569e-02,7.744647371856614631e-04,-5.374397754040242253e-02,1.461432627947627516e-01,2.039735099337748547e+00,3.000000000000000000e+00,1.000505957483633912e-01
2.906260628015174680e-02,-9.949198407733958471e-02,2.194604307648345448e-04,1.465327721295600627e-01,4.279449381870812502e-02,2.039735099337748547e+00,3.000000000000000000e+00,1.036498431230877953e-01
-2.277604019328052093e-02,1.024759291176359777e-01,1.968446279271949084e-05,-1.471236240167219100e-01,-3.310670175741271815e-02,2.039735099337748547e+00,3.000000000000000000e+00,1.049764928705883421e-01
-4.267690620691277914e-02,-9.465857793856655156e-02,1.915367622827356489e-04,1.367107007871101176e-01,-6.208572129550781610e-02,2.039735099337748547e+00,3.000000000000000000e+00,1.038343136961250718e-01
1.561701733759942277e-02,-1.030413554573409302e-01,1.339764951283279920e-04,1.490821083920369494e-01,2.252236701346964701e-02,2.039735099337748547e+00,3.000000000000000000e+00,1.042180990279949621e-01
5.925739809694559324e-02,-8.287627915868117645e-02,4.900395887994337448e-04,1.257869977562055819e-01,8.972299001053050949e-02,2.039735099337748547e+00,3.000000000000000000e+00,1.018818770754030822e-01
-1.290272033037130790e-02,1.004051628569515298e-01,5.903802627124517775e-04,-1.552441611747703565e-01,-1.925605022334297978e-02,2.039735099337748547e+00,3.000000000000000000e+00,1.012308101333518756e-01
-9.748193077112808635e-02,-3.320667581076609115e-02,3.210197690516048124e-04,4.953310425013127127e-02,-1.443608851488326350e-01,2.039735099337748547e+00,3.000000000000000000e+00,1.029825720462852201e-01
8.095443832577833843e-03,1.031579641789836382e-01,2.463447122575117710e-04,-1.515107513815844853e-01,1.195813732405239839e-02,2.039735099337748547e+00,3.000000000000000000e+00,1.034751264043629604e-01
8.034563783768475242e-02,-6.391233719912606248e-02,3.696606081150089320e-04,9.390778287396200907e-02,1.194677431684368490e-01,2.039735099337748547e+00,3.000000000000000000e+00,1.026655169265668910e-01
-9.909130045072608861e-02,3.180037723067746097e-02,1.563945215561286556e-04,-4.551376559591769483e-02,-1.435565707483643927e-01,2.039735099337748547e+00,3.000000000000000000e+00,1.040689666376555245e-01
4.216121573733259270e-02,9.156285263356361837e-02,6.571040533280902507e-04,-1.421097732832546090e-01,6.535765732764053926e-02,2.039735099337748547e+00,3.000000000000000000e+00,1.008033932704925917e-01
1.004238202953492975e-01,-8.102701784882600233e-03,6.655376835274905839e-04,1.282927280013488290e-02,1.551986468490275939e-01,2.039735099337748547e+00,3.000000000000000000e+00,1.007501734932865906e-01
-7.505885359915800623e-03,1.002299589445211359e-01,7.029107681291530069e-04,-1.553331177651219586e-01,-1.108302906693360568e-02,2.039735099337748547e+00,3.000000000000000000e+00,1.005106113057551293e-01
-1.011148536475828807e-01,1.271799684622327035e-03,6.073302979292529921e-04,-1.178732974152080226e-03,-1.564176458031825978e-01,2.039735099337748547e+00,3.000000000000000000e+00,1.011228515351990653e-01
9.990119848148103221e-02,2.474516330636985020e-02,3.308337556862720168e-04,-3.649316864813255401e-02,1.482012101036484508e-01,2.039735099337748547e+00,3.000000000000000000e+00,1.029202242763548464e-01
6.297828806752497899e-02,7.821008115317608367e-02,7.177814503639622871e-04,-1.212222801687905249e-01,9.773824761642867232e-02,2.039735099337748547e+00,3.000000000000000000e+00,1.004145485569822582e-01
7.745982137059496779e-03,-1.004277514057937831e-01,6.693092698851144584e-04,1.552206007252277808e-01,1.224527905062098264e-02,2.039735099337748547e+00,3.000000000000000000e+00,1.007260318472417565e-01
-3.971535446356229404e-02,9.637033432042181602e-02,1.317773616308284682e-04,-1.393540922308582897e-01,-5.772236733691427785e-02,2.039735099337748547e+00,3.000000000000000000e+00,1.042331555561677725e-01
1.880644854020916898e-02,-1.011043265200360919e-01,3.429602638479176992e-04,1.494279727735611241e-01,2.794119769482221460e-02,2.039735099337748547e+00,3.000000000000000000e+00,1.028385499108462192e-01
2.134817753832079015e-02,9.921658946748888874e-02,5.509843293423318574e-04,-1.509970979045128781e-01,3.227206403788429601e-02,2.039735099337748547e+00,3.000000000000000000e+00,1.014873209310793167e-01
4.543785402314558242e-02,9.440235931167617611e-02,5.102568864061648871e-05,-1.357766619911169037e-01,6.555729854425790259e-02,2.039735099337748547e+00,3.000000000000000000e+00,1.047683350151156212e-01
-5.989838549968148212e-02,8.037513181919812844e-02,7.450222558422429225e-04,-1.248030533605670733e-01,-9.312819413180628558e-02,2.039735099337748547e+00,3.000000000000000000e+00,1.002396049494506253e-01
8.777657738398067858e-03,-1.006555651781218391e-01,6.205007187096453578e-04,1.558167581266350354e-01,1.346164189105025083e-02,2.039735099337748547e+00,3.000000000000000000e+00,1.010375676503526693e-01
-1.001337511559172860e-01,1.654869238365798065e-02,5.502785186954749913e-04,-2.531201169794130082e-02,-1.524061978835707654e-01,2.039735099337748547e+00,3.000000000000000000e+00,1.014920062870180301e-01
-9.146816572031753190e-02,-4.441894498727477769e-02,5.207687163357736966e-04,6.715637267402022048e-02,-1.391410365763466328e-01,2.039735099337748547e+00,3.000000000000000000e+00,1.016831746850088009e-01
9.430922181973541707e-02,4.532641606316725746e-02,7.091810126516677167e-05,-6.548619940109806636e-02,1.356294642768956504e-01,2.039735099337748547e+00,3.000000000000000000e+00,1.046360994751591722e-01
-9.064342173124510793e-02,-4.375069034069477975e-02,6.811788901586019428e-04,6.770644763383498743e-02,-1.402095225030497994e-01,2.039735099337748547e+00,3.000000000000000000e+00,1.006496537919317480e-01
8.167246101028848015e-02,-5.926698004547912429e-02,6.403771106094065333e-04,9.213869709174933587e-02,1.263772607127681136e-01,2.039735099337748547e+00,3.000000000000000000e+00,1.009106823442806472e-01
9.959764717727891126e-02,-1.479657800623446207e-02,6.747731282659412020e-04,2.338809385565199239e-02,1.546598704562819893e-01,2.039735099337748547e+00,3.000000000000000000e+00,1.006907644421488890e-01
8.713567738306510213e-02,5.407869008898966157e-02,3.868549183435572385e-04,-8.056939717739511342e-02,1.295801484923852220e-01,2.039735099337748547e+00,3.000000000000000000e+00,1.025530642874536019e-01
5.389579104239723868e-03,1.032480491066686545e-01,2.595050342741795669e-04,-1.524049090044627408e-01,8.694187954708033905e-03,2.039735099337748547e+00,3.000000000000000000e+00,1.033886222330770710e-01
2.884084454083261310e-03,1.034960651925501685e-01,2.367860663001146286e-04,-1.525847832471478593e-01,4.233017481331053516e-03,2.039735099337748547e+00,3.000000000000000000e+00,1.035362422221266371e-01
-8.284731415691420908e-02,-6.129079800896654329e-02,3.104260005653489141e-04,9.119909019995077470e-02,-1.217444138501465184e-01,2.039735099337748547e+00,3.000000000000000000e+00,1.030545456716508712e-01
2.542017455584415220e-02,-9.838080574954624624e-02,5.315779191296899839e-04,1.490746843296424096e-01,3.825266925934921181e-02,2.039735099337748547e+00,3.000000000000000000e+00,1.016118507575742291e-01
-3.941228014718318323e-03,-1.044028736282291980e-01,9.487694762784291264e-05,1.505644535044588783e-01,-5.377411262900558438e-03,2.039735099337748547e+00,3.000000000000000000e+00,1.044772381913687265e-01
-1.884624089525558733e-03,-1.025625989099126362e-01,3.828504847340580774e-04,1.526354298258798536e-01,-2.395299302941566837e-03,2.039735099337748547e+00,3.000000000000000000e+00,1.025799127661670002e-01
-6.331723574825852408e-02,8.139779950705960943e-02,2.996354737666084909e-04,-1.207942643006670452e-01,-9.328601680188708389e-02,2.039735099337748547e+00,3.000000000000000000e+00,1.031245562773097230e-01
-8.314759534175207578e-02,5.706134827336717397e-02,6.509103903652807771e-04,-8.790853542388853137e-02,-1.285433547518982367e-01,2.039735099337748547e+00,3.000000000000000000e+00,1.008440383854705413e-01
-6.797881554669586712e-02,7.391631013575492015e-02,7.165367038533079248e-04,-1.143609026804579265e-01,-1.056942615924105072e-01,2.039735099337748547e+00,3.000000000000000000e+00,1.004228075051519647e-01
9.207586176177812165e-02,4.235699601950273369e-02,5.717743242832735648e-04,-6.482389167681459896e-02,1.393374601048429640e-01,2.039735099337748547e+00,3.000000000000000000e+00,1.013512675350942277e-01
-9.152937797819683460e-03,9.967294232225179518e-02,7.681770392548968466e-04,-1.551502926429238760e-01,-1.341110822633649613e-02,2.039735099337748547e+00,3.000000000000000000e+00,1.000923158964047988e-01
1.012975873589225390e-01,1.991312957173556331e-02,2.826782399363145432e-04,-2.851179466837269749e-02,1.493522506405550176e-01,2.039735099337748547e+00,3.000000000000000000e+00,1.032363014354896052e-01
7.665851393967917926e-02,-6.503334089377181548e-02,7.001906165683517702e-04,1.013233931660935672e-01,1.191866063734710324e-01,2.039735099337748547e+00,3.000000000000000000e+00,1.005279224257893539e-01
-3.041236974907985530e-02,9.905188457613636754e-02,2.247979204336706294e-04,-1.457536419875378741e-01,-4.534023245322386930e-02,2.039735099337748547e+00,3.000000000000000000e+00,1.036155783260364338e-01
8.579058320143063965e-02,5.845111804573418363e-02,1.951768876414758142e-04,-8.476232650899236110e-02,1.239549111104494422e-01,2.039735099337748547e+00,3.000000000000000000e+00,1.038101987611908250e-01
4.808804578517303363e-02,8.788876219361568820e-02,7.536631351340827541e-04,-1.367621621205639681e-01,7.446611011801683444e-02,2.039735099337748547e+00,3.000000000000000000e+00,1.001843034979174180e-01
-6.752368924340934608e-02,-7.979179127091778900e-02,8.724144691309449059e-05,1.146241655209879334e-01,-9.685162063020723300e-02,2.039735099337748547e+00,3.000000000000000000e+00,1.045283624824488861e-01
-6.653563410712519388e-02,7.542471364633518416e-02,6.923946632920637825e-04,-1.172474792550552564e-01,-1.035637337167596983e-01,2.039735099337748547e+00,3.000000000000000000e+00,1.005777213634754252e-01
-2.562130362068685066e-03,-1.036852906004323144e-01,2.094823420538291471e-04,1.520549757642453148e-01,-4.291911622981064989e-03,2.039735099337748547e+00,3.000000000000000000e+00,1.037169417158466528e-01
8.940819532817748105e-02,-4.744164537619069422e-02,5.930262898479929075e-04,7.427628716775640239e-02,1.376804087264945353e-01,2.039735099337748547e+00,3.000000000000000000e+00,1.012152908795986850e-01
-1.021971479594876858e-01,-2.919399489061906463e-03,4.348352397259967099e-04,4.299685060945343529e-03,-1.544656745706438628e-01,2.039735099337748547e+00,3.000000000000000000e+00,1.022388377498010953e-01
1.019718179200027192e-01,-8.146166849651586758e-03,4.259292640970723572e-04,1.265984395356922754e-02,1.540318046073517744e-01,2.039735099337748547e+00,3.000000000000000000e+00,1.022966846200430296e-01
1.246926488819983907e-02,1.022100056924160616e-01,3.234650425828336289e-04,-1.507828915789661273e-01,1.861356164223174070e-02,2.039735099337748547e+00,3.000000000000000000e+00,1.029677999691933632e-01
-1.012110374891081327e-01,-1.597614435608341954e-03,5.917385488305784962e-04,3.529921418977205461e-03,-1.563731909597338432e-01,2.039735099337748547e+00,3.000000000000000000e+00,1.012236458615600188e-01
2.401962602356112059e-02,-1.017617016308346722e-01,8.274322782446497213e-05,1.463356437900002194e-01,3.499545476862331306e-02,2.039735099337748547e+00,3.000000000000000000e+00,1.045580525503165409e-01
8.165888342037007364e-02,-5.911092180716950167e-02,6.564720119786584748e-04,9.213869709174933587e-02,1.263772607127681136e-01,2.039735099337748547e+00,3.000000000000000000e+00,1.008081064119096398e-01
-6.473357608613139469e-02,-7.983121361735852350e-02,3.522041926573061827e-04,1.181017723749808040e-01,-9.640535731720345503e-02,2.039735099337748547e+00,3.000000000000000000e+00,1.027786871900944754e-01
-1.013716746652458256e-01,-6.269298601108843662e-03,5.389295067537036186e-04,9.379131072744337216e-03,-1.542593846620975429e-01,2.039735099337748547e+00,3.000000000000000000e+00,1.015653510277314403e-01
9.267787314254734288e-02,-4.420796169838225875e-02,3.668617541114903313e-04,6.492058279819311328e-02,1.373540882555731035e-01,2.039735099337748547e+00,3.000000000000000000e+00,1.026817025947258516e-01
-4.741724417853438595e-02,9.129839989911150977e-02,3.371912625565957455e-04,-1.349712267984645997e-01,-6.974990871427680372e-02,2.039735099337748547e+00,3.000000000000000000e+00,1.028775625179020187e-01
8.580975124819791022e-02,5.277684067839439469e-02,6.669777562108937302e-04,-8.237984125150912829e-02,1.329667360353725680e-01,2.039735099337748547e+00,3.000000000000000000e+00,1.007407977001881227e-01
8.327731816625215389e-02,6.277030234264706354e-02,1.239967565852032570e-04,-9.005097440603390679e-02,1.201445504230583272e-01,2.039735099337748547e+00,3.000000000000000000e+00,1.042843352433648896e-01
-4.240867105328486458e-02,9.574515492583665632e-02,5.890062138150898652e-05,-1.375495442018702663e-01,-6.163370996067169677e-02,2.039735099337748547e+00,3.000000000000000000e+00,1.047169044246352015e-01
2.365628835707210293e-03,1.031964214611101605e-01,2.846646559213602060e-04,-1.519376172030608985e-01,3.000961518593026067e-03,2.039735099337748547e+00,3.000000000000000000e+00,1.032235322112521475e-01
9.829916455133527742e-02,2.492555069248858154e-02,5.629303651029280396e-04,-3.794294429583152523e-02,1.497852178246588395e-01,2.039735099337748547e+00,3.000000000000000000e+00,1.014101022029576110e-01
-7.350548357280778378e-02,7.023469250935281127e-02,5.234256244215123232e-04,-1.069471992602858967e-01,-1.115149492044453794e-01,2.039735099337748547e+00,3.000000000000000000e+00,1.016659635628151398e-01
8.669255353559313093e-02,-5.828778124467894062e-02,9.668229624949271775e-05,8.423600948486230366e-02,1.250989464322365685e-01,2.039735099337748547e+00,3.000000000000000000e+00,1.044656129113749471e-01
9.349053940909481109e-02,-4.545824789978725883e-02,1.731474262054862826e-04,6.722868308714491370e-02,1.363382094857813753e-01,2.039735099337748547e+00,3.000000000000000000e+00,1.039564007703326631e-01
1.026165048735331042e-01,2.094414288062787163e-02,5.673904895333890726e-05,-3.099447979151692678e-02,1.475432468854772639e-01,2.039735099337748547e+00,3.000000000000000000e+00,1.047320590529184497e-01
-2.839680300926360136e-04,1.043550882293030752e-01,1.132590254808675594e-04,-1.501281452630746638e-01,-1.707951176113109426e-04,2.039735099337748547e+00,3.000000000000000000e+00,1.043554745913588544e-01
-9.025759402652369645e-02,5.129932543746094226e-02,1.940622417048729672e-04,-7.402207744295721814e-02,-1.306450959492829189e-01,2.039735099337748547e+00,3.000000000000000000e+00,1.038174073544282511e-01
-5.316878677626241806e-02,8.578593950060908746e-02,6.379421633014093537e-04,-1.326732685011983159e-01,-8.286799119120083490e-02,2.039735099337748547e+00,3.000000000000000000e+00,1.009264450144847780e-01
-8.383692048262855745e-02,-5.579451121358330185e-02,6.724781533555852916e-04,8.595908085938204490e-02,-1.298288714616472050e-01,2.039735099337748547e+00,3.000000000000000000e+00,1.007057928699896382e-01
-6.690269660612373215e-02,-8.010026565644176588e-02,1.119708548193947396e-04,1.160827369607274479e-01,-9.631155242340036504e-02,2.039735099337748547e+00,3.000000000000000000e+00,1.043648569749587030e-01
-1.010664258042866109e-01,5.116866043086198751e-04,6.158012375208313672e-04,-1.178732974152080226e-03,-1.564176458031825978e-01,2.039735099337748547e+00,3.000000000000000000e+00,1.010677210984515934e-01
9.496404802802302370e-02,3.147968640594593637e-02,7.752566324069079745e-04,-4.934019142097875038e-02,1.476974670587253013e-01,2.039735099337748547e+00,3.000000000000000000e+00,1.000456949302935411e-01
-9.689399368118553624e-02,3.509868336129111366e-02,3.101535742048537733e-04,-5.120471471077207848e-02,-1.431365392578359541e-01,2.039735099337748547e+00,3.000000000000000000e+00,1.030551482711358630e-01
-9.251064808315334620e-02,4.622916150875930330e-02,2.549915478438253029e-04,-6.807762613054044176e-02,-1.358633791304446892e-01,2.039735099337748547e+00,3.000000000000000000e+00,1.034183512852916986e-01
2.526412365235594301e-02,1.008516700523710841e-01,1.715237747654089508e-04,-1.457631704977879195e-01,3.608746862681752599e-02,2.039735099337748547e+00,3.000000000000000000e+00,1.039679532176807503e-01
-5.692634883823149972e-02,-8.783692145628052561e-02,6.584560641839823467e-05,1.262780294562604599e-01,-8.243388012514821228e-02,2.039735099337748547e+00,3.000000000000000000e+00,1.046705974138335271e-01
8.838961862738742292e-02,-5.625232504498746400e-02,5.060489622252878556e-05,8.060058292202885999e-02,1.274081219760244410e-01,2.039735099337748547e+00,3.000000000000000000e+00,1.047714119121333498e-01
1.023527422643281948e-01,3.124730208237273821e-03,4.102305823494071212e-04,-5.668018902562244922e-03,1.543867081716645273e-01,2.039735099337748547e+00,3.000000000000000000e+00,1.024004286509693495e-01
2.465108851677642876e-02,-1.018531805462350032e-01,4.716100536031467484e-05,1.464380305440249885e-01,3.515666983115268984e-02,2.039735099337748547e+00,3.000000000000000000e+00,1.047938287898953075e-01
-4.474579612113262911e-02,9.023582166476416810e-02,6.700874668332820836e-04,-1.394521178259781335e-01,-6.928542153724635833e-02,2.039735099337748547e+00,3.000000000000000000e+00,1.007208507809038006e-01
-8.192890292372159711e-02,6.346664760670660266e-02,2.217325221757849630e-04,-9.303455685105202488e-02,-1.210039038646185672e-01,2.039735099337748547e+00,3.000000000000000000e+00,1.036357105090637831e-01
-8.520773227310223311e-03,1.005920132280368195e-01,6.340609467347106849e-04,-1.551502926429238760e-01,-1.341110822633649613e-02,2.039735099337748547e+00,3.000000000000000000e+00,1.009522496116890961e-01
9.768325046121335842e-02,2.441416912914079820e-02,6.752462365419272189e-04,-3.813829733835560204e-02,1.509799469111629544e-01,2.039735099337748547e+00,3.000000000000000000e+00,1.006879788005223125e-01
-1.710883464611652818e-02,-1.015338136839475658e-01,3.240321348722337465e-04,1.499806735816297532e-01,-2.453498200467520152e-02,2.039735099337748547e+00,3.000000000000000000e+00,1.029651763663557013e-01
6.132115269933588464e-02,-8.463684204192210847e-02,8.910072045102545451e-05,1.215359250584112094e-01,8.817461501679343949e-02,2.039735099337748547e+00,3.000000000000000000e+00,1.045164044502323170e-01
4.582290934459610360e-02,9.231011054038416874e-02,3.098705763025052422e-04,-1.368597838913513942e-01,6.759799660776463770e-02,2.039735099337748547e+00,3.000000000000000000e+00,1.030577291074328689e-01
4.155318011357567176e-02,-9.455119455158242370e-02,2.760556202473562278e-04,1.396512675454890662e-01,6.148007515285124069e-02,2.039735099337748547e+00,3.000000000000000000e+00,1.032792097601567122e-01
-9.726644251934384033e-02,2.352753645171624247e-02,7.712480605421671853e-04,-3.700655359908025521e-02,-1.512671843714420150e-01,2.039735099337748547e+00,3.000000000000000000e+00,1.000715034955289157e-01
5.355317522523309753e-02,8.484434359235654144e-02,7.307921097644751434e-04,-1.320461756328794312e-01,8.252696989081438617e-02,2.039735099337748547e+00,3.000000000000000000e+00,1.003319750444611469e-01
-9.767898689817539060e-02,3.780837979254154241e-02,5.536052657742270987e-05,-5.369855283342702540e-02,-1.408907999062869176e-01,2.039735099337748547e+00,3.000000000000000000e+00,1.047409092188481272e-01
-6.208940461131004507e-02,8.318339633859619942e-02,1.966148909422456097e-04,-1.215574124848727566e-01,-9.111675621526778290e-02,2.039735099337748547e+00,3.000000000000000000e+00,1.038006338680595303e-01
-1.071853225657098431e-02,-1.007085405421148938e-01,5.830843286693028092e-04,1.528176019281484999e-01,-1.670016120527292869e-02,2.039735099337748547e+00,3.000000000000000000e+00,1.012773275311801974e-01
1.605396564585892180e-02,1.000963693545731947e-01,5.679497502046305067e-04,-1.518116918914332036e-01,2.471196833685764677e-02,2.039735099337748547e+00,3.000000000000000000e+00,1.013756034306359105e-01
6.999698746813232120e-02,-7.220246123443702091e-02,6.947846887223551281e-04,1.119535799938021353e-01,1.082386086144680043e-01,2.039735099337748547e+00,3.000000000000000000e+00,1.005622874785784410e-01
-8.912904034846308443e-02,5.320041708909994949e-02,1.971044588034168914e-04,-7.781043768545811701e-02,-1.284232748941492031e-01,2.039735099337748547e+00,3.000000000000000000e+00,1.037991821349867755e-01
-8.859197206364370636e-02,-4.902204118641732139e-02,5.872101389120056069e-04,7.531665643966986567e-02,-1.370950625721358840e-01,2.039735099337748547e+00,3.000000000000000000e+00,1.012506693123962770e-01
-9.899460043951623101e-02,3.396797279902054323e-02,6.745803169239795007e-05,-4.879623052102449038e-02,-1.419906336470078134e-01,2.039735099337748547e+00,3.000000000000000000e+00,1.046601838917478045e-01
9.883957408967192215e-02,-1.591550299754853487e-02,7.648106116256464960e-04,2.441572908121326588e-02,1.537815212567046341e-01,2.039735099337748547e+00,3.000000000000000000e+00,1.001127596357862942e-01
3.021066785043381026e-02,-1.002787032537160727e-01,5.670138312289544019e-05,1.443640261141587444e-01,4.351112208614358462e-02,2.039735099337748547e+00,3.000000000000000000e+00,1.047306200603055765e-01
-1.005408824630376757e-01,2.318947064815332637e-02,2.911942913610749057e-04,-3.483395117422989629e-02,-1.486220488004272033e-01,2.039735099337748547e+00,3.000000000000000000e+00,1.031805243027380803e-01
-9.360685833582745030e-02,4.322400513530025301e-02,3.027134906912443916e-04,-6.404330408491430704e-02,-1.378213920684233929e-01,2.039735099337748547e+00,3.000000000000000000e+00,1.031046000304551430e-01
-9.728375610485077984e-02,3.775756938555777098e-02,1.134540421600488912e-04,-5.429825985415248635e-02,-1.399627073370752484e-01,2.039735099337748547e+00,3.000000000000000000e+00,1.043540284213949343e-01
-2.122940924489264553e-02,-1.001397258810692997e-01,4.153920606666744800e-04,1.512134983378737307e-01,-3.170096776998430899e-02,2.039735099337748547e+00,3.000000000000000000e+00,1.023652896074779550e-01
-2.409382609978743400e-02,9.882493752059351433e-02,5.151328504569414836e-04,-1.492817981524573734e-01,-3.706210068629985782e-02,2.039735099337748547e+00,3.000000000000000000e+00,1.017196182261613235e-01
9.356388084235593705e-02,4.200226269447871613e-02,3.859072226117106442e-04,-6.327419322598346052e-02,1.387799667786306368e-01,2.039735099337748547e+00,3.000000000000000000e+00,1.025592017799406286e-01
-9.391247169836028363e-02,3.915720700107778313e-02,5.105294066126342054e-04,-5.951833520483103962e-02,-1.418303225736774198e-01,2.039735099337748547e+00,3.000000000000000000e+00,1.017489026998354140e-01
3.108975663654967719e-02,9.892062238655469075e-02,2.134653219636853708e-04,-1.459136715286706854e-01,4.484489809578177250e-02,2.039735099337748547e+00,3.000000000000000000e+00,1.036911881553260473e-01
9.969323282767715566e-02,2.070587226728495822e-02,4.994938363246598581e-04,-3.136054976056103227e-02,1.512214695224524952e-01,2.039735099337748547e+00,3.000000000000000000e+00,1.018207926603528629e-01
9.031813493511817170e-02,-4.302690588891975448e-02,7.756115972863426161e-04,6.666205450567500024e-02,1.407315886872650412e-01,2.039735099337748547e+00,3.000000000000000000e+00,1.000433912286672333e-01
6.846585747788612453e-02,7.773780374022566664e-02,2.290266564246042471e-04,-1.139531383468165293e-01,1.005108495579223327e-01,2.039735099337748547e+00,3.000000000000000000e+00,1.035892840526280445e-01
5.811732400031162371e-02,8.469392910173835498e-02,3.617344063389092462e-04,-1.250055865399198052e-01,8.639505228369470657e-02,2.039735099337748547e+00,3.000000000000000000e+00,1.027165272760303255e-01
7.569020455259629909e-02,7.117690695520202671e-02,1.816033716553244249e-04,-1.045060486079633921e-01,1.103947410102461280e-01,2.039735099337748547e+00,3.000000000000000000e+00,1.038997552880821518e-01
9.081829721403407440e-02,-4.852688038606816495e-02,3.231489986433080117e-04,7.112640758675023434e-02,1.343571530820182047e-01,2.039735099337748547e+00,3.000000000000000000e+00,1.029700015968747911e-01
-1.037155272329990802e-01,1.622283136332417289e-02,1.982594413936437697e-05,-2.252720915887323691e-02,-1.491145450012529572e-01,2.039735099337748547e+00,3.000000000000000000e+00,1.049766204764747968e-01
-8.750679244425588199e-02,5.034198449942042797e-02,6.336807944460106767e-04,-7.737037008255169546e-02,-1.359429228213590857e-01,2.039735099337748547e+00,3.000000000000000000e+00,1.009542179763776165e-01
8.382438630896781040e-02,-5.860431856560815306e-02,4.287061659843689884e-04,8.821030107183945590e-02,1.268623754555712191e-01,2.039735099337748547e+00,3.000000000000000000e+00,1.022790002620985461e-01
-1.022192089195670672e-01,-2.211183213501411587e-02,7.907052322205635245e-05,3.212093228165669584e-02,-1.466811279306523830e-01,2.039735099337748547e+00,3.000000000000000000e+00,1.045834585032888592e-01
-9.791143204964954105e-02,3.011614840758996062e-02,4.041570456378196815e-04,-4.563412207792720554e-02,-1.474826376324078481e-01,2.039735099337748547e+00,3.000000000000000000e+00,1.024384250216739817e-01
-5.337570775334451317e-02,8.789693884983214300e-02,3.439635287840251115e-04,-1.295241724366420488e-01,-7.951003283691042423e-02,2.039735099337748547e+00,3.000000000000000000e+00,1.028340315136072741e-01
-6.462283986969886984e-02,7.683021738015423374e-02,7.209700127617545747e-04,-1.189969912561974624e-01,-1.004430311592852676e-01,2.039735099337748547e+00,3.000000000000000000e+00,1.003941917418856300e-01
-1.018812735914116085e-01,-1.730210324398641711e-02,2.668529508483776132e-04,2.599214170446411537e-02,-1.503541706009194623e-01,2.039735099337748547e+00,3.000000000000000000e+00,1.033400052509851064e-01
-8.894159153703937171e-02,5.340999309079647733e-02,2.048797461754317875e-04,-7.901713222565451278e-02,-1.305898986663531769e-01,2.039735099337748547e+00,3.000000000000000000e+00,1.037460074754709832e-01
6.778871710131412209e-02,7.571939054717140294e-02,5.287233934410924627e-04,-1.145064188507748243e-01,1.027023284456217572e-01,2.039735099337748547e+00,3.000000000000000000e+00,1.016303904896417726e-01
-5.690692907537994727e-02,-8.643587477926971407e-02,2.444596249420443877e-04,1.271253295305750652e-01,-8.443892613901214650e-02,2.039735099337748547e+00,3.000000000000000000e+00,1.034869993073908728e-01
-9.763821591437508995e-02,-3.465763020764904556e-02,2.261645029896330698e-04,5.116134194738444774e-02,-1.432541878472186059e-01,2.039735099337748547e+00,3.000000000000000000e+00,1.036068170467188826e-01
4.090516421720071828e-03,-1.000551731044989623e-01,7.610673326288258872e-04,1.562674637597118166e-01,6.421951989330626498e-03,2.039735099337748547e+00,3.000000000000000000e+00,1.001387536849126930e-01
8.490105592780675114e-02,5.440645085613179943e-02,6.517329430393617971e-04,-8.437497155618617350e-02,1.317050300328046764e-01,2.039735099337748547e+00,3.000000000000000000e+00,1.008377468630534957e-01
-9.856949743379042617e-02,-1.997642725702890656e-02,6.931246959955395621e-04,3.142809479822131213e-02,-1.532291260810882128e-01,2.039735099337748547e+00,3.000000000000000000e+00,1.005733735652999949e-01
6.288782679075376192e-02,-7.914659413752044015e-02,6.124096335843162622e-04,1.224905081939072771e-01,9.722093826498041935e-02,2.039735099337748547e+00,3.000000000000000000e+00,1.010893769000147241e-01
9.836727087420493731e-02,2.057077854096008365e-02,7.053376832954829116e-04,-3.130700064847615621e-02,1.525288052810790107e-01,2.039735099337748547e+00,3.000000000000000000e+00,1.004951586347343911e-01
3.885186826766057200e-02,-9.720007418057838300e-02,6.478939907479873926e-05,1.401432486434681379e-01,5.571826863698857435e-02,2.039735099337748547e+00,3.000000000000000000e+00,1.046772281281730943e-01
-7.753722676700817995e-02,7.030168366853054018e-02,6.690829395896959663e-05,-1.011681163388058885e-01,-1.118221406189377765e-01,2.039735099337748547e+00,3.000000000000000000e+00,1.046630224164608464e-01
6.206940283584738011e-02,-8.351564496793950632e-02,1.584390423066941642e-04,1.202643319221241985e-01,8.992740149030790942e-02,2.039735099337748547e+00,3.000000000000000000e+00,1.040551475075097848e-01
2.931038874882049144e-02,-9.843418355562852384e-02,3.633395339903061410e-04,1.456636319314304207e-01,4.343128055063423532e-02,2.039735099337748547e+00,3.000000000000000000e+00,1.027053425137667841e-01
-9.907080760789772900e-02,-1.662433368779894088e-02,7.113507196702340213e-04,2.556853929123754920e-02,-1.535976338020449972e-01,2.039735099337748547e+00,3.000000000000000000e+00,1.004559276033245019e-01
1.031889907255331140e-01,1.424395331370278787e-02,1.415116348868678041e-04,-2.102043839375878492e-02,1.486379325161815979e-01,2.039735099337748547e+00,3.000000000000000000e+00,1.041674517925686022e-01
2.407320581994638886e-02,1.018922413816232414e-01,6.175781232611148583e-05,-1.464392362757572785e-01,3.515698373253301617e-02,2.039735099337748547e+00,3.000000000000000000e+00,1.046974120607595399e-01
-9.406069296713946704e-02,-3.466074027792332563e-02,7.446644771531385314e-04,5.395029989275780535e-02,-1.468438271563856368e-01,2.039735099337748547e+00,3.000000000000000000e+00,1.002436076668838660e-01
-5.692310828030092140e-02,-8.233928027211161182e-02,7.670668766748308786e-04,1.275434897738513818e-01,-8.934653778161195936e-02,2.039735099337748547e+00,3.000000000000000000e+00,1.000999367233576798e-01
-2.398621320477248298e-02,1.016171972653563821e-01,1.052090232045687073e-04,-1.462610663244814091e-01,-3.401914023821689392e-02,2.039735099337748547e+00,3.000000000000000000e+00,1.044097371128342305e-01
-5.932085011859095786e-02,8.604515273215261606e-02,8.977189222591908774e-05,-1.238556817144154942e-01,-8.599452885795541568e-02,2.039735099337748547e+00,3.000000000000000000e+00,1.045118728541968300e-01
1.022544462247348546e-01,8.873902252121285139e-03,3.736675086845691295e-04,-1.233952709986376253e-02,1.514533886607391244e-01,2.039735099337748547e+00,3.000000000000000000e+00,1.026387739302618424e-01
9.579761191537182474e-02,4.141730082648432953e-02,1.113869091551481183e-04,-5.963695477841834264e-02,1.383546183539330898e-01,2.039735099337748547e+00,3.000000000000000000e+00,1.043675009590614294e-01
-8.188956960708308752e-03,1.021660524028204509e-01,3.959114490730948296e-04,-1.539473621860909525e-01,-1.353370044987365489e-02,2.039735099337748547e+00,3.000000000000000000e+00,1.024937133666264794e-01
7.729405207932207866e-02,6.892359914583157110e-02,2.331185908984579713e-04,-1.018025938046592943e-01,1.136498324009880545e-01,2.039735099337748547e+00,3.000000000000000000e+00,1.035607696285433532e-01
9.403221633562923454e-02,4.559089921345831770e-02,9.116821035805940023e-05,-6.548619940109806636e-02,1.356294642768956504e-01,2.039735099337748547e+00,3.000000000000000000e+00,1.045016162558373568e-01
9.491262165188966982e-02,3.197802843052686972e-02,7.582638870158721171e-04,-4.934019142097875038e-02,1.476974670587253013e-01,2.039735099337748547e+00,3.000000000000000000e+00,1.001548803161300821e-01
3.847635357447781734e-02,9.461786910460094624e-02,4.500290658393884765e-04,-1.424836825556584641e-01,5.790585000791075021e-02,2.039735099337748547e+00,3.000000000000000000e+00,1.021419156775690701e-01
9.608420627110447754e-02,-3.449134955931328766e-02,4.584198600651287654e-04,5.200261370171100489e-02,1.447631307133790957e-01,2.039735099337748547e+00,3.000000000000000000e+00,1.020873542079081125e-01
5.953419061763379899e-02,8.259544653801006997e-02,5.003110630321758612e-04,-1.246340356043656450e-01,9.013671601224500229e-02,2.039735099337748547e+00,3.000000000000000000e+00,1.018151641029470394e-01
5.896817428669248740e-02,-8.595409348359293877e-02,1.310811719257155676e-04,1.240206337912163337e-01,8.460053428806132980e-02,2.039735099337748547e+00,3.000000000000000000e+00,1.042369980635089871e-01
8.136869821143709325e-02,6.005511501835189558e-02,6.061582138740591753e-04,-9.210107803959706463e-02,1.264370598815724722e-01,2.039735099337748547e+00,3.000000000000000000e+00,1.011310134849414122e-01
2.831975564327694414e-02,-9.628934759248918007e-02,7.251448205999387435e-04,1.492845156417957897e-01,4.433178785255921517e-02,2.039735099337748547e+00,3.000000000000000000e+00,1.003675595971234014e-01
-1.026104406073024694e-01,-3.403386738895237094e-03,3.692048150344970706e-04,4.698539488351399090e-03,-1.525273172641255504e-01,2.039735099337748547e+00,3.000000000000000000e+00,1.026668669187836697e-01
-8.216578199223242840e-02,5.802666733612681094e-02,6.904946570322844203e-04,-8.981225391927874502e-02,-1.271909578191161294e-01,2.039735099337748547e+00,3.000000000000000000e+00,1.005898098841656735e-01
-8.932014942241651989e-02,4.543836095165247613e-02,7.493512977961776797e-04,-6.980590739182480908e-02,-1.391880344762257971e-01,2.039735099337748547e+00,3.000000000000000000e+00,1.002134409089692479e-01
1.260828789563274779e-02,-9.934942353572064067e-02,7.596013824866455939e-04,1.545312743445342585e-01,1.921581838761588293e-02,2.039735099337748547e+00,3.000000000000000000e+00,1.001462774172817705e-01
-8.542467512599849488e-03,1.018527204056011298e-01,4.393637776183391473e-04,-1.539473621860909525e-01,-1.353370044987365489e-02,2.039735099337748547e+00,3.000000000000000000e+00,1.022103243573044412e-01
-8.661496256267230825e-03,-1.020439134488401317e-01,4.085429928718816816e-04,1.537913946162261236e-01,-1.377761824109718924e-02,2.039735099337748547e+00,3.000000000000000000e+00,1.024108480062132231e-01
6.662822736023649162e-02,-8.018423906060175022e-02,1.286281071129885794e-04,1.160523125166672692e-01,9.628629372635079398e-02,2.039735099337748547e+00,3.000000000000000000e+00,1.042536947781473045e-01
-5.403714547639509175e-02,8.633398075102344249e-02,4.948240797273293842e-04,-1.304523755091264170e-01,-8.148697355832695832e-02,2.039735099337748547e+00,3.000000000000000000e+00,1.018507207807346493e-01
-6.131607982607877039e-02,8.207223201850021022e-02,4.026302135484119849e-04,-1.223890983745268141e-01,-9.116520007795654579e-02,2.039735099337748547e+00,3.000000000000000000e+00,1.024476105809042081e-01
-8.090284101064662559e-02,-6.044157194007413608e-02,6.284364833643616777e-04,9.311484075689166473e-02,-1.257045458959232809e-01,2.039735099337748547e+00,3.000000000000000000e+00,1.009873917980909364e-01
-5.766887484060123636e-02,8.441901683088366692e-02,4.354248157690426054e-04,-1.279573266518277130e-01,-8.659305439491857270e-02,2.039735099337748547e+00,3.000000000000000000e+00,1.022363415233250028e-01
1.020964353841474909e-01,-7.939998390216496463e-03,4.093442717338572744e-04,1.265984395356922754e-02,1.540318046073517744e-01,2.039735099337748547e+00,3.000000000000000000e+00,1.024047151872707756e-01
6.867697618503586232e-02,7.382935697152633037e-02,6.525441589306927356e-04,-1.148653184424024976e-01,1.061739588474776841e-01,2.039735099337748547e+00,3.000000000000000000e+00,1.008330353046512501e-01
-2.440674957125482311e-02,-1.000477454084752887e-01,3.214196593483118771e-04,1.477820197555861914e-01,-3.555633679616635595e-02,2.039735099337748547e+00,3.000000000000000000e+00,1.029817497712727514e-01
-8.691377061797254944e-02,5.258095348676118663e-02,5.363487432203397319e-04,-8.003456738328278142e-02,-1.313347673517023528e-01,2.039735099337748547e+00,3.000000000000000000e+00,1.015812984392820834e-01
-1.026502648103535115e-01,1.633964431945499063e-02,1.752701840648518145e-04,-2.352105487445670454e-02,-1.483048494768421099e-01,2.039735099337748547e+00,3.000000000000000000e+00,1.039425843536805616e-01
-3.977952917121395371e-02,9.259219185827785581e-02,6.615002746459426857e-04,-1.435520138905792831e-01,-6.217840927379063298e-02,2.039735099337748547e+00,3.000000000000000000e+00,1.007756167641934986e-01
-3.474860824896881806e-02,9.501626922155527455e-02,5.996497114504043989e-04,-1.470134906039561595e-01,-5.341545732562128640e-02,2.039735099337748547e+00,3.000000000000000000e+00,1.011709305681398607e-01
7.402691471256089839e-02,-7.352715945056093050e-02,1.159602841364474241e-04,1.059073270724754101e-01,1.063364188672514254e-01,2.039735099337748547e+00,3.000000000000000000e+00,1.043370848678885354e-01
-5.374324780858913408e-02,8.585469022696076702e-02,5.812974986356778204e-04,-1.304523755091264170e-01,-8.148697355832695832e-02,2.039735099337748547e+00,3.000000000000000000e+00,1.012885211610023151e-01
1.967498486814356004e-03,-1.018777457393464092e-01,4.877320901523849047e-04,1.544792781077367616e-01,3.043476919035614792e-03,2.039735099337748547e+00,3.000000000000000000e+00,1.018967424760307688e-01
-9.424162053407102169e-02,3.550540672844401668e-02,6.720637879503115310e-04,-5.484399885079893622e-02,-1.457514883679861539e-01,2.039735099337748547e+00,3.000000000000000000e+00,1.007080778678655641e-01
-3.191248538116019107e-02,9.535297414353237355e-02,6.965264274036564581e-04,-1.475283598948461672e-01,-4.989936547297958019e-02,2.039735099337748547e+00,3.000000000000000000e+00,1.005514614574045673e-01
-5.368819798350610815e-04,-1.034660180022227566e-01,2.474005759826622777e-04,1.526483929778936766e-01,-2.618093388955244905e-04,2.039735099337748547e+00,3.000000000000000000e+00,1.034674109248731322e-01
-2.408368572567095439e-02,-1.010136618032137779e-01,1.901590870552110420e-04,1.462601502661562969e-01,-3.404108139263525151e-02,2.039735099337748547e+00,3.000000000000000000e+00,1.038449988638207588e-01
-1.033106814189904965e-01,1.805155235145801049e-02,3.503524520324109964e-05,-2.677021782101571268e-02,-1.483772230896187871e-01,2.039735099337748547e+00,3.000000000000000000e+00,1.048759049427158835e-01
-4.515428350233072902e-02,-9.286724518547048723e-02,2.786260900875728438e-04,1.370063373619347102e-01,-6.720518879297286696e-02,2.039735099337748547e+00,3.000000000000000000e+00,1.032629388839342854e-01
-8.227858370545830524e-02,-5.701539496720711697e-02,7.666555208677441023e-04,8.790952513621475006e-02,-1.285445911072145286e-01,2.039735099337748547e+00,3.000000000000000000e+00,1.001025504162742913e-01
-3.563091143279188688e-02,9.406474146252599700e-02,6.909804744769925278e-04,-1.461831108773851695e-01,-5.561414822411069048e-02,2.039735099337748547e+00,3.000000000000000000e+00,1.005869645428438125e-01
7.720472758272475811e-02,6.722409765999608211e-02,4.148792030275373784e-04,-1.007529966313242681e-01,1.171099945487239502e-01,2.039735099337748547e+00,3.000000000000000000e+00,1.023701580897647678e-01
3.860839013815035858e-02,-9.697465205431736457e-02,1.099469679924173224e-04,1.401432486434681379e-01,5.571826863698857435e-02,2.039735099337748547e+00,3.000000000000000000e+00,1.043776361588800577e-01
4.844410438217122000e-02,-9.183713540763577265e-02,1.920398773324402263e-04,1.346132913133959441e-01,7.098120261150382693e-02,2.039735099337748547e+00,3.000000000000000000e+00,1.038310680349149168e-01
5.886025454065924034e-02,-8.468383008175238424e-02,2.988101705857409474e-04,1.250098668457796935e-01,8.638796755871012978e-02,2.039735099337748547e+00,3.000000000000000000e+00,1.031304060008798040e-01
-8.708598014851996749e-02,-5.002039761921362598e-02,7.156009730858960876e-04,7.803046661121902650e-02,-1.347635007353842340e-01,2.039735099337748547e+00,3.000000000000000000e+00,1.004291198627800669e-01
-6.835604017368572538e-02,7.443133133321792883e-02,6.175285910009436054e-04,-1.156582600825873525e-01,-1.053166015356242907e-01,2.039735099337748547e+00,3.000000000000000000e+00,1.010572674885968220e-01
1.003767664664277498e-01,-2.429853917683718820e-02,2.766612451499415111e-04,3.648808002785039473e-02,1.481990526932678298e-01,2.039735099337748547e+00,3.000000000000000000e+00,1.032759132246433703e-01
9.839646102181710818e-02,3.537951035372251252e-02,8.201766791896993980e-05,-5.053871154126847454e-02,1.413857078311410720e-01,2.039735099337748547e+00,3.000000000000000000e+00,1.045637283884193330e-01
4.099462473221097275e-02,-9.355233298776371997e-02,4.503549240047853152e-04,1.418158631516266144e-01,6.128149850502795370e-02,2.039735099337748547e+00,3.000000000000000000e+00,1.021400913666530297e-01
-9.145510523195173047e-02,-5.157821563656163344e-02,1.689386661996591940e-05,7.321446934595358946e-02,-1.318356333887595877e-01,2.039735099337748547e+00,3.000000000000000000e+00,1.049968980553188380e-01
4.107712387045076019e-02,9.554107450686881442e-02,1.672704160088523285e-04,-1.384494668824934049e-01,5.967787465587185564e-02,2.039735099337748547e+00,3.000000000000000000e+00,1.039972452683022436e-01
-2.929154657868694722e-02,-9.800638783226420236e-02,4.271490381670842249e-04,1.478300810857954006e-01,-4.493021970248601421e-02,2.039735099337748547e+00,3.000000000000000000e+00,1.022900129870925878e-01
-7.158849377527784497e-02,-7.137348214200123220e-02,6.124516918755660297e-04,1.108288040280840520e-01,-1.103774510814228005e-01,2.039735099337748547e+00,3.000000000000000000e+00,1.010894969523914722e-01
-8.400874424118310799e-03,1.036508466489409613e-01,1.680175700954471556e-04,-1.495514119517853679e-01,-1.259891865569281316e-02,2.039735099337748547e+00,3.000000000000000000e+00,1.039907337320594150e-01
-1.033906985790387506e-01,-1.867828112389073071e-03,2.565025301735284835e-04,2.067795154892387854e-03,-1.526072716487062442e-01,2.039735099337748547e+00,3.000000000000000000e+00,1.034075690388236435e-01
-4.812636386959919660e-02,-9.328414121638858858e-02,2.109000459676781402e-05,1.338613584100297738e-01,-6.941407609282410074e-02,2.039735099337748547e+00,3.000000000000000000e+00,1.049670324520427245e-01
3.016240967796592412e-02,9.783722251156362626e-02,4.131605942106254554e-04,-1.473864665664689766e-01,4.635399978592640025e-02,2.039735099337748547e+00,3.000000000000000000e+00,1.023811167469795835e-01
-9.246065827425900552e-02,-4.191947596164335987e-02,5.457789341512071443e-04,6.373432942626310049e-02,-1.399725364825242790e-01,2.039735099337748547e+00,3.000000000000000000e+00,1.015195340484189579e-01
-5.158493189871702495e-02,8.906757644885186787e-02,3.297151105577012420e-04,-1.318128840723677420e-01,-7.565446294510780323e-02,2.039735099337748547e+00,3.000000000000000000e+00,1.029273451200765355e-01
9.377853366597427298e-02,4.236200859994397605e-02,3.333550789463537089e-04,-6.327419322598346052e-02,1.387799667786306368e-01,2.039735099337748547e+00,3.000000000000000000e+00,1.029026391749113395e-01
-1.246516678503579957e-03,-1.028384488578440725e-01,3.419971582861053858e-04,1.519998771313711694e-01,-1.532934885653190228e-03,2.039735099337748547e+00,3.000000000000000000e+00,1.028460031664682472e-01
9.634373298509127381e-02,-3.299053631757945665e-02,4.971338447875832834e-04,4.980431572578106203e-02,1.455300175714634159e-01,2.039735099337748547e+00,3.000000000000000000e+00,1.018356046381818925e-01
3.358224726635199164e-02,-9.764385994141233649e-02,2.794538207784289289e-04,1.445251556040265395e-01,4.910994926322446996e-02,2.039735099337748547e+00,3.000000000000000000e+00,1.032574002951679726e-01
-7.376268864871078634e-02,7.074950548718224319e-02,4.396856073253580703e-04,-1.069471992602858967e-01,-1.115149492044453794e-01,2.039735099337748547e+00,3.000000000000000000e+00,1.022077627353591839e-01
7.883548838250239998e-02,6.174839959622509949e-02,7.606867242731100206e-04,-9.637284709295251828e-02,1.223190921435870770e-01,2.039735099337748547e+00,3.000000000000000000e+00,1.001393982466579624e-01
-6.901793419615884217e-02,-7.884334730889300258e-02,4.863368575352988200e-05,1.132109317782431374e-01,-9.952193534812227294e-02,2.039735099337748547e+00,3.000000000000000000e+00,1.047842958442534861e-01
1.380480969005003396e-02,-9.987261521146610643e-02,6.543194439969808856e-04,1.542189585981991462e-01,2.152995813264188193e-02,2.039735099337748547e+00,3.000000000000000000e+00,1.008221802965799246e-01
7.019200435781669523e-02,-7.279380488117219439e-02,6.074021244793855086e-04,1.132691885104844809e-01,1.078873580218498995e-01,2.039735099337748547e+00,3.000000000000000000e+00,1.011229721915150592e-01
-9.663455041764781872e-02,-4.075717173287370793e-02,3.480903463924805183e-05,5.834427571175531541e-02,-1.383375044417292365e-01,2.039735099337748547e+00,3.000000000000000000e+00,1.048779451652437633e-01
8.686097557807474778e-02,-5.815175377821778235e-02,8.707128713410099456e-05,8.423600948486230366e-02,1.250989464322365685e-01,2.039735099337748547e+00,3.000000000000000000e+00,1.045296873900298518e-01
1.015523681571590953e-01,-1.923888419396288171e-02,2.638818407995089993e-04,2.822175746576596408e-02,1.492973616384920543e-01,2.039735099337748547e+00,3.000000000000000000e+00,1.033586868306476531e-01
5.138092021230518391e-02,-8.622352686859705018e-02,7.246303353127935692e-04,1.344533688723718590e-01,7.990360419948974724e-02,2.039735099337748547e+00,3.000000000000000000e+00,1.003717866111934337e-01
-6.281769498314808409e-02,8.081107108105391179e-02,4.173502867049464935e-04,-1.211383125643305664e-01,-9.479493027181838671e-02,2.039735099337748547e+00,3.000000000000000000e+00,1.023547361496427027e-01
-6.022007128722848407e-02,-8.115492760445855436e-02,6.175716199377403841e-04,1.260904135618199085e-01,-9.258478065194034046e-02,2.039735099337748547e+00,3.000000000000000000e+00,1.010573068131334629e-01
-1.046987803563915603e-01,-1.379161694881627883e-04,6.174971039983548229e-05,1.076469946947547756e-03,-1.507537634624416256e-01,2.039735099337748547e+00,3.000000000000000000e+00,1.046988711925096599e-01
-8.198416208819191142e-02,6.241666051427419148e-02,3.127045133160460478e-04,-9.129560993418671389e-02,-1.215276679623306794e-01,2.039735099337748547e+00,3.000000000000000000e+00,1.030400036056728641e-01
-4.373710439680193046e-02,-9.299906013812836436e-02,3.537099588592363796e-04,1.380509407376323550e-01,-6.514093609865460877e-02,2.039735099337748547e+00,3.000000000000000000e+00,1.027704212679502738e-01
1.259509064945276390e-02,-1.036656050296246162e-01,1.023470856520064575e-04,1.496794894416240140e-01,1.825772929696674318e-02,2.039735099337748547e+00,3.000000000000000000e+00,1.044279367536583292e-01
9.772319775972078057e-03,1.013643629676413971e-01,4.974426441193586113e-04,-1.538343175086039072e-01,1.440443752055964657e-02,2.039735099337748547e+00,3.000000000000000000e+00,1.018343375961154179e-01
-7.563511225987239184e-02,6.590713876427654883e-02,7.323250734679953924e-04,-1.026520024821786087e-01,-1.170891662162747565e-01,2.039735099337748547e+00,3.000000000000000000e+00,1.003215886370281834e-01
9.124032764403858242e-02,4.650176750442977514e-02,4.089117224418019943e-04,-6.998211163653318689e-02,1.377052779013917261e-01,2.039735099337748547e+00,3.000000000000000000e+00,1.024070884735405057e-01
-9.847274756661687778e-02,-1.924888821473510342e-02,7.299663085483253143e-04,3.016565915421899613e-02,-1.527750476034788751e-01,2.039735099337748547e+00,3.000000000000000000e+00,1.003364425860415743e-01
6.425402653061228209e-02,-7.813766245376929653e-02,6.008219042656192787e-04,1.210178996138386864e-01,9.907024996799641825e-02,2.039735099337748547e+00,3.000000000000000000e+00,1.011636012562612125e-01
9.825076855854179836e-02,-3.202507401803970921e-02,2.669880359591517930e-04,4.722301139198141484e-02,1.451866443493278203e-01,2.039735099337748547e+00,3.000000000000000000e+00,1.033383708416436564e-01
4.704068099100867928e-02,-8.892428360223382511e-02,6.889618491386340603e-04,1.378772947897186907e-01,7.241430923651324958e-02,2.039735099337748547e+00,3.000000000000000000e+00,1.005999695937745131e-01
-7.694229635932320344e-02,6.768977294049598192e-02,3.977252349590381514e-04,-1.019042131845794702e-01,-1.161383851827613167e-01,2.039735099337748547e+00,3.000000000000000000e+00,1.024793751434005529e-01
6.339730028231442549e-02,8.360634777420342112e-02,2.741402483317216559e-05,-1.200777793607445271e-01,9.123411544237604309e-02,2.039735099337748547e+00,3.000000000000000000e+00,1.049249211161342454e-01
-9.222671508313799726e-02,4.974029654052305321e-02,4.855787276184653353e-05,-7.131973154004693505e-02,-1.328589435126880380e-01,2.039735099337748547e+00,3.000000000000000000e+00,1.047848465903609694e-01
9.990152390223158707e-02,1.022331843325420889e-02,7.165807220171404928e-04,-1.515407687037567501e-02,1.549782029789572857e-01,2.039735099337748547e+00,3.000000000000000000e+00,1.004232578528294062e-01
-1.907872486052535066e-02,1.012708432913823758e-01,3.106814865013637060e-04,-1.499802156925157393e-01,-2.807768870235018838e-02,2.039735099337748547e+00,3.000000000000000000e+00,1.030523238129609220e-01
5.230711581400031285e-02,8.578826315640478151e-02,7.081573900141078723e-04,-1.332577569749496815e-01,8.053074828155243337e-02,2.039735099337748547e+00,3.000000000000000000e+00,1.004771638740455247e-01
4.245182836675041177e-02,-9.288620139108941243e-02,4.523174816864943882e-04,1.397421026178393977e-01,6.426928212775945282e-02,2.039735099337748547e+00,3.000000000000000000e+00,1.021273917249728574e-01
-5.599484734858133778e-02,8.637698977291577429e-02,3.280361132660522192e-04,-1.271105413028569275e-01,-8.328954742539231015e-02,2.039735099337748547e+00,3.000000000000000000e+00,1.029388521979010679e-01
-3.097777669036293723e-03,1.042396511213166399e-01,1.236699282650459094e-04,-1.500116997883374492e-01,-4.587352685277656938e-03,2.039735099337748547e+00,3.000000000000000000e+00,1.042856705994672506e-01
9.864837046738218762e-02,3.265742647490312012e-02,1.798808236112061916e-04,-4.640797172147572563e-02,1.428116554733416255e-01,2.039735099337748547e+00,3.000000000000000000e+00,1.039134664027410171e-01
5.041090129909418099e-02,9.052773064619104582e-02,2.246527795127171143e-04,-1.324589258683474546e-01,7.459994030249769703e-02,2.039735099337748547e+00,3.000000000000000000e+00,1.036172234029475170e-01
5.989335660337554573e-02,8.309120035419613470e-02,4.059494782151079335e-04,-1.257815961264293347e-01,8.972281105076429508e-02,2.039735099337748547e+00,3.000000000000000000e+00,1.024273486014368739e-01
6.390963685297720853e-02,-8.090195676793530966e-02,3.034460253224596999e-04,1.195645663150015914e-01,9.493338788131183703e-02,2.039735099337748547e+00,3.000000000000000000e+00,1.030997977280280337e-01
9.050662550096801040e-02,-4.286806682658103607e-02,7.596735587329871663e-04,6.666205450567500024e-02,1.407315886872650412e-01,2.039735099337748547e+00,3.000000000000000000e+00,1.001454962193542159e-01
6.146883937616648939e-03,-1.013278270626370714e-01,5.467194742360016865e-04,1.535471792490804288e-01,8.634452914399766768e-03,2.039735099337748547e+00,3.000000000000000000e+00,1.015141010863920140e-01
-9.915346531185185996e-02,-3.243988287257078967e-02,1.178515393013748188e-04,4.640691363750585469e-02,-1.428233790090213950e-01,2.039735099337748547e+00,3.000000000000000000e+00,1.043252399188936558e-01
-4.592695912903267674e-03,-1.029740726829587172e-01,3.067646733697598055e-04,1.524975037118973809e-01,-6.206280023658094364e-03,2.039735099337748547e+00,3.000000000000000000e+00,1.030764400853253354e-01
-9.856418872100526640e-02,1.775142457006296734e-02,7.590049311027393698e-04,-2.786989945153577758e-02,-1.532022737231504006e-01,2.039735099337748547e+00,3.000000000000000000e+00,1.001499494383126382e-01
-8.611829969930979989e-02,-5.278957437670714348e-02,6.247475957288242763e-04,8.143193395291110914e-02,-1.335761244099386014e-01,2.039735099337748547e+00,3.000000000000000000e+00,1.010103989991824464e-01
-9.025019502893809331e-02,5.166314027594660213e-02,1.680985543050902606e-04,-7.402207744295721814e-02,-1.306450959492829189e-01,2.039735099337748547e+00,3.000000000000000000e+00,1.039912388902714119e-01
1.430227430186624925e-02,1.012276629012547197e-01,4.358359519841495822e-04,-1.530396385231245215e-01,2.121188166048329493e-02,2.039735099337748547e+00,3.000000000000000000e+00,1.022330415602308445e-01
-9.173126585666824262e-02,-4.023757630737426899e-02,7.564541708972377047e-04,6.266563534931023083e-02,-1.433149793798482452e-01,2.039735099337748547e+00,3.000000000000000000e+00,1.001682967947369884e-01
-2.344080976640929362e-02,9.771097116424559692e-02,7.070658913579198684e-04,-1.513971995746484778e-01,-3.643727643786277143e-02,2.039735099337748547e+00,3.000000000000000000e+00,1.004833590619114564e-01
9.300281443188787578e-02,-4.688297584737782797e-02,1.440813437379530099e-04,6.836705082620653240e-02,1.335844595398279488e-01,2.039735099337748547e+00,3.000000000000000000e+00,1.041515094300509148e-01
9.428807130034050354e-02,-3.936710304255040815e-02,4.445284159301484198e-04,5.959686045648673186e-02,1.425556685459999640e-01,2.039735099337748547e+00,3.000000000000000000e+00,1.021763631741748612e-01
-5.475577491950103619e-03,1.017421044337839392e-01,4.888539118862681322e-04,-1.542902192739801226e-01,-8.254582090827078389e-03,2.039735099337748547e+00,3.000000000000000000e+00,1.018893407746136459e-01
-1.846827320650919549e-02,-1.032739127482988628e-01,2.933649350219249223e-05,1.483926389853741368e-01,-2.677300425992010235e-02,2.039735099337748547e+00,3.000000000000000000e+00,1.049122403229170858e-01
-2.951988436267050098e-02,9.732835832277117460e-02,5.171233509086874992e-04,-1.478269917791292243e-01,-4.493801370335537282e-02,2.039735099337748547e+00,3.000000000000000000e+00,1.017066020796643239e-01
-9.662988384809695352e-03,1.007808746896737967e-01,5.883501729468279366e-04,-1.557429183598683653e-01,-1.461880354196290477e-02,2.039735099337748547e+00,3.000000000000000000e+00,1.012430641957299676e-01
5.056834494903672539e-02,9.159335758604779387e-02,7.261670122787003835e-05,-1.318643468217842174e-01,7.323041344634254046e-02,2.039735099337748547e+00,3.000000000000000000e+00,1.046255258757172735e-01
5.031650934715704848e-02,-9.186703952124124217e-02,5.495509437904613461e-05,1.318386141681935908e-01,7.167762159610910344e-02,2.039735099337748547e+00,3.000000000000000000e+00,1.047439929699065936e-01
-4.579584400459640187e-02,9.037907260464132786e-02,5.765397213912742350e-04,-1.372321735956973099e-01,-6.947077122746715683e-02,2.039735099337748547e+00,3.000000000000000000e+00,1.013194753883396165e-01
-3.367590329284267381e-02,9.696142294160699227e-02,3.730837078806001849e-04,-1.430471961900292022e-01,-5.113960594105491225e-02,2.039735099337748547e+00,3.000000000000000000e+00,1.026429929486181863e-01
6.796598735239747779e-02,-7.796852303703075138e-02,2.525719451160571847e-04,1.152569720171181533e-01,9.999094980211704897e-02,2.039735099337748547e+00,3.000000000000000000e+00,1.034333892965044882e-01
6.737907158698223931e-02,-7.958238738298420434e-02,1.253571867782335176e-04,1.148055315634365359e-01,9.673317503579614840e-02,2.039735099337748547e+00,3.000000000000000000e+00,1.042750961135929244e-01
6.067255632686373995e-02,8.365172348907570776e-02,2.670258761956162234e-04,-1.235621962735146684e-01,8.962268251447831624e-02,2.039735099337748547e+00,3.000000000000000000e+00,1.033381339773910973e-01
-1.024194556545022783e-01,-9.768093559737209969e-03,3.362945654362031788e-04,1.379235867633764150e-02,-1.513448578844840131e-01,2.039735099337748547e+00,3.000000000000000000e+00,1.028842094218366393e-01
7.806014696142168918e-02,-6.250456281984212437e-02,7.825642187128149189e-04,9.819924239176780478e-02,1.208638715686556064e-01,2.039735099337748547e+00,3.000000000000000000e+00,1.000010345793399397e-01
3.509198202834504232e-02,9.380320574504344422e-02,7.588600696891451697e-04,-1.455374142893653411e-01,5.538723323771774232e-02,2.039735099337748547e+00,3.000000000000000000e+00,1.001523270359937351e-01
2.619024421679127124e-03,1.010416198266505250e-01,6.145419454255860413e-04,-1.563555613109012810e-01,4.127701662212684974e-03,2.039735099337748547e+00,3.000000000000000000e+00,1.010755570160992434e-01
-7.008137919779415526e-02,7.558600482653822505e-02,3.070347424942780038e-04,-1.114699736176669037e-01,-1.032751881743471101e-01,2.039735099337748547e+00,3.000000000000000000e+00,1.030759129763228199e-01
-9.864453450134373635e-02,1.989848242032474235e-02,6.840776106510495320e-04,-3.142886856448866284e-02,-1.532278351539441696e-01,2.039735099337748547e+00,3.000000000000000000e+00,1.006314751438076166e-01
-1.047184297450606677e-01,4.274816944893085509e-03,4.557224444897106479e-05,-5.377521144817147547e-03,-1.505679006990928159e-01,2.039735099337748547e+00,3.000000000000000000e+00,1.048056467380625023e-01
7.005311882212736374e-02,7.702827702568412760e-02,1.489690100827666423e-04,-1.118239394618985305e-01,1.011696590556265124e-01,2.039735099337748547e+00,3.000000000000000000e+00,1.041191380979147041e-01
9.365807925870357764e-02,4.703426046144323913e-02,4.553177949735266012e-05,-6.751442195414228409e-02,1.348766215593154294e-01,2.039735099337748547e+00,3.000000000000000000e+00,1.048048542176577003e-01
-7.642354189857798741e-02,-6.685428778792538995e-02,5.431192811754762418e-04,1.019120580424875550e-01,-1.161102193413083850e-01,2.039735099337748547e+00,3.000000000000000000e+00,1.015384338659724162e-01
6.562505626738782127e-02,7.583823390913775608e-02,7.373502643093106639e-04,-1.182363429854478010e-01,1.013287402156629047e-01,2.039735099337748547e+00,3.000000000000000000e+00,1.002900081391706194e-01
-9.219608576037569003e-02,-3.911681081594250292e-02,7.589028107222931105e-04,6.134114328241824232e-02,-1.431328922424981442e-01,2.039735099337748547e+00,3.000000000000000000e+00,1.001511014315109027e-01
1.261610032060649957e-02,1.037780030146379373e-01,8.514003938149563807e-05,-1.496799737875776637e-01,1.825786155349340412e-02,2.039735099337748547e+00,3.000000000000000000e+00,1.045420484637918646e-01
-8.368321296415694166e-02,6.144825292717612242e-02,1.937680907793955893e-04,-8.921609315270118135e-02,-1.229610705825229661e-01,2.039735099337748547e+00,3.000000000000000000e+00,1.038208453048165697e-01
3.451759941933901094e-02,-9.443523866475649065e-02,6.973560565694766379e-04,1.463356473151583570e-01,5.319278479936501852e-02,2.039735099337748547e+00,3.000000000000000000e+00,1.005459047964832459e-01
-1.031615750189470437e-01,3.849658369705181993e-03,2.832757633591933893e-04,-6.571102638719107658e-03,-1.520518487298388732e-01,2.039735099337748547e+00,3.000000000000000000e+00,1.032333784681741390e-01
1.043267442717949189e-01,-1.119465268674986642e-02,2.728841303415471307e-05,1.610491724349956064e-02,1.497968686215758460e-01,2.039735099337748547e+00,3.000000000000000000e+00,1.049256394744842585e-01
8.034787635666963690e-02,-6.191720365962226358e-02,5.584989515438315132e-04,9.426707165619116480e-02,1.215359738538639017e-01,2.039735099337748547e+00,3.000000000000000000e+00,1.014372778817226178e-01
-7.022982268761512881e-02,-7.197431652345076536e-02,6.950226733090597662e-04,1.111409537116739982e-01,-1.090769871863131318e-01,2.039735099337748547e+00,3.000000000000000000e+00,1.005610771310238988e-01
-4.148854625555434923e-04,-1.020349254273720113e-01,4.663699683384553256e-04,1.538038163379235879e-01,-6.006744878229141596e-04,2.039735099337748547e+00,3.000000000000000000e+00,1.020357689093212422e-01
-9.791652665438849157e-02,2.821261112211696787e-02,4.872722562919870560e-04,-4.294117706025055853e-02,-1.483163281290475477e-01,2.039735099337748547e+00,3.000000000000000000e+00,1.018999392462398290e-01
8.206553840952965362e-02,-6.091361231624040085e-02,4.406165651590478270e-04,9.187156666795848192e-02,1.242392748106166817e-01,2.039735099337748547e+00,3.000000000000000000e+00,1.022018628003385360e-01
-9.510012958279676076e-02,-3.819117181139693173e-02,3.975676183301494896e-04,5.671886322453736917e-02,-1.437224996176746095e-01,2.039735099337748547e+00,3.000000000000000000e+00,1.024821947998401095e-01
-9.284979450868999229e-02,-4.452652407664173945e-02,3.225227327145595985e-04,6.607939008359001165e-02,-1.368557251830755661e-01,2.039735099337748547e+00,3.000000000000000000e+00,1.029742476867576556e-01
-2.946430660159542799e-03,1.030509690050302046e-01,3.043342065144503060e-04,-1.519481355617451346e-01,-4.095610379919442656e-03,2.039735099337748547e+00,3.000000000000000000e+00,1.030930825347211310e-01
-9.729705578086596252e-02,3.376444248494256395e-02,3.201903100368329400e-04,-4.890686198881374902e-02,-1.438737586640141952e-01,2.039735099337748547e+00,3.000000000000000000e+00,1.029890996171145129e-01
8.231061346215080843e-02,5.814550349336122109e-02,6.612884416781581332e-04,-9.019347785416757801e-02,1.277894308965867864e-01,2.039735099337748547e+00,3.000000000000000000e+00,1.007766672648588990e-01
1.022977089096968745e-01,-2.319115699830517907e-02,3.215837849102764915e-05,3.309967487084607141e-02,1.470924017311165122e-01,2.039735099337748547e+00,3.000000000000000000e+00,1.048935222551569957e-01
1.005415531833690063e-01,-2.075987535369283946e-02,3.698552516631955882e-04,3.073108945841429920e-02,1.488497357990567482e-01,2.039735099337748547e+00,3.000000000000000000e+00,1.026624388041949970e-01
-8.498621011792234503e-02,-5.554526424893938691e-02,5.444842254300876015e-04,8.396641312438894722e-02,-1.289648909508115948e-01,2.039735099337748547e+00,3.000000000000000000e+00,1.015279877210818610e-01
8.392446215691562461e-02,5.652881989842578614e-02,5.974858479008753010e-04,-8.693568522069830551e-02,1.291890182654019947e-01,2.039735099337748547e+00,3.000000000000000000e+00,1.011870684793082786e-01
-7.965588340124044042e-02,6.362350771791538961e-02,4.801417798658493170e-04,-9.665492286602331284e-02,-1.205417798431376447e-01,2.039735099337748547e+00,3.000000000000000000e+00,1.019461156433321414e-01
2.176104031100890498e-02,9.805848387313953474e-02,7.133596408502203279e-04,-1.521651702244618265e-01,3.302008903389639510e-02,2.039735099337748547e+00,3.000000000000000000e+00,1.004440597293643905e-01
-3.701216784854271385e-02,-9.417627652031763941e-02,5.970436898445546448e-04,1.453309218779430256e-01,-5.783991083513999321e-02,2.039735099337748547e+00,3.000000000000000000e+00,1.011882978811286804e-01
8.682846115328746173e-02,-5.262109497586611728e-02,5.444945632876084735e-04,7.905323176038678290e-02,1.319424916652214286e-01,2.039735099337748547e+00,3.000000000000000000e+00,1.015291155418339697e-01
-9.475160995484578630e-02,-4.457429188524051483e-02,5.955603797564028887e-05,6.362020201449038181e-02,-1.367171398842105534e-01,2.039735099337748547e+00,3.000000000000000000e+00,1.047126309769067370e-01
6.030306620619517444e-02,-8.018729620577788597e-02,7.307826910406796730e-04,1.240935451947631774e-01,9.405537657566821752e-02,2.039735099337748547e+00,3.000000000000000000e+00,1.003317610064824866e-01
-7.552509132288014182e-02,-7.260413145610002117e-02,5.176460525264157226e-05,1.043204743792030958e-01,-1.088880165676319040e-01,2.039735099337748547e+00,3.000000000000000000e+00,1.047635400500767644e-01
4.999049498187820018e-02,-8.998727916984147757e-02,3.279291684777822596e-04,1.326841799556096324e-01,7.509341009005773837e-02,2.039735099337748547e+00,3.000000000000000000e+00,1.029405653808262988e-01
-6.659298037169639022e-03,-1.034606978529282878e-01,2.158957870785498698e-04,1.518436206738812411e-01,-1.043610240271090894e-02,2.039735099337748547e+00,3.000000000000000000e+00,1.036747908151387093e-01
-8.293588532514536982e-02,6.413603979895822482e-02,4.020763220117209215e-05,-9.292439944613066494e-02,-1.187434382675527783e-01,2.039735099337748547e+00,3.000000000000000000e+00,1.048417506328429005e-01
-9.233534410104889123e-02,-4.971610261210394899e-02,3.585109877917078938e-05,7.131993465927859155e-02,-1.328591720520559127e-01,2.039735099337748547e+00,3.000000000000000000e+00,1.048689974644382294e-01
-6.026246423321900830e-02,8.486238201956304572e-02,1.542225100385012356e-04,-1.225513578085244415e-01,-8.675690144960837569e-02,2.039735099337748547e+00,3.000000000000000000e+00,1.040826041060380902e-01
-1.037423356282085180e-01,-1.515763298668731246e-02,3.982350828624602046e-05,2.252636408685133526e-02,-1.491090622135790300e-01,2.039735099337748547e+00,3.000000000000000000e+00,1.048438173635192205e-01
-8.758883119887936330e-02,4.917884571595040194e-02,7.121593671854641863e-04,-7.599615054235986378e-02,-1.359100778671120391e-01,2.039735099337748547e+00,3.000000000000000000e+00,1.004507950030214258e-01
-1.414245716021080880e-02,-1.034436917353655644e-01,1.056501532657138883e-04,1.493902257437327852e-01,-2.039161182592832966e-02,2.039735099337748547e+00,3.000000000000000000e+00,1.044059694383886044e-01
8.564269482365058361e-02,5.709468251334815642e-02,3.294231363099334132e-04,-8.485727320446402600e-02,1.260826851212176747e-01,2.039735099337748547e+00,3.000000000000000000e+00,1.029294610301490359e-01
-8.622508454816815368e-03,1.015948423520811328e-01,4.779801735877362272e-04,-1.539473621860909525e-01,-1.353370044987365489e-02,2.039735099337748547e+00,3.000000000000000000e+00,1.019600884885728531e-01
-4.755803562962881981e-02,-9.297707572586973168e-02,1.014737959735698207e-04,1.338266038173491213e-01,-6.805977362933968156e-02,2.039735099337748547e+00,3.000000000000000000e+00,1.044342059072752155e-01
-1.006343766227655312e-01,-1.398716279613017484e-02,5.332598171586704940e-04,2.185881567091406408e-02,-1.522223987998730654e-01,2.039735099337748547e+00,3.000000000000000000e+00,1.016017641644969965e-01
-3.548906227447063549e-02,-9.640120171532448601e-02,3.602757773675420438e-04,1.429861266368692152e-01,-5.323408495009464281e-02,2.039735099337748547e+00,3.000000000000000000e+00,1.027261662541727183e-01
-1.026536352928198309e-01,-2.044774675251374504e-02,6.591084247857856944e-05,2.888953546601633754e-02,-1.479966727950640104e-01,2.039735099337748547e+00,3.000000000000000000e+00,1.046703357503270815e-01
8.387854601925440190e-03,1.001549065252693438e-01,7.037602790137300864e-04,-1.558233328363979875e-01,1.348289435148555815e-02,2.039735099337748547e+00,3.000000000000000000e+00,1.005055292305278153e-01
-1.030180066295432323e-01,1.630155763965441401e-02,1.216281278091555472e-04,-2.352105487445670454e-02,-1.483048494768421099e-01,2.039735099337748547e+00,3.000000000000000000e+00,1.042998105051183150e-01
1.118414084006524910e-03,1.043494613779064328e-01,1.132962145760746083e-04,-1.501422145021295562e-01,1.948390266513545105e-03,2.039735099337748547e+00,3.000000000000000000e+00,1.043554547684139577e-01
1.014816713398721676e-01,-3.183179332143253829e-03,5.439086438685698539e-04,4.582661869504957644e-03,1.537385709158052560e-01,2.039735099337748547e+00,3.000000000000000000e+00,1.015315825179259890e-01
-2.513987386351731329e-02,9.833875008376039006e-02,5.488319661375929467e-04,-1.496986168838548570e-01,-3.834080081177731331e-02,2.039735099337748547e+00,3.000000000000000000e+00,1.015013449463101625e-01
-9.138343905748405605e-02,4.586210965962589370e-02,4.337696229842549767e-04,-6.921481953632302453e-02,-1.381284239745770304e-01,2.039735099337748547e+00,3.000000000000000000e+00,1.022461052383143443e-01
-5.812107966597605119e-02,-8.653971106457351847e-02,1.298147057846709828e-04,1.250655174183987750e-01,-8.421352655692936062e-02,2.039735099337748547e+00,3.000000000000000000e+00,1.042457744595847030e-01
8.880489287670877141e-02,-4.937051082405274210e-02,5.325303468601940218e-04,7.505549012344386872e-02,1.342552884075991215e-01,2.039735099337748547e+00,3.000000000000000000e+00,1.016058873189522871e-01
-7.782440346205471426e-02,6.447303548826698039e-02,6.169801590256141204e-04,-1.004545517547479339e-01,-1.199030919475140705e-01,2.039735099337748547e+00,3.000000000000000000e+00,1.010614173623940737e-01
-4.027421682444416035e-02,9.352340837967139386e-02,4.986213807798842764e-04,-1.410653854915178140e-01,-6.106680536315169799e-02,2.039735099337748547e+00,3.000000000000000000e+00,1.018265213771595568e-01
-5.561505572157480343e-02,8.449184436847932689e-02,6.027636129743827072e-04,-1.300980367137374027e-01,-8.684130116581513514e-02,2.039735099337748547e+00,3.000000000000000000e+00,1.011528852168893933e-01
-3.981740684490527732e-02,-9.618572608187478390e-02,1.516075169213528906e-04,1.393488836963754640e-01,-5.772022548491137495e-02,2.039735099337748547e+00,3.000000000000000000e+00,1.041014879324505954e-01
3.907722504961564508e-02,9.266204607208218536e-02,6.944548917321340456e-04,-1.439969366985995036e-01,6.107090215189962812e-02,2.039735099337748547e+00,3.000000000000000000e+00,1.005648263551575522e-01
9.902195290094659152e-02,2.221034937494560657e-02,5.516486661572350203e-04,-3.430774733938952298e-02,1.499476583255075213e-01,2.039735099337748547e+00,3.000000000000000000e+00,1.014822485741936620e-01
1.001144011659474975e-01,-1.835879954369215583e-02,5.051799413460379262e-04,2.751994166959365398e-02,1.512371975064449592e-01,2.039735099337748547e+00,3.000000000000000000e+00,1.017837847670332030e-01
9.990827273918115314e-02,-5.501667297019527912e-03,7.730935465418470234e-04,8.169010769409529998e-03,1.555010515178361918e-01,2.039735099337748547e+00,3.000000000000000000e+00,1.000596387399719928e-01
-9.959229894715762588e-02,2.900590767592043512e-02,2.072879539369606289e-04,-4.237090585845301738e-02,-1.459466861768727308e-01,2.039735099337748547e+00,3.000000000000000000e+00,1.037302689174381398e-01
2.406927526496844411e-02,-1.001017194596747345e-01,3.255058884912657709e-04,1.481612172466627575e-01,3.490981834478076862e-02,2.039735099337748547e+00,3.000000000000000000e+00,1.029547679836356339e-01
-5.136711440519362709e-02,-8.604668809247420502e-02,7.492235620538026213e-04,1.338653568509994840e-01,-7.953407305607218536e-02,2.039735099337748547e+00,3.000000000000000000e+00,1.002128383691420765e-01
1.043679064146402213e-01,-9.454886571046153959e-03,4.698679561553477884e-05,1.397019989045700586e-02,1.500772054481937234e-01,2.039735099337748547e+00,3.000000000000000000e+00,1.047952993671302513e-01
1.001703998610311702e-01,2.976078799459915686e-02,9.192348054474418174e-05,-4.351820015748954912e-02,1.443873759277251034e-01,2.039735099337748547e+00,3.000000000000000000e+00,1.044979115120409918e-01
-1.016310315833101469e-01,-1.540975223034048245e-03,5.270149093563717985e-04,2.754668912005250880e-03,-1.544837767906998560e-01,2.039735099337748547e+00,3.000000000000000000e+00,1.016427133902169516e-01
2.274395361475895633e-02,9.835116025550094676e-02,6.349157039764469082e-04,-1.516752509484556588e-01,3.530340348182704757e-02,2.039735099337748547e+00,3.000000000000000000e+00,1.009467094542141896e-01
-8.778038379019330317e-02,5.388683132588512059e-02,3.185175609783151649e-04,-8.014566152778607178e-02,-1.291733964049089356e-01,2.039735099337748547e+00,3.000000000000000000e+00,1.030009046984443899e-01
8.476862421948312687e-02,5.980583859998477719e-02,2.053534944205041282e-04,-8.652454207457044300e-02,1.227286309817108428e-01,2.039735099337748547e+00,3.000000000000000000e+00,1.037422670983788042e-01
-7.836780122816668082e-02,-6.807169120061806744e-02,1.960177186167275023e-04,9.826868006620569085e-02,-1.134526165581198065e-01,2.039735099337748547e+00,3.000000000000000000e+00,1.038039855316246762e-01
7.818208416525217197e-02,-6.831352552303887604e-02,1.934921509602530025e-04,9.803107445178767254e-02,1.136875188197564723e-01,2.039735099337748547e+00,3.000000000000000000e+00,1.038228108548861217e-01
6.019336562670704605e-02,8.586435903699034256e-02,3.713224157178054015e-05,-1.238531817440837873e-01,8.599279259595560276e-02,2.039735099337748547e+00,3.000000000000000000e+00,1.048614772845758714e-01
-1.019971658801998027e-01,1.441908658327754195e-02,3.169583714195522831e-04,-2.173604854778088055e-02,-1.510817672164475045e-01,2.039735099337748547e+00,3.000000000000000000e+00,1.030113193075841010e-01
-1.012074711584191461e-01,-1.775289841836550850e-02,3.563987779809952303e-04,2.711901194084394284e-02,-1.494868841479402299e-01,2.039735099337748547e+00,3.000000000000000000e+00,1.027527012809641288e-01
8.642173842652088600e-02,-5.668697434377058947e-02,2.647414512912472429e-04,8.437328469102964301e-02,1.272153313475075653e-01,2.039735099337748547e+00,3.000000000000000000e+00,1.033543900031019536e-01
-9.010346241918874843e-02,-5.150247277366293980e-02,1.991578806096029966e-04,7.403253162321496439e-02,-1.306415046724611062e-01,2.039735099337748547e+00,3.000000000000000000e+00,1.037840962851633297e-01
4.252095967921659669e-02,-9.117705267789992518e-02,6.882240657014781961e-04,1.409741516336610323e-01,6.613101257434957081e-02,2.039735099337748547e+00,3.000000000000000000e+00,1.006046069873050147e-01
3.251247221600887805e-02,9.590549796685816919e-02,5.846681921590008357e-04,-1.457029435147806085e-01,4.928441938743684941e-02,2.039735099337748547e+00,3.000000000000000000e+00,1.012666055018523192e-01
1.011196296313222748e-01,1.424162963023532270e-02,4.537344799481909073e-04,-2.216067475309421719e-02,1.528824027465281454e-01,2.039735099337748547e+00,3.000000000000000000e+00,1.021175964821958854e-01
3.933075546680171730e-02,9.243664314636934609e-02,7.114288912571841090e-04,-1.439969366985995036e-01,6.107090215189962812e-02,2.039735099337748547e+00,3.000000000000000000e+00,1.004561661709154896e-01
-8.414251425995418476e-02,-6.067132268966911324e-02,2.066514344615895588e-04,8.857036857405932440e-02,-1.212370061411318228e-01,2.039735099337748547e+00,3.000000000000000000e+00,1.037351054508576231e-01
-8.738442348390046410e-02,-5.106000695372059361e-02,5.938252341349104348e-04,7.939801438819085733e-02,-1.347790581508583885e-01,2.039735099337748547e+00,3.000000000000000000e+00,1.012085064494464837e-01
4.305587018900768580e-03,-1.029948378248033564e-01,3.057035318158490595e-04,1.525128703934117147e-01,6.493769945570252236e-03,2.039735099337748547e+00,3.000000000000000000e+00,1.030847937289243038e-01
4.722701833307018510e-02,-8.825833596529350511e-02,7.671921125990253552e-04,1.379570316419923559e-01,7.375117973633929513e-02,2.039735099337748547e+00,3.000000000000000000e+00,1.000995760630122161e-01
-7.517493576207850969e-02,6.654180123651622092e-02,7.210573822313139742e-04,-1.026520024821786087e-01,-1.170891662162747565e-01,2.039735099337748547e+00,3.000000000000000000e+00,1.003946327182517334e-01
-9.674568936124966489e-02,-3.109461494247071911e-02,5.304825981360624700e-04,4.641780266813243239e-02,-1.465024401058730164e-01,2.039735099337748547e+00,3.000000000000000000e+00,1.016198971088041331e-01
-9.869324345089247608e-02,-2.347956361319012558e-02,5.568192414578713393e-04,3.543555807700952270e-02,-1.496687373692572598e-01,2.039735099337748547e+00,3.000000000000000000e+00,1.014477511348722411e-01
7.120694298311090742e-02,7.026298492362047232e-02,7.769591604390146391e-04,-1.086577727379318542e-01,1.115471575275633065e-01,2.039735099337748547e+00,3.000000000000000000e+00,1.000365722092521892e-01
-1.033558775108711497e-01,-1.234140485747962056e-02,1.532415144011455726e-04,1.707068295828997884e-02,-1.491176827658410309e-01,2.039735099337748547e+00,3.000000000000000000e+00,1.040900941007280589e-01
8.491999792860022156e-02,5.637271094784585684e-02,4.829618675340949761e-04,-8.491685638825720306e-02,1.282403150543958148e-01,2.039735099337748547e+00,3.000000000000000000e+00,1.019278597234477696e-01
1.047677156441331470e-01,-4.266316762008615093e-03,3.821737724399094547e-05,5.382533517812653975e-03,1.507086535936372484e-01,2.039735099337748547e+00,3.000000000000000000e+00,1.048545454427405182e-01
-3.788830096326349650e-02,-9.527814075046443787e-02,3.896529709648377093e-04,1.438784522086912487e-01,-5.597042833107228332e-02,2.039735099337748547e+00,3.000000000000000000e+00,1.025351035243450004e-01
4.710435899971605715e-03,-1.019338812775317793e-01,4.652053884182865773e-04,1.543541738607069336e-01,7.532827546852860490e-03,2.039735099337748547e+00,3.000000000000000000e+00,1.020426595040999779e-01
9.189542105553362428e-02,-4.428669569960654723e-02,4.703392876841709300e-04,6.676833661476108683e-02,1.384330502545203789e-01,2.039735099337748547e+00,3.000000000000000000e+00,1.020101947207403409e-01
-6.513054605681714571e-02,-8.030620051408904336e-02,2.580691320959913569e-04,1.175780121774002152e-01,-9.637787593289191823e-02,2.039735099337748547e+00,3.000000000000000000e+00,1.033976492511713557e-01
-5.389127604397386372e-04,1.005635453948648672e-01,6.944101160137496195e-04,-1.564251126223665522e-01,-5.823559310171311232e-04,2.039735099337748547e+00,3.000000000000000000e+00,1.005649893817346929e-01
-9.453494904493943418e-02,3.319829703816842142e-02,7.523057398479007047e-04,-5.180631742481627000e-02,-1.476093669781642359e-01,2.039735099337748547e+00,3.000000000000000000e+00,1.001947279908666499e-01
-1.660830437692870781e-02,1.010604682646001062e-01,4.075028093404835369e-04,-1.524777329670952697e-01,-2.494531436242958256e-02,2.039735099337748547e+00,3.000000000000000000e+00,1.024160828197258899e-01
-1.018077409823436724e-01,-1.853228294448431776e-02,2.455301740841600534e-04,2.711901194084394284e-02,-1.494868841479402299e-01,2.039735099337748547e+00,3.000000000000000000e+00,1.034807307427929035e-01
7.159629156583793841e-02,-7.046513763647578588e-02,7.115165616835342471e-04,1.100204870603779805e-01,1.112153893290286077e-01,2.039735099337748547e+00,3.000000000000000000e+00,1.004557842441536758e-01
-7.494811213546501150e-02,7.232208803716984324e-02,1.438759148000657369e-04,-1.046821253717116623e-01,-1.076122119309689679e-01,2.039735099337748547e+00,3.000000000000000000e+00,1.041523112116403416e-01
9.764383159455788941e-02,2.425572113575987995e-02,6.872281556020336593e-04,-3.716845106325817466e-02,1.519434335255385460e-01,2.039735099337748547e+00,3.000000000000000000e+00,1.006114201086642512e-01
-7.756044708880734107e-02,-6.459323268261916995e-02,6.365608616161473436e-04,1.004612207805245933e-01,-1.198936362391661015e-01,2.039735099337748547e+00,3.000000000000000000e+00,1.009351705849188402e-01
1.039000154674980803e-01,1.170924321414143661e-02,8.296465297071528610e-05,-1.611477941228893485e-02,1.498893790507041801e-01,2.039735099337748547e+00,3.000000000000000000e+00,1.045577332902462020e-01
9.269501619947498328e-02,-3.880059500927826588e-02,7.063323514453934571e-04,6.026749022540690837e-02,1.435915764899313163e-01,2.039735099337748547e+00,3.000000000000000000e+00,1.004880699451181636e-01
-1.937487941454523767e-04,-1.047957609034956411e-01,4.707342966127003804e-05,1.507737043004950539e-01,-1.076586062061845499e-03,2.039735099337748547e+00,3.000000000000000000e+00,1.047959400069385233e-01
-9.679375457695926777e-02,3.633120425123888969e-02,2.596000202574275388e-04,-5.313022887675900030e-02,-1.431061785899872263e-01,2.039735099337748547e+00,3.000000000000000000e+00,1.033875588620307012e-01
3.254571047337339457e-02,-9.466024622220398088e-02,7.669826291674273957e-04,1.471247926678502516e-01,5.099531315793057878e-02,2.039735099337748547e+00,3.000000000000000000e+00,1.000988785404957893e-01
-4.603133816893251185e-02,-9.427422821017809873e-02,2.951572784699406490e-05,1.357769832475192728e-01,-6.555743501500314874e-02,2.039735099337748547e+00,3.000000000000000000e+00,1.049119354422906603e-01
-4.039050462987824053e-02,-9.368335020406724778e-02,4.689647806116724609e-04,1.410620762729631605e-01,-6.110283001271130804e-02,2.039735099337748547e+00,3.000000000000000000e+00,1.020194244725685651e-01
-2.297399067963884142e-02,1.024097070030732942e-01,2.287381256263229474e-05,-1.471236240167219100e-01,-3.310670175741271815e-02,2.039735099337748547e+00,3.000000000000000000e+00,1.049550014825565702e-01
6.142774462920456285e-02,-8.344362486860633366e-02,2.250080289493532071e-04,1.224648161460288043e-01,9.002754613653157767e-02,2.039735099337748547e+00,3.000000000000000000e+00,1.036156664865090227e-01
3.042161350690386623e-02,9.953296378651821374e-02,1.548911014554744112e-04,-1.434825426489872990e-01,4.418032732800257489e-02,2.039735099337748547e+00,3.000000000000000000e+00,1.040782659756194217e-01
1.006518752502082448e-01,-3.625820697260725804e-03,6.706778744489251109e-04,5.836132132605393631e-03,1.556016123681933094e-01,2.039735099337748547e+00,3.000000000000000000e+00,1.007171612343803480e-01
8.245021742796072861e-02,-6.140451491197957551e-02,3.485297058039059717e-04,9.041062872583825738e-02,1.221842983977922126e-01,2.039735099337748547e+00,3.000000000000000000e+00,1.028034668943295926e-01
-1.046157671900814316e-02,1.035113355697400012e-01,1.607351388762549361e-04,-1.492881049433573137e-01,-1.524812159674449052e-02,2.039735099337748547e+00,3.000000000000000000e+00,1.040386523311361139e-01
9.772933483644784258e-02,2.989773600691440769e-02,4.409847365926227846e-04,-4.454671302414511813e-02,1.479512204825439436e-01,2.039735099337748547e+00,3.000000000000000000e+00,1.022002813396992726e-01
5.489352743580545868e-02,-8.361892056892142322e-02,7.785261574207788656e-04,1.308140868787218414e-01,8.451075411253550218e-02,2.039735099337748547e+00,3.000000000000000000e+00,1.000271124818522261e-01
6.650340139101096337e-02,8.044580568588309555e-02,1.102958844208917202e-04,-1.160574693562330811e-01,9.629058542247086183e-02,2.039735099337748547e+00,3.000000000000000000e+00,1.043754283776827385e-01
-1.909721331348684242e-02,-1.008546493026418883e-01,3.723873206566402486e-04,1.491378659618990410e-01,-2.895045073829258242e-02,2.039735099337748547e+00,3.000000000000000000e+00,1.026467916804987279e-01
1.012896935006557392e-01,-9.544711508879524450e-03,5.122212967187467821e-04,1.382780044478344218e-02,1.531699029471428886e-01,2.039735099337748547e+00,3.000000000000000000e+00,1.017384073358951341e-01
-2.800246734904211082e-02,-9.700454341992502394e-02,6.319968594852925191e-04,1.496009969994412658e-01,-4.320778632375962824e-02,2.039735099337748547e+00,3.000000000000000000e+00,1.009654377583848600e-01
1.001007639846871466e-01,2.049980423671989710e-02,4.443287826120199675e-04,-3.136054976056103227e-02,1.512214695224524952e-01,2.039735099337748547e+00,3.000000000000000000e+00,1.021782996729828086e-01
5.476841363399605200e-02,8.867403689023413416e-02,1.331457971506350385e-04,-1.272495813254873598e-01,7.957112712125877230e-02,2.039735099337748547e+00,3.000000000000000000e+00,1.042241044595495075e-01
-6.681645664853007316e-02,-7.741116299368232256e-02,4.319466287146597077e-04,1.164554572977044011e-01,-1.015238507081435149e-01,2.039735099337748547e+00,3.000000000000000000e+00,1.022591171245838121e-01
4.685941722182229707e-02,-8.950268631887026149e-02,6.223393379050165411e-04,1.378772947897186907e-01,7.241430923651324958e-02,2.039735099337748547e+00,3.000000000000000000e+00,1.010274014347736365e-01
9.227142660674458874e-02,4.089558129549912546e-02,6.376692177522838654e-04,-6.376953812340227512e-02,1.428276578591621826e-01,2.039735099337748547e+00,3.000000000000000000e+00,1.009280176043333838e-01
6.620981987618317077e-02,7.859605409527450903e-02,3.541857208861412250e-04,-1.167248138943709351e-01,9.836172434148647559e-02,2.039735099337748547e+00,3.000000000000000000e+00,1.027671152041543801e-01
8.501594386667131464e-02,5.425903236662680401e-02,6.490400544596374626e-04,-8.437497155618617350e-02,1.317050300328046764e-01,2.039735099337748547e+00,3.000000000000000000e+00,1.008551104550664962e-01
-7.250835908603175950e-02,7.572852040650421279e-02,3.960511478183331420e-05,-1.088905969314993422e-01,-1.043228516533075967e-01,2.039735099337748547e+00,3.000000000000000000e+00,1.048440314958712927e-01
9.453540374288725567e-02,-3.375559316267134208e-02,7.231738300570635797e-04,5.287330453224137888e-02,1.472039412440648010e-01,2.039735099337748547e+00,3.000000000000000000e+00,1.003811866367123884e-01
7.247114989054105616e-02,7.553413513260175127e-02,6.464691552584958046e-05,-1.088753600726482113e-01,1.043082335666688787e-01,2.039735099337748547e+00,3.000000000000000000e+00,1.046779496201917931e-01
-1.028674277219830541e-01,-1.304240209496733069e-02,2.132830987139288335e-04,1.958336014867322061e-02,-1.513332274195298977e-01,2.039735099337748547e+00,3.000000000000000000e+00,1.036909443420408611e-01
5.984353730353235770e-03,-1.018451349525213573e-01,4.686916663627590553e-04,1.535471792490804288e-01,8.634452914399766768e-03,2.039735099337748547e+00,3.000000000000000000e+00,1.020208018154497714e-01
-9.553409629519223067e-02,3.222914348530932921e-02,6.539546046989187528e-04,-4.954522500830477183e-02,-1.483602391912364482e-01,2.039735099337748547e+00,3.000000000000000000e+00,1.008240112509699721e-01
1.024824907527187995e-01,-1.228972412722587060e-02,2.856684764471566738e-04,1.704516383207436633e-02,1.516739540041342760e-01,2.039735099337748547e+00,3.000000000000000000e+00,1.032167536304277183e-01
2.419648269323523056e-03,-1.021107502064093064e-01,4.503616208576171416e-04,1.544792781077367616e-01,3.043476919035614792e-03,2.039735099337748547e+00,3.000000000000000000e+00,1.021394145541424103e-01
-5.568231191389794166e-02,-8.331140455377873677e-02,7.504940904137706419e-04,1.300937299362805444e-01,-8.685599968554821859e-02,2.039735099337748547e+00,3.000000000000000000e+00,1.002063370690696592e-01
-1.030270144991262543e-01,-1.867678842008305834e-02,6.038717447779603115e-05,2.677017116540545555e-02,-1.483769638773170807e-01,2.039735099337748547e+00,3.000000000000000000e+00,1.047061991588450341e-01
-8.029213642653025562e-02,-6.670892768550548690e-02,1.083397071279529339e-04,9.629011558001909776e-02,-1.160569652780757965e-01,2.039735099337748547e+00,3.000000000000000000e+00,1.043882570258098802e-01
1.672953185088894151e-02,-1.023314796494554230e-01,2.134077369582333011e-04,1.507229217592824522e-01,2.415958065337749788e-02,2.039735099337748547e+00,3.000000000000000000e+00,1.036899655858599251e-01
-1.025647399120016012e-01,-2.064463645932768793e-02,7.329302950546071483e-05,2.991737033398415846e-02,-1.471269705071560074e-01,2.039735099337748547e+00,3.000000000000000000e+00,1.046218279698569176e-01
6.871296899999980445e-02,-7.376236810227972118e-02,6.564109036447946920e-04,1.148635979156389653e-01,1.061824517726771971e-01,2.039735099337748547e+00,3.000000000000000000e+00,1.008085267070754631e-01
-1.003776356823277149e-01,1.180028869836464468e-02,6.157397655813990787e-04,-1.755507826564475099e-02,-1.554314702163845929e-01,2.039735099337748547e+00,3.000000000000000000e+00,1.010688703733195193e-01
7.199418747240496352e-02,7.102893623381088817e-02,6.052404283988774064e-04,-1.100105160080090128e-01,1.112172324431459358e-01,2.039735099337748547e+00,3.000000000000000000e+00,1.011349238014177115e-01
9.545635558478274274e-03,1.027486903201264290e-01,2.895264220873680064e-04,-1.513172355950268555e-01,1.420037617862776602e-02,2.039735099337748547e+00,3.000000000000000000e+00,1.031911455538532529e-01
-9.870969186833927767e-02,-2.370312670055677029e-02,5.464353448206297949e-04,3.543555807700952270e-02,-1.496687373692572598e-01,2.039735099337748547e+00,3.000000000000000000e+00,1.015157203792847740e-01
-9.724675867327046974e-02,3.505395190408992778e-02,2.619504755710825119e-04,-5.120471471077207848e-02,-1.431365392578359541e-01,2.039735099337748547e+00,3.000000000000000000e+00,1.033717157473530296e-01
-2.422563368223803332e-02,9.992494615638734812e-02,3.460083788575655161e-04,-1.477757926194996907e-01,-3.551316278952268424e-02,2.039735099337748547e+00,3.000000000000000000e+00,1.028196294083133511e-01
-3.608321775671072956e-02,9.377751333784314913e-02,7.077035611614651252e-04,-1.451247134074614420e-01,-5.647945107540693066e-02,2.039735099337748547e+00,3.000000000000000000e+00,1.004799512913275295e-01
5.796966937260506630e-02,-8.229938212818102561e-02,6.786226732702199931e-04,1.281139927445663629e-01,8.974675644058681401e-02,2.039735099337748547e+00,3.000000000000000000e+00,1.006661356457548145e-01
7.401615651553225539e-02,7.294838731803275633e-02,1.785596155427546889e-04,-1.057983801451589934e-01,1.090559989094009863e-01,2.039735099337748547e+00,3.000000000000000000e+00,1.039223683219040739e-01
1.025804951935335996e-01,-4.638661430016833426e-03,3.666872767550441556e-04,6.669396905271712805e-03,1.524988427665914803e-01,2.039735099337748547e+00,3.000000000000000000e+00,1.026853211224121182e-01
9.888785636790820358e-03,-1.044414843925513120e-01,2.988883879088388007e-05,1.501463677130565610e-01,1.397671508934322272e-02,2.039735099337748547e+00,3.000000000000000000e+00,1.049085875583593008e-01
3.515292429520909534e-02,9.860376794003686274e-02,6.415726792559099038e-05,-1.414418624165345584e-01,5.040422283712066298e-02,2.039735099337748547e+00,3.000000000000000000e+00,1.046825254685677803e-01
-8.588908462714009429e-02,5.967760737020683798e-02,7.841270783870248127e-05,-8.598084796227947746e-02,-1.238357918926984297e-01,2.039735099337748547e+00,3.000000000000000000e+00,1.045865750444128356e-01
-4.255811141058817373e-03,1.007073227529924619e-01,6.581972910273327804e-04,-1.555875717079020226e-01,-6.419830381595387735e-03,2.039735099337748547e+00,3.000000000000000000e+00,1.007972062338225450e-01
4.487854323797971223e-02,-9.459007852760167867e-02,6.204788262713657721e-05,1.355903899990947292e-01,6.452069615031207073e-02,2.039735099337748547e+00,3.000000000000000000e+00,1.046965453060465928e-01
3.836972504263756311e-03,-1.004688280323943750e-01,6.980547730399943576e-04,1.562674637597118166e-01,6.421951989330626498e-03,2.039735099337748547e+00,3.000000000000000000e+00,1.005420696236222766e-01
8.663121424265712855e-02,5.793066486028423945e-02,1.343773358651086244e-04,-8.294252709872644569e-02,1.251656008443713108e-01,2.039735099337748547e+00,3.000000000000000000e+00,1.042157819733255664e-01
8.232460659632327704e-02,5.742282631791716802e-02,7.242841296691655481e-04,-8.886461317865343434e-02,1.278732042866380092e-01,2.039735099337748547e+00,3.000000000000000000e+00,1.003729138442093494e-01
-5.322456868055049778e-02,-8.737681213718490048e-02,4.237904989032778005e-04,1.316683099557978687e-01,-8.091127674185505381e-02,2.039735099337748547e+00,3.000000000000000000e+00,1.023111040429509760e-01
-8.608609959883134488e-02,-5.567143440855149700e-02,3.919363805991271481e-04,8.223716985111068078e-02,-1.285699713623809082e-01,2.039735099337748547e+00,3.000000000000000000e+00,1.025189014438096652e-01
-8.779663981098166647e-02,4.810691252531792972e-02,7.651212157406564679e-04,-7.395389784498973551e-02,-1.370421434846345876e-01,2.039735099337748547e+00,3.000000000000000000e+00,1.001125616234937871e-01
6.117581061022920458e-02,-8.028478073873207554e-02,6.365345228178961954e-04,1.239289102887947136e-01,9.540136468331567032e-02,2.039735099337748547e+00,3.000000000000000000e+00,1.009362463245236652e-01
4.898618713000046226e-02,8.907706576659210618e-02,5.245040594237047448e-04,-1.345860267548871780e-01,7.459031028752435843e-02,2.039735099337748547e+00,3.000000000000000000e+00,1.016581043258293210e-01
3.272219481632145793e-02,9.679808425644684244e-02,4.442796858361653181e-04,-1.457029435147806085e-01,4.928441938743684941e-02,2.039735099337748547e+00,3.000000000000000000e+00,1.021793088120852289e-01
-1.025055329149701377e-01,7.161793226149515412e-03,3.559865638876213599e-04,-1.062321645463460210e-02,-1.522741435781195252e-01,2.039735099337748547e+00,3.000000000000000000e+00,1.027554162095417056e-01
9.752135615628092224e-02,3.525524270035630681e-02,2.121338605594482287e-04,-5.140646137014018985e-02,1.437257641686897902e-01,2.039735099337748547e+00,3.000000000000000000e+00,1.036983463919324971e-01
-1.003143576617045868e-01,8.818200466045289163e-03,6.731846454972152064e-04,-1.399147770113314503e-02,-1.550854152116351858e-01,2.039735099337748547e+00,3.000000000000000000e+00,1.007011966787870472e-01
9.016128008275624273e-02,-5.115714574354073702e-02,2.174971489780329890e-04,7.481194321393123958e-02,1.330581469732456390e-01,2.039735099337748547e+00,3.000000000000000000e+00,1.036634457597618436e-01
1.021767514067556254e-01,-8.604538032931671396e-03,3.887671370757904833e-04,1.236736787730155149e-02,1.514998992596423011e-01,2.039735099337748547e+00,3.000000000000000000e+00,1.025384152539822735e-01
-8.782962374956382323e-02,5.108070909457715358e-02,5.330958275957657123e-04,-7.807768198449074881e-02,-1.325187609913756337e-01,2.039735099337748547e+00,3.000000000000000000e+00,1.016035513631032700e-01
-1.594058529777674371e-01,7.352965315035864258e-02,8.416373566915166202e-06,-3.709526480659073433e-05,-8.145160006277872566e-05,1.699779249448123697e-01,4.000000000000000000e+00,1.755472467912318202e-01
-6.495129100256032129e-02,2.063103932607019964e-01,5.138066638750868751e-06,-6.943003072736828605e-05,-2.212536265429845990e-05,1.699779249448123697e-01,4.000000000000000000e+00,2.162929693038698475e-01
1.108953321743954071e-02,-1.335331931467619859e-01,1.265860174151766385e-05,1.163916452713998614e-04,9.169593475742934710e-06,1.699779249448123697e-01,4.000000000000000000e+00,1.339928782396704043e-01
7.754832063392819337e-03,2.606284181627311347e-01,2.202590283207878719e-06,-6.009723603238414615e-05,1.714094351327312773e-06,1.699779249448123697e-01,4.000000000000000000e+00,2.607437626758095095e-01
1.455169912171781210e-01,8.578075285376850212e-02,9.020702642358594718e-06,-4.731133438240342070e-05,8.014379852035832428e-05,1.699779249448123697e-01,4.000000000000000000e+00,1.689187150467928722e-01
-1.389560879501810231e-01,8.359912926510544573e-02,9.661612094632035652e-06,-4.940921369808891545e-05,-8.297924653618205979e-05,1.699779249448123697e-01,4.000000000000000000e+00,1.621653748255226513e-01
2.773001739276384839e-02,-1.874128436296798039e-01,7.218940214290833855e-06,8.216549508759395147e-05,1.192523106891056573e-05,1.699779249448123697e-01,4.000000000000000000e+00,1.894532338651568060e-01
1.694314672993770254e-01,-2.314792481877409325e-01,7.033395767936773831e-07,4.425002751503233106e-05,3.234931427073108674e-05,1.699779249448123697e-01,4.000000000000000000e+00,2.868617514636303545e-01
-2.840102223670797413e-02,-2.704058717633601727e-01,1.545000396935654178e-06,5.739517717834887150e-05,-5.954097453629920891e-06,1.699779249448123697e-01,4.000000000000000000e+00,2.718932760260774906e-01
-2.737637896484617639e-01,-1.042075149382293286e-01,3.747849517492417609e-07,1.916985174382626541e-05,-5.006536759773727970e-05,1.699779249448123697e-01,4.000000000000000000e+00,2.929263024931160198e-01
-4.036657859271539778e-02,-2.467473720441233920e-01,2.861696299397766120e-06,6.214272562123441992e-05,-1.017957720979286999e-05,1.699779249448123697e-01,4.000000000000000000e+00,2.500274510488056934e-01
-1.051980727658124587e-01,-2.287194609562508418e-01,2.753798858153406655e-06,5.676219905903828522e-05,-2.602763346295864912e-05,1.699779249448123697e-01,4.000000000000000000e+00,2.517523114764969039e-01
2.169429673806422959e-02,2.201472363413320421e-01,4.784784559583760617e-06,-7.079123948832356154e-05,7.176178225960310158e-06,1.699779249448123697e-01,4.000000000000000000e+00,2.212135804594408117e-01
-2.727638438155504663e-01,-9.006650539947055889e-02,6.820973880503811502e-07,1.713495888879607227e-05,-5.179264517915360005e-05,1.699779249448123697e-01,4.000000000000000000e+00,2.872491773493996980e-01
2.926783595865213583e-02,-2.247552371846352759e-01,4.403309989794739218e-06,6.854750117869733129e-05,9.168503447106246605e-06,1.699779249448123697e-01,4.000000000000000000e+00,2.266528686419482241e-01
-8.090658898567125445e-02,1.803330057137093601e-01,6.553609208692140874e-06,-7.232526304388037480e-05,-3.229366288343672405e-05,1.699779249448123697e-01,4.000000000000000000e+00,1.976508767778101250e-01
-1.408253534435424670e-01,-2.043693622726972248e-01,2.977549924153554493e-06,5.229976868211896234e-05,-3.589413243287432420e-05,1.699779249448123697e-01,4.000000000000000000e+00,2.481906855791482236e-01
-2.311414888069332207e-01,2.701811694873374955e-02,3.988646876653504152e-06,-7.851964840042708138e-06,-6.681520921901746657e-05,1.699779249448123697e-01,4.000000000000000000e+00,2.327152046844835898e-01
-1.442610987030843728e-01,-2.863619227120640411e-03,1.149585055491692112e-05,1.920283713497623131e-06,-1.093175913668217197e-04,1.699779249448123697e-01,4.000000000000000000e+00,1.442895176861402617e-01
1.730811170533927412e-01,1.099245945331793900e-01,5.977343836501278882e-06,-4.110558568115345101e-05,6.459116038538232165e-05,1.699779249448123697e-01,4.000000000000000000e+00,2.050377759432006064e-01
-9.502684296846482248e-02,-1.635230058940737863e-01,7.245722274933133049e-06,7.139709883227722239e-05,-4.167233951147197250e-05,1.699779249448123697e-01,4.000000000000000000e+00,1.891292530022433138e-01
1.854823602220545264e-01,-2.085665155962484474e-01,1.133461676885502991e-06,4.204160690383139599e-05,3.746883314333365468e-05,1.699779249448123697e-01,4.000000000000000000e+00,2.791123382824631238e-01
1.275731810551199719e-01,1.570642365799065354e-01,6.184887840566758853e-06,-5.989167396293691134e-05,4.896215373988677089e-05,1.699779249448123697e-01,4.000000000000000000e+00,2.023464626252489407e-01
-1.836312213535490623e-01,2.053944961333200037e-01,1.337320117475741469e-06,-4.232517907404024951e-05,-3.800532878288353389e-05,1.699779249448123697e-01,4.000000000000000000e+00,2.755128390795182902e-01
2.044437541816517823e-01,6.454044897922166235e-02,5.276937233146579155e-06,-2.197531451797456005e-05,6.995403312384798557e-05,1.699779249448123697e-01,4.000000000000000000e+00,2.143891745828766793e-01
2.609901980203676031e-01,4.916119949112674609e-02,1.913981221327235693e-06,-1.087996645741395749e-05,5.801139735340804114e-05,1.699779249448123697e-01,4.000000000000000000e+00,2.655799446458957380e-01
1.470284408581754299e-01,-9.567020590823137674e-03,1.116741432394554243e-05,7.075029970428110888e-06,1.065705662168550503e-04,1.699779249448123697e-01,4.000000000000000000e+00,1.473393711951127560e-01
-2.896686169466892724e-01,1.188879530142938727e-02,5.371967624237457280e-07,-2.242934606509340936e-06,-5.416128997540391009e-05,1.699779249448123697e-01,4.000000000000000000e+00,2.899124886884438812e-01
-1.362107523219445449e-01,1.744243341043171525e-01,4.778020727227379373e-06,-5.571742233370025396e-05,-4.357134860520291174e-05,1.699779249448123697e-01,4.000000000000000000e+00,2.213079695262793190e-01
-2.764762551570806165e-02,1.754370977065019821e-01,8.233510375024636030e-06,-8.709083891536409155e-05,-1.410590711820901354e-05,1.699779249448123697e-01,4.000000000000000000e+00,1.776022703918436751e-01
1.721175919934363474e-01,-2.172961548305914897e-02,8.601920119638693755e-06,1.144856937900339909e-05,8.956504828747326359e-05,1.699779249448123697e-01,4.000000000000000000e+00,1.734838368916846174e-01
-2.528129691573615268e-03,1.787542654748998927e-01,8.130265860063012621e-06,-8.806741000476559422e-05,-1.091556523332043482e-06,1.699779249448123697e-01,4.000000000000000000e+00,1.787721423074870586e-01
-3.040242365346093600e-02,-1.976429462242252078e-01,6.370615637530307332e-06,7.770109900085457263e-05,-1.203963037338347453e-05,1.699779249448123697e-01,4.000000000000000000e+00,1.999676012662963964e-01
-5.477245815495961068e-02,2.543444179075294853e-01,2.236924164411525994e-06,-5.896541445663086204e-05,-1.255898550045260345e-05,1.699779249448123697e-01,4.000000000000000000e+00,2.601751431114371904e-01
2.649927435599338521e-01,1.256930633474629133e-01,3.551983272453354404e-07,-2.282915237186752523e-05,4.837129292164456978e-05,1.699779249448123697e-01,4.000000000000000000e+00,2.932914937619060525e-01
-1.028685929195124610e-01,-2.308252231338106530e-01,2.694143754700017960e-06,5.666170128354345513e-05,-2.515648759794705933e-05,1.699779249448123697e-01,4.000000000000000000e+00,2.527097763126979757e-01
2.328771383171625575e-01,2.386356431778740000e-03,3.976981656762962121e-06,-5.133396513829238696e-07,6.725405193051935007e-05,1.699779249448123697e-01,4.000000000000000000e+00,2.328893648233219538e-01
-9.694415246755262727e-02,-1.924963459146721567e-01,5.193596733609619385e-06,6.520898947950903282e-05,-3.287419360634910310e-05,1.699779249448123697e-01,4.000000000000000000e+00,2.155296079153701805e-01
-6.541769750186982859e-04,2.764619866939777015e-01,1.283264946098679298e-06,-5.669654643125651927e-05,-2.966745576231502634e-07,1.699779249448123697e-01,4.000000000000000000e+00,2.764627606646069546e-01
-6.841152228672232709e-03,-2.794277656199585791e-01,1.110985054828008616e-06,5.612365925570602005e-05,-1.321783480329339955e-06,1.699779249448123697e-01,4.000000000000000000e+00,2.795114980876070576e-01
2.287931371352561541e-02,-1.834235190544820093e-01,7.605628368856895019e-06,8.417742584394036882e-05,1.054926205692581839e-05,1.699779249448123697e-01,4.000000000000000000e+00,1.848449359282851590e-01
-4.758826718351118201e-02,-2.899253713697291790e-01,3.277097037215017072e-07,5.270559584993511794e-05,-8.660272954976568690e-06,1.699779249448123697e-01,4.000000000000000000e+00,2.938049763659639213e-01
2.030707845426324432e-01,3.148797031349877262e-02,5.942220229451673594e-06,-1.174960305636721524e-05,7.559268710462157593e-05,1.699779249448123697e-01,4.000000000000000000e+00,2.054975323677246390e-01
-7.807617656432021269e-02,-2.609890345732900352e-01,1.514772774669969824e-06,5.528705248164670152e-05,-1.658612787299982392e-05,1.699779249448123697e-01,4.000000000000000000e+00,2.724172636130112735e-01
2.950339641237564869e-01,-1.829097823973227163e-02,2.320194779583581611e-07,3.354391847747143396e-06,5.313770425218314385e-05,1.699779249448123697e-01,4.000000000000000000e+00,2.956004057364339799e-01
1.195336396810824271e-02,2.577857940324055908e-01,2.364941157416014000e-06,-6.082880357341003720e-05,2.737501334762336869e-06,1.699779249448123697e-01,4.000000000000000000e+00,2.580627801816292588e-01
-2.339614846517695107e-02,1.524338835642470025e-01,1.045079943486565351e-05,-1.008577215377191535e-04,-1.496402253105596759e-05,1.699779249448123697e-01,4.000000000000000000e+00,1.542188983927813284e-01
9.304136609191930585e-02,-2.205866501640809663e-01,3.543514972237284985e-06,6.056578088736326977e-05,2.568401144664690054e-05,1.699779249448123697e-01,4.000000000000000000e+00,2.394058604856222072e-01
7.624060346396388521e-02,1.208006360907256244e-01,1.165369778343652777e-05,-9.300385175870558990e-05,5.866573922607097580e-05,1.699779249448123697e-01,4.000000000000000000e+00,1.428475526443253596e-01
-1.442770151132039824e-01,-2.291978086908179058e-01,1.606662277545933132e-06,4.893559063764804136e-05,-3.084031826447346719e-05,1.699779249448123697e-01,4.000000000000000000e+00,2.708274221688942163e-01
5.757122502387933272e-03,-1.822326024540680267e-01,7.821402752098217720e-06,8.630121081466962120e-05,3.033315066972955038e-06,1.699779249448123697e-01,4.000000000000000000e+00,1.823235197572981858e-01
2.498003068112473468e-01,5.940873141358662263e-02,2.443990531435977046e-06,-1.404789053012227594e-05,5.946498573013554262e-05,1.699779249448123697e-01,4.000000000000000000e+00,2.567675809972220224e-01
-2.716510751027922943e-01,-9.542025681127430659e-02,6.453660805891082210e-07,1.810324944180897728e-05,-5.144586412008707597e-05,1.699779249448123697e-01,4.000000000000000000e+00,2.879224409705370968e-01
-1.413796380017697252e-01,-7.302089368917236145e-02,9.959057743638305177e-06,4.481832928991888996e-05,-8.773141093955844115e-05,1.699779249448123697e-01,4.000000000000000000e+00,1.591233890937371331e-01
-6.757177207417749965e-02,1.936104424412137537e-01,5.975380251904566852e-06,-7.252527204017298213e-05,-2.522243544561916144e-05,1.699779249448123697e-01,4.000000000000000000e+00,2.050632775597014124e-01
1.777372013237650816e-01,-1.747589584361994575e-01,2.909931646478310294e-06,4.439945374659096599e-05,4.495762624227401746e-05,1.699779249448123697e-01,4.000000000000000000e+00,2.492613212837280490e-01
1.095273935703433010e-01,1.793635621435342442e-01,5.589816237258011070e-06,-6.361960946190550552e-05,3.899520839563578532e-05,1.699779249448123697e-01,4.000000000000000000e+00,2.101607417362489905e-01
-1.036098403381708055e-01,1.187279533214930516e-01,1.011215361091310194e-05,-7.531670943228442475e-05,-6.546950273949089924e-05,1.699779249448123697e-01,4.000000000000000000e+00,1.575795859710637792e-01
6.705659521275993129e-02,-9.393797830192432419e-02,1.500269123027991994e-05,1.107373827171309160e-04,7.922754184466694583e-05,1.699779249448123697e-01,4.000000000000000000e+00,1.154163364909003842e-01
7.567613528026266578e-02,1.934146089309334293e-01,5.775353079482885385e-06,-7.053505949757913327e-05,2.766497498659244950e-05,1.699779249448123697e-01,4.000000000000000000e+00,2.076922925841556689e-01
1.082170920631621985e-01,-2.249118579792987183e-01,2.889081887479809062e-06,5.658503314968363541e-05,2.714001623773727411e-05,1.699779249448123697e-01,4.000000000000000000e+00,2.495922332010897249e-01
2.086943147752396144e-01,1.131463027205749511e-01,3.676210295735771172e-06,-3.131481009355418707e-05,5.822433017690653047e-05,1.699779249448123697e-01,4.000000000000000000e+00,2.373929292098709010e-01
-1.525034659957835992e-01,1.033657435370216766e-02,1.059039021955524159e-05,-6.923806635124934952e-06,-1.026229055187963740e-04,1.699779249448123697e-01,4.000000000000000000e+00,1.528533673495508505e-01
1.921760117386777100e-01,9.842202620167123106e-02,5.165640245844386307e-06,-3.310379823543373022e-05,6.494828965982831122e-05,1.699779249448123697e-01,4.000000000000000000e+00,2.159132111044316238e-01
-8.775500462708349381e-02,-1.802859812494166103e-01,6.328080784933529611e-06,7.019188331424826266e-05,-3.415106591503781747e-05,1.699779249448123697e-01,4.000000000000000000e+00,2.005092912365021574e-01
4.561869763520940563e-02,-1.749258961594554740e-01,7.955264990879546455e-06,8.391792066411374253e-05,2.214056649676297324e-05,1.699779249448123697e-01,4.000000000000000000e+00,1.807764772339622295e-01
1.537834986945024185e-01,-2.120609158075863199e-01,2.129999366889633164e-06,4.860011928696903767e-05,3.517699911263626894e-05,1.699779249448123697e-01,4.000000000000000000e+00,2.619526607688386077e-01
1.870568148624854043e-01,-2.212503299203744112e-02,7.309745300285878784e-06,9.786829958398069574e-06,8.298953593352507182e-05,1.699779249448123697e-01,4.000000000000000000e+00,1.883607418529585353e-01
-1.090396927356388351e-01,-2.044335004191300820e-01,4.057664644879261906e-06,5.952443197801825128e-05,-3.192758837496743472e-05,1.699779249448123697e-01,4.000000000000000000e+00,2.316952970724718563e-01
3.461650342598411589e-02,-2.876426192143243243e-01,5.477387985898675908e-07,5.389499375288667074e-05,6.354201773260624892e-06,1.699779249448123697e-01,4.000000000000000000e+00,2.897181021232845821e-01
-2.313961306908255688e-01,-8.375643246404405884e-03,4.067713608428263516e-06,2.455325825330782459e-06,-6.768161359197829761e-05,1.699779249448123697e-01,4.000000000000000000e+00,2.315476639883820298e-01
2.086152992184689692e-01,-1.274128771432422869e-01,3.216287039487794961e-06,3.337219049431864790e-05,5.503951433891150801e-05,1.699779249448123697e-01,4.000000000000000000e+00,2.444470992462997039e-01
-8.026131223539532955e-02,-1.018220188163383166e-01,1.317590480292035358e-05,9.486435018830418166e-05,-7.490855049356592854e-05,1.699779249448123697e-01,4.000000000000000000e+00,1.296518482613432388e-01
1.178653257443919994e-01,-1.058343469256176061e-01,1.002972760862041528e-05,6.562567874516191829e-05,7.373572866587508625e-05,1.699779249448123697e-01,4.000000000000000000e+00,1.584081563619866850e-01
1.258135197280460180e-02,1.372564408219334176e-01,1.221515281647883567e-05,-1.133589897810701006e-04,9.811959648669497789e-06,1.699779249448123697e-01,4.000000000000000000e+00,1.378318575822313485e-01
-2.672004835105362130e-01,5.477609710280027105e-03,1.815127059819323536e-06,-1.255551391520288141e-06,-5.889218152434823084e-05,1.699779249448123697e-01,4.000000000000000000e+00,2.672566231104525625e-01
-3.510130127218514390e-02,-2.753357332683262770e-01,1.220805719545209187e-06,5.627032898400022011e-05,-7.351791401419757450e-06,1.699779249448123697e-01,4.000000000000000000e+00,2.775641680141865963e-01
4.697061600588155195e-02,1.534407638539048435e-01,9.826763276000580920e-06,-9.346971151824590152e-05,2.876577415588011752e-05,1.699779249448123697e-01,4.000000000000000000e+00,1.604690212472232036e-01
4.049298897484823745e-02,1.634083974985188203e-01,9.073551549640041961e-06,-9.092392438080540407e-05,2.244996936171516296e-05,1.699779249448123697e-01,4.000000000000000000e+00,1.683507841655366710e-01
1.893647865287665100e-01,-2.629207695499178460e-02,7.076321970496011679e-06,1.120630460829602230e-05,8.123763016744357194e-05,1.699779249448123697e-01,4.000000000000000000e+00,1.911813162620566442e-01
-2.202282325050105294e-01,9.594206797150130195e-02,3.490239543351295937e-06,-2.604968290602614224e-05,-5.994659422296202619e-05,1.699779249448123697e-01,4.000000000000000000e+00,2.402193888905080621e-01
1.018706285862774619e-01,2.230554402761637245e-01,3.166855104591465635e-06,-5.813018147885521222e-05,2.635834977614879388e-05,1.699779249448123697e-01,4.000000000000000000e+00,2.452169537478119388e-01
-1.251241164556388952e-01,2.227225838504199307e-01,2.523949686393128443e-06,-5.347239259637160319e-05,-3.007078145935551997e-05,1.699779249448123697e-01,4.000000000000000000e+00,2.554630968962280924e-01
-2.295751840462432747e-01,1.726494505988702688e-01,6.820492475640985494e-07,-3.291891688441080154e-05,-4.378475023495419124e-05,1.699779249448123697e-01,4.000000000000000000e+00,2.872500616570137777e-01
-1.325738301146228426e-01,-1.294216931756543842e-01,7.569424051416053271e-06,5.887125584638900927e-05,-6.068332579346818009e-05,1.699779249448123697e-01,4.000000000000000000e+00,1.852722188988789320e-01
2.222910720579022448e-01,-1.167782961682247017e-01,2.794631568742790351e-06,2.897052992330714186e-05,5.560075654892604165e-05,1.699779249448123697e-01,4.000000000000000000e+00,2.510985686391005167e-01
2.341750488815789455e-01,-1.977772046023917180e-02,3.834674785223098538e-06,5.460374689003825453e-06,6.642084315307295874e-05,1.699779249448123697e-01,4.000000000000000000e+00,2.350087482314078824e-01
-1.086187488448804722e-01,-1.529067148981864133e-01,7.376784709222423810e-06,6.833300045738750295e-05,-4.834156164744441710e-05,1.699779249448123697e-01,4.000000000000000000e+00,1.875593134493259151e-01
-8.899290835540597799e-02,-2.734380672541437685e-01,6.653640831485840429e-07,5.205603483488917548e-05,-1.700398357334185210e-05,1.699779249448123697e-01,4.000000000000000000e+00,2.875554109406312508e-01
-5.942824015101120377e-02,1.226135666720161027e-01,1.239546848141587419e-05,-1.030424049800890624e-04,-5.029843447581090450e-05,1.699779249448123697e-01,4.000000000000000000e+00,1.362563850227914986e-01
1.617135449447904549e-01,-2.027412401941215969e-01,2.287646954491224676e-06,4.737180810674175156e-05,3.784716327777317042e-05,1.699779249448123697e-01,4.000000000000000000e+00,2.593362317418475560e-01
5.259740064133672233e-02,2.564026909604005811e-01,2.142631577775679017e-06,-5.872650299660594824e-05,1.193189981340984294e-05,1.699779249448123697e-01,4.000000000000000000e+00,2.617419081575588780e-01
2.265269263673550804e-01,1.788811453308414567e-01,6.062753474909939330e-07,-3.381110188750220447e-05,4.270082775193927897e-05,1.699779249448123697e-01,4.000000000000000000e+00,2.886397625489508512e-01
2.247797322172851442e-01,-3.813101447999688726e-02,4.310799109115180737e-06,1.139025055463111749e-05,6.815024219132525261e-05,1.699779249448123697e-01,4.000000000000000000e+00,2.279910135969138441e-01
1.254371846588252792e-01,-1.438424028780550812e-01,7.103274591482403980e-06,6.208455312389864992e-05,5.425518408340100336e-05,1.699779249448123697e-01,4.000000000000000000e+00,1.908536721178425155e-01
-9.140926056894144169e-02,2.608451005566991276e-01,1.286908714210733718e-06,-5.353568231951914445e-05,-1.869884499575842258e-05,1.699779249448123697e-01,4.000000000000000000e+00,2.763979366822319483e-01
-1.214772492236681350e-01,-2.390460623577891908e-01,1.763225758051408505e-06,5.208407419439226618e-05,-2.649648842332549820e-05,1.699779249448123697e-01,4.000000000000000000e+00,2.681412724809689174e-01
-2.199955162337144943e-01,4.625363213672132462e-02,4.531821556758564820e-06,-1.434068695705638930e-05,-6.837306803623208857e-05,1.699779249448123697e-01,4.000000000000000000e+00,2.248053060956917981e-01
-1.187223839827742378e-01,2.399406838827607691e-01,1.788769820824577182e-06,-5.255483732538319529e-05,-2.598386764129554947e-05,1.699779249448123697e-01,4.000000000000000000e+00,2.677060631376887989e-01
-4.108167864062375885e-02,1.746217951863975881e-01,8.076200011401094667e-06,-8.510803871872717088e-05,-2.013821753538402984e-05,1.699779249448123697e-01,4.000000000000000000e+00,1.793891737927673091e-01
1.575237354085894659e-01,1.810180522117575130e-01,3.507135059847628061e-06,-4.956318151366668632e-05,4.299349258875002894e-05,1.699779249448123697e-01,4.000000000000000000e+00,2.399609602489827243e-01
-2.682797106029617407e-01,-8.590029232001246406e-02,9.887209489069655308e-07,1.694169106218835547e-05,-5.311230761253664173e-05,1.699779249448123697e-01,4.000000000000000000e+00,2.816964027847577712e-01
-1.794979868469045725e-01,6.259631754342702414e-02,7.165439387934898936e-06,-2.707014220623352722e-05,-7.802251341584441786e-05,1.699779249448123697e-01,4.000000000000000000e+00,1.900995167066162617e-01
-2.211908465304600058e-01,-1.696965743927782502e-02,4.740321229478611722e-06,5.326150704801925733e-06,-7.073720066192748740e-05,1.699779249448123697e-01,4.000000000000000000e+00,2.218408435398404044e-01
6.337896464319678347e-02,2.865604198054231833e-01,3.447845675551211383e-07,-5.234083903433797577e-05,1.155972358149340382e-05,1.699779249448123697e-01,4.000000000000000000e+00,2.934855488065876705e-01
2.521513475903321422e-01,-1.023888574411171426e-01,1.530419357658740712e-06,2.157568475277023555e-05,5.355940212659252952e-05,1.699779249448123697e-01,4.000000000000000000e+00,2.721466153008666455e-01
-1.834373209233956248e-01,-2.177835070042094257e-01,8.197317180230382710e-07,4.219459251464713123e-05,-3.553954784339095229e-05,1.699779249448123697e-01,4.000000000000000000e+00,2.847435804905975032e-01
1.644089698512047892e-01,-1.200815442367753200e-01,6.088514420234991109e-06,4.513840430610016233e-05,6.230025786913519410e-05,1.699779249448123697e-01,4.000000000000000000e+00,2.035924523007250075e-01
2.316712070524041545e-01,1.898748395720754045e-01,2.411772116220454462e-08,-3.330111826789897199e-05,4.057106804523179081e-05,1.699779249448123697e-01,4.000000000000000000e+00,2.995396515983139163e-01
-1.088506215521541226e-01,-1.059500392525356410e-01,1.068854521794149008e-05,7.204989007439400463e-05,-7.462900388313004377e-05,1.699779249448123697e-01,4.000000000000000000e+00,1.519008513139545324e-01
1.334045288910172544e-01,-1.849273870492787464e-01,4.308581526524822285e-06,5.585591179090938280e-05,4.032139632869686683e-05,1.699779249448123697e-01,4.000000000000000000e+00,2.280239171874476889e-01
-1.076243205382890894e-01,1.931129746949124815e-01,4.794366525260021126e-06,-6.223575522328983305e-05,-3.462446221966960889e-05,1.699779249448123697e-01,4.000000000000000000e+00,2.210783014383055634e-01
9.196680493017335423e-02,2.561704297130643626e-01,1.528568410443493783e-06,-5.433321415726582407e-05,1.962085208579385557e-05,1.699779249448123697e-01,4.000000000000000000e+00,2.721785852495390290e-01
-2.711523684602958756e-02,2.864399631950066971e-01,6.563741817316617856e-07,-5.435761663845588146e-05,-5.090868202237855633e-06,1.699779249448123697e-01,4.000000000000000000e+00,2.877205042821471825e-01
-3.765647927376792464e-02,2.595163229163404695e-01,2.113090296866921380e-06,-5.926182667004502004e-05,-8.589300443905762073e-06,1.699779249448123697e-01,4.000000000000000000e+00,2.622341173289891025e-01
-2.326085619634159218e-01,8.013157398742618009e-02,3.115262257033502104e-06,-2.067781725894589373e-05,-6.034728369347727587e-05,1.699779249448123697e-01,4.000000000000000000e+00,2.460240074634804097e-01
-9.721134766762901114e-02,1.879658858194857285e-01,5.481380572834050456e-06,-6.575041745348855120e-05,-3.377888452910683410e-05,1.699779249448123697e-01,4.000000000000000000e+00,2.116157374754075171e-01
-3.019350826349051151e-02,2.245358353577411314e-01,4.409914275359917981e-06,-6.870037766314246116e-05,-9.320068226425938637e-06,1.699779249448123697e-01,4.000000000000000000e+00,2.265568125240468300e-01
-1.347677391683138604e-01,-1.818918599508830003e-01,4.422308735719702742e-06,5.563910471094615204e-05,-4.119096279527172122e-05,1.699779249448123697e-01,4.000000000000000000e+00,2.263779853186486668e-01
1.062169424709043936e-01,3.676358716660153847e-02,1.541877996681796620e-05,-4.639242403193320871e-05,1.318924607303894312e-04,1.699779249448123697e-01,4.000000000000000000e+00,1.123992891846906789e-01
-1.211478494597193617e-01,1.899374660448828467e-01,4.498416123168955261e-06,-5.880785623153632347e-05,-3.760711684005722257e-05,1.699779249448123697e-01,4.000000000000000000e+00,2.252843590582041533e-01
-1.036290472113155225e-01,-2.605500230624178126e-01,1.061028634992524819e-06,5.223485773712254761e-05,-2.065252103457324554e-05,1.699779249448123697e-01,4.000000000000000000e+00,2.804020220036786970e-01
1.163141184212657109e-01,2.313243197025397768e-01,2.312829832573024477e-06,-5.430134626211553187e-05,2.724528363823945282e-05,1.699779249448123697e-01,4.000000000000000000e+00,2.589206732378839249e-01
4.936981854057553160e-02,2.672615001259868728e-01,1.551384842835861378e-06,-5.689381440504901979e-05,1.040683850330860592e-05,1.699779249448123697e-01,4.000000000000000000e+00,2.717831643651281159e-01
6.241107775189549955e-02,1.948548419742650306e-01,6.010499660951135333e-06,-7.285361876459494300e-05,2.351457278537216424e-05,1.699779249448123697e-01,4.000000000000000000e+00,2.046058456324475194e-01
2.297800548266198395e-01,1.337082299800797106e-03,4.187790031678928989e-06,-5.075310651273600240e-07,6.851841717272737632e-05,1.699779249448123697e-01,4.000000000000000000e+00,2.297839450118324967e-01
-1.153315616470346888e-01,1.918321530928131929e-02,1.479984328827007356e-05,-2.218653681732468989e-05,-1.323664802992072524e-04,1.699779249448123697e-01,4.000000000000000000e+00,1.169160590404329653e-01
1.970995602518538503e-01,4.923439683137935396e-02,6.122212330423469101e-06,-1.893112944225357262e-05,7.467050269433826520e-05,1.699779249448123697e-01,4.000000000000000000e+00,2.031557591672554786e-01
-3.163006008348714232e-02,2.179255525277188632e-01,4.856261574683980947e-06,-7.041047200095172241e-05,-9.970167289625824457e-06,1.699779249448123697e-01,4.000000000000000000e+00,2.202090078661555483e-01
1.764848260162075189e-01,-5.764462842835751423e-03,8.324249964298566665e-06,2.799326796214436381e-06,8.897060758960285390e-05,1.699779249448123697e-01,4.000000000000000000e+00,1.765789422491749749e-01
1.012193812179426750e-01,-5.698151614026571860e-02,1.490215512557053850e-05,6.606347082574264527e-05,1.186019643349789745e-04,1.699779249448123697e-01,4.000000000000000000e+00,1.161561720951003462e-01
5.573160652206535920e-02,2.498879117230111691e-01,2.489309460082856387e-06,-6.000717513867713060e-05,1.328463551067164810e-05,1.699779249448123697e-01,4.000000000000000000e+00,2.560273039947453255e-01
-7.842829306796753053e-02,1.980784136894588321e-01,5.376115674187902373e-06,-6.852735168104450488e-05,-2.693925442510616700e-05,1.699779249448123697e-01,4.000000000000000000e+00,2.130400317388433939e-01
-2.039896290429887571e-01,4.734360087638585929e-02,5.645849978256297811e-06,-1.685386099778725654e-05,-7.294026942716527349e-05,1.699779249448123697e-01,4.000000000000000000e+00,2.094115214142686365e-01
9.805825726438824330e-02,-1.454382414692660663e-01,8.428778269839565010e-06,7.439577502553739461e-05,5.016797498202529311e-05,1.699779249448123697e-01,4.000000000000000000e+00,1.754072515587696279e-01
7.512305592364344753e-02,-2.187617019260033602e-01,4.084376556341326640e-06,6.404381012581329918e-05,2.190311950742488117e-05,1.699779249448123697e-01,4.000000000000000000e+00,2.313010068306413647e-01
1.498441431704283511e-01,1.522001899091331156e-01,5.336031381633101691e-06,-5.246589360640942961e-05,5.143818923339670463e-05,1.699779249448123697e-01,4.000000000000000000e+00,2.135840936279104485e-01
1.561946533772880508e-01,1.551165820079249413e-01,4.861786021067996191e-06,-5.034562585199209100e-05,5.055322497851087997e-05,1.699779249448123697e-01,4.000000000000000000e+00,2.201316055396690674e-01
-2.066271710215364932e-01,1.191827459760849001e-01,3.600679821432310434e-06,-3.300446257642915802e-05,-5.710338329002700135e-05,1.699779249448123697e-01,4.000000000000000000e+00,2.385357724593174522e-01
7.353450903962872875e-02,-7.821230719048542779e-02,1.614029965174696953e-05,1.077687561996906366e-04,1.001648562684079969e-04,6.799116997792494788e-01,4.000000000000000000e+00,1.073521728506605377e-01
2.122080123420223008e-01,-1.941083292385853420e-01,6.632787982941398422e-07,3.665409785419213452e-05,4.027089411478093108e-05,1.699779249448123697e-01,4.000000000000000000e+00,2.875939567896845239e-01
1.007378021291190501e-01,8.056688150805049742e-02,1.325586144356354585e-05,-7.580650914747085996e-05,9.499171804459627432e-05,1.699779249448123697e-01,4.000000000000000000e+00,1.289927407792306469e-01
-1.928487713908760004e-01,-9.719122024293300188e-02,5.162549024446657495e-06,3.277983639914322181e-05,-6.469588477214282868e-05,1.699779249448123697e-01,4.000000000000000000e+00,2.159555091200052179e-01
9.246354425148339828e-02,1.373053742811406464e-01,9.338461925577913096e-06,-7.888319533089681258e-05,5.298697490770011841e-05,1.699779249448123697e-01,4.000000000000000000e+00,1.655363187401186209e-01
-8.941042385483073673e-02,-2.107047430104159180e-01,4.248991915256138420e-06,6.330359470308720437e-05,-2.685200060382437006e-05,1.699779249448123697e-01,4.000000000000000000e+00,2.288901758944361098e-01
1.575594540909052710e-01,-9.127535959299136470e-02,7.841639585312763040e-06,4.348915249496454195e-05,7.467004618659869603e-05,1.699779249448123697e-01,4.000000000000000000e+00,1.820883654774625160e-01
-2.696995855478922510e-01,7.877910090746963190e-02,1.029250208378308891e-06,-1.573951191003730168e-05,-5.372663075806630221e-05,1.699779249448123697e-01,4.000000000000000000e+00,2.809697727238539278e-01
1.783347827892343140e-01,1.025876363637390903e-01,5.923960538954689301e-06,-3.824681851143594267e-05,6.609234677992674499e-05,1.699779249448123697e-01,4.000000000000000000e+00,2.057365254085480877e-01
-2.178225748593589639e-01,-1.184231645348633177e-01,2.993892832524909368e-06,3.036411632071607940e-05,-5.553039952564831495e-05,1.699779249448123697e-01,4.000000000000000000e+00,2.479328941806882292e-01
-1.470095383651123522e-01,9.522852597911665717e-02,8.451072836124761602e-06,-4.876666390668243781e-05,-7.509275732606128365e-05,1.699779249448123697e-01,4.000000000000000000e+00,1.751578617432821283e-01
4.184000632651706936e-02,-1.039567920140961332e-01,1.546613161891867601e-05,1.297838137183301174e-04,5.137587826588642414e-05,1.699779249448123697e-01,4.000000000000000000e+00,1.120607011189249658e-01
-1.114163036922219130e-01,1.747269633503113484e-01,5.810563851758655388e-06,-6.405492535759758866e-05,-4.079215190933837149e-05,1.699779249448123697e-01,4.000000000000000000e+00,2.072271807704251789e-01
1.632866271786614920e-01,-1.634976999761243444e-01,4.100051244751111220e-06,4.814901624254015923e-05,4.801572676206958582e-05,1.699779249448123697e-01,4.000000000000000000e+00,2.310714619178793339e-01
-3.227315077898366275e-02,2.151189903511396551e-01,5.048732358084509645e-06,-7.132826649112049039e-05,-1.074419902482972916e-05,1.699779249448123697e-01,4.000000000000000000e+00,2.175264036178062022e-01
1.619112258544979921e-01,2.465458158738213501e-01,2.662137726449584916e-07,-4.457338956134801168e-05,2.925026242567600396e-05,1.699779249448123697e-01,4.000000000000000000e+00,2.949577671169119619e-01
-8.983926951489885904e-02,2.424387126832664996e-01,2.335373601161275040e-06,-5.702067909966719930e-05,-2.119699693511300953e-05,1.699779249448123697e-01,4.000000000000000000e+00,2.585490741706302775e-01
2.922527820726666392e-01,6.516390009182250476e-02,2.991044386170545058e-08,-1.143576722908731753e-05,5.116174811402659931e-05,1.699779249448123697e-01,4.000000000000000000e+00,2.994294950474829520e-01
-3.614104148526341154e-02,1.817173512708855354e-01,7.569052798443727702e-06,-8.330626900382223361e-05,-1.683533811564172050e-05,1.699779249448123697e-01,4.000000000000000000e+00,1.852764708011946648e-01
-1.449406120511696483e-01,-2.287634186997709873e-01,1.607450736115954874e-06,4.894315307268371493e-05,-3.095277606065100189e-05,1.699779249448123697e-01,4.000000000000000000e+00,2.708144803310458260e-01
1.467485549738493100e-01,1.826611386901465239e-01,3.881639484834616188e-06,-5.235708958466650146e-05,4.184536100993474527e-05,1.699779249448123697e-01,4.000000000000000000e+00,2.343079810302965693e-01
1.863549971175319231e-01,1.568776244143661180e-01,3.271018761070481059e-06,-4.163895674491744552e-05,4.938536613580976977e-05,1.699779249448123697e-01,4.000000000000000000e+00,2.435955130797163304e-01
2.008055182284189943e-01,2.203631102384174534e-01,9.812199207044748624e-08,-3.889166312177383850e-05,3.556694791451264201e-05,1.699779249448123697e-01,4.000000000000000000e+00,2.981321125020463536e-01
2.212100610608928319e-01,1.172166711085949886e-01,2.841686023063977725e-06,-2.945271620066411151e-05,5.526334175168987051e-05,1.699779249448123697e-01,4.000000000000000000e+00,2.503470373308708807e-01
2.020313549516558893e-01,-2.029590985610305320e-01,7.301528921046810090e-07,3.884052704862701877e-05,3.863802085846383959e-05,1.699779249448123697e-01,4.000000000000000000e+00,2.863722473849518724e-01
2.454701791947300760e-01,-8.991949684612147997e-02,2.161834212106003006e-06,2.066602205485336088e-05,5.633017785104657077e-05,1.699779249448123697e-01,4.000000000000000000e+00,2.614213548793452024e-01
1.390380976522901935e-01,4.187751621627468224e-02,1.139619285778697839e-05,-3.137742549057552033e-05,1.030160374294227383e-04,1.699779249448123697e-01,4.000000000000000000e+00,1.452078474574020062e-01
1.627902854870322616e-02,-2.568987753030658738e-01,2.404455829413608924e-06,6.088257877240877401e-05,3.840091188965074286e-06,1.699779249448123697e-01,4.000000000000000000e+00,2.574140390940335421e-01
-1.790029841565907512e-02,-2.212541591316788958e-01,4.730720401472890948e-06,7.064839166981966994e-05,-5.981083329147556725e-06,1.699779249448123697e-01,4.000000000000000000e+00,2.219770790339307409e-01
2.890597794353942929e-01,-5.613858614330850295e-03,5.804431803843457752e-07,1.050075221353375494e-06,5.446090749044550509e-05,1.699779249448123697e-01,4.000000000000000000e+00,2.891142879481754524e-01
-1.577239862668022574e-01,2.233112057711743592e-01,1.458528097662016656e-06,-4.702002901244176178e-05,-3.312352640316454199e-05,1.699779249448123697e-01,4.000000000000000000e+00,2.733948618150425225e-01
-3.069825371626396654e-02,1.353020848788092367e-01,1.211169831431616186e-05,-1.106413759024892302e-04,-2.531934383295897064e-05,1.699779249448123697e-01,4.000000000000000000e+00,1.387408986340387396e-01
-1.406326490128800843e-01,4.270182653189274341e-02,1.120663655193590165e-05,-3.157278700558970063e-05,-1.022423236668654732e-04,1.699779249448123697e-01,4.000000000000000000e+00,1.469727456283639599e-01
7.978440826899715899e-02,-1.007818290378322684e-01,1.331122278533752960e-05,9.603708711270804053e-05,7.596163089819184331e-05,1.699779249448123697e-01,4.000000000000000000e+00,1.285399893692421025e-01
-2.997824986334618122e-02,-2.215407829680281493e-01,4.619020822480182649e-06,6.945430941168362804e-05,-9.411317329556911955e-06,1.699779249448123697e-01,4.000000000000000000e+00,2.235598666642923393e-01
-1.298327559948906085e-01,2.339669109450944612e-02,1.290306012169735952e-05,-2.126528286448750983e-05,-1.169504215847771218e-04,1.699779249448123697e-01,4.000000000000000000e+00,1.319240299695271790e-01
8.918416787378567051e-03,2.609558554104373096e-01,2.180674477496342453e-06,-6.012344961490975656e-05,2.104199683558407235e-06,1.699779249448123697e-01,4.000000000000000000e+00,2.611082086625896581e-01
-3.364224523013819440e-02,-2.313346457103283849e-01,3.917765429937482359e-06,6.631404203498168543e-05,-9.525778722343689574e-06,1.699779249448123697e-01,4.000000000000000000e+00,2.337680880061431821e-01
1.694651677895291642e-01,-2.198194171753854176e-01,1.221103763329187325e-06,4.478331792123088043e-05,3.437921857044606838e-05,1.699779249448123697e-01,4.000000000000000000e+00,2.775590374339473865e-01
-1.472035779951228196e-01,1.070185920097577736e-01,7.849801723225666733e-06,-5.100878885898206045e-05,-6.978566296002469726e-05,1.699779249448123697e-01,4.000000000000000000e+00,1.819941548795377950e-01
-1.116543473954801358e-01,-1.988905481334282133e-01,4.304127033456210383e-06,5.993090101910285809e-05,-3.347829217517910450e-05,1.699779249448123697e-01,4.000000000000000000e+00,2.280880168468437663e-01
-1.153870472699263933e-01,8.359896839742110564e-02,1.169316875026104841e-05,-6.388452488192821810e-05,-8.916570055452952524e-05,1.699779249448123697e-01,4.000000000000000000e+00,1.424884493381314010e-01
-2.818138427267374291e-01,3.831491885539627107e-02,8.383566553125832023e-07,-7.538462292905690742e-06,-5.463668098043549681e-05,1.699779249448123697e-01,4.000000000000000000e+00,2.844065311474156532e-01
-1.556994138694732799e-01,-2.457049892742215261e-02,1.010744768301638867e-05,1.534677231559610432e-05,-9.880813313349872534e-05,1.699779249448123697e-01,4.000000000000000000e+00,1.576261935619837906e-01
2.224722364030688043e-02,-1.364335729968851885e-01,1.216915216500187650e-05,1.122439601182685019e-04,1.881457352129028011e-05,1.699779249448123697e-01,4.000000000000000000e+00,1.382355193153996520e-01
1.633363890272055696e-01,-2.323994487776943896e-02,9.391181939630260906e-06,1.348958406225755348e-05,9.412648842202522262e-05,1.699779249448123697e-01,4.000000000000000000e+00,1.649814262829861766e-01
-2.567792770673290037e-01,9.360306987848929228e-02,1.463517458026632048e-06,-1.954887616407442166e-05,-5.396505262074326875e-05,1.699779249448123697e-01,4.000000000000000000e+00,2.733077602665124894e-01
-7.629865667789670347e-02,1.164483461155471772e-01,1.205786537141699438e-05,-9.393568423949824608e-05,-6.182898246257257789e-05,1.699779249448123697e-01,4.000000000000000000e+00,1.392181824471854790e-01
-1.710191341574079094e-01,1.740743150407166595e-01,3.243215490089613331e-06,-4.600100796735654698e-05,-4.519800978382108192e-05,1.699779249448123697e-01,4.000000000000000000e+00,2.440274808394418404e-01
1.762905816752201316e-01,1.971707357309702424e-01,1.978611655967865614e-06,-4.420327693999394429e-05,3.958867483259655628e-05,1.699779249448123697e-01,4.000000000000000000e+00,2.644894482131178726e-01
-7.709092921668644904e-02,2.537688382793336084e-01,1.935342275939905939e-06,-5.666671283561992731e-05,-1.704528921366497998e-05,1.699779249448123697e-01,4.000000000000000000e+00,2.652199740764913383e-01
1.381313169852342870e-01,8.339543025731009640e-02,9.740382406068450293e-06,-5.067942926908136837e-05,8.327164395652679745e-05,1.699779249448123697e-01,4.000000000000000000e+00,1.613538301989672352e-01
-1.133446453224443567e-01,5.517922297931712045e-02,1.361684664003866155e-05,-5.356640261698587466e-05,-1.117771209044592659e-04,1.699779249448123697e-01,4.000000000000000000e+00,1.260625054164477010e-01
1.069728266266702366e-01,1.871531418969802629e-01,5.190821708842873908e-06,-6.336340896744474451e-05,3.646595470438256364e-05,1.699779249448123697e-01,4.000000000000000000e+00,2.155678180026203983e-01
-9.358552940277702070e-02,1.351222736157513815e-01,9.449894486906533251e-06,-7.852104054159429487e-05,-5.446778306124448754e-05,1.699779249448123697e-01,4.000000000000000000e+00,1.643662986767300271e-01
6.959806423278123988e-02,-2.478023841631177837e-01,2.405916798095478684e-06,5.867111023272738657e-05,1.632683753948903534e-05,1.699779249448123697e-01,4.000000000000000000e+00,2.573905828539104768e-01
5.065144208758441680e-03,1.979119960157325608e-01,6.527768776370877420e-06,-7.943891511150880807e-05,2.246623016221158044e-06,1.699779249448123697e-01,4.000000000000000000e+00,1.979768012995130055e-01
-1.645268858751569307e-01,-1.394404221067717942e-01,5.183457063925091482e-06,4.725010844266512252e-05,-5.562756791091140051e-05,1.699779249448123697e-01,4.000000000000000000e+00,2.156680956773430746e-01
1.149901386724550001e-01,-8.224804313658323762e-02,1.181608347325381333e-05,6.482713128033300732e-05,9.049484721252169968e-05,1.699779249448123697e-01,4.000000000000000000e+00,1.413770582227105443e-01
-2.157304956996446699e-01,-9.647609603072168638e-02,3.747327997963339801e-06,2.731340066082795474e-05,-6.059187982367755289e-05,1.699779249448123697e-01,4.000000000000000000e+00,2.363202993399920182e-01
5.542145230880148044e-02,1.503503757898966009e-01,9.849009423808508239e-06,-9.150352185871317900e-05,3.367917119310699317e-05,1.699779249448123697e-01,4.000000000000000000e+00,1.602397356343921442e-01
-1.426059532994626566e-01,2.105028138869136922e-01,2.598092640958680083e-06,-5.130854503766037390e-05,-3.471923721497354587e-05,1.699779249448123697e-01,4.000000000000000000e+00,2.542594984867962427e-01
-1.087725539003613073e-01,-6.938363840786168635e-02,1.325279349214418627e-05,6.537796543216211937e-05,-1.023343679920913480e-04,1.699779249448123697e-01,4.000000000000000000e+00,1.290176645297840818e-01
-2.965541326720279036e-01,-1.232565700312976582e-02,1.678973051893537447e-07,2.127567061137354458e-06,-5.281480103327957618e-05,1.699779249448123697e-01,4.000000000000000000e+00,2.968101673215011727e-01
1.517391346397433949e-01,2.050871842719488303e-01,2.545174271998358931e-06,-4.957993401772386197e-05,3.658125432907602262e-05,1.699779249448123697e-01,4.000000000000000000e+00,2.551186354106937393e-01
-1.504835782251539023e-01,5.226648354826298609e-02,9.941319991283951912e-06,-3.240283128692993651e-05,-9.318859412215584016e-05,1.699779249448123697e-01,4.000000000000000000e+00,1.593018914449758072e-01
-1.061641486985714922e-01,-2.944992625555557797e-02,1.573266588616416544e-05,3.875814050720805210e-05,-1.380867585653620196e-04,1.699779249448123697e-01,4.000000000000000000e+00,1.101731574629231519e-01
-2.103056592996858237e-02,1.923458401124713557e-01,6.887649082989051450e-06,-8.043643459695664841e-05,-9.104486369184611497e-06,1.699779249448123697e-01,4.000000000000000000e+00,1.934921365634974522e-01
-1.155890381388900295e-01,-9.865394969614396659e-02,1.068180869316826228e-05,6.695439032813168330e-05,-7.851260703055395248e-05,1.699779249448123697e-01,4.000000000000000000e+00,1.519652181537705649e-01
1.520735302185765581e-01,7.174730963580325249e-02,9.092528551687276283e-06,-3.964486810313318292e-05,8.475715516974753627e-05,1.699779249448123697e-01,4.000000000000000000e+00,1.681488478495054839e-01
-1.463841522210554691e-01,2.419134796547211252e-01,9.298112748820433617e-07,-4.752094701632525518e-05,-2.873323411907008882e-05,1.699779249448123697e-01,4.000000000000000000e+00,2.827551089903280745e-01
8.100758737398056075e-02,-2.282561254717225541e-01,3.360995785877594686e-06,6.115392618039788061e-05,2.166977976115646074e-05,1.699779249448123697e-01,4.000000000000000000e+00,2.422046408050759214e-01
-9.211595310731280489e-03,1.577209233417958545e-01,1.007121867186290538e-05,-9.928420854039910815e-05,-5.702773826504455110e-06,1.699779249448123697e-01,4.000000000000000000e+00,1.579896931700208451e-01
-1.851263553219913149e-01,-1.439284847918822496e-01,3.869115958810956558e-06,4.097390448049886868e-05,-5.282842082408707404e-05,1.699779249448123697e-01,4.000000000000000000e+00,2.344934458983689018e-01
-1.492161221274620475e-01,9.465635742770357741e-02,8.312942413983434126e-06,-4.803281931324138697e-05,-7.496702335752990188e-05,1.699779249448123697e-01,4.000000000000000000e+00,1.767067545518247740e-01
-1.203881412440405418e-01,2.713432488758197314e-01,1.657399184506266573e-07,-4.829371313074521765e-05,-2.147884032305896019e-05,1.699779249448123697e-01,4.000000000000000000e+00,2.968509108335025681e-01
1.008429477686585973e-01,-5.867454427094366542e-02,1.483306061721298229e-05,6.863813736101305582e-05,1.161547347119557027e-04,1.699779249448123697e-01,4.000000000000000000e+00,1.166704858140023976e-01
-1.451179971714953998e-01,2.186335159293676111e-01,2.102501156075816382e-06,-4.982056067407725512e-05,-3.308741246465139258e-05,1.699779249448123697e-01,4.000000000000000000e+00,2.624115991923817170e-01
2.244889112566039388e-02,2.675228727243639248e-01,1.744409305116317484e-06,-5.838554855049940767e-05,5.027599614411055372e-06,1.699779249448123697e-01,4.000000000000000000e+00,2.684631076022699347e-01
1.075913918825406324e-01,-6.894397490961008679e-02,1.340363503490402102e-05,6.542913612194204646e-05,1.033897602362931979e-04,1.699779249448123697e-01,4.000000000000000000e+00,1.277856771455994356e-01
-3.996188619894783418e-03,-1.567877977289215408e-01,1.018626496055145502e-05,1.001046403051375949e-04,-3.067398098468310263e-06,1.699779249448123697e-01,4.000000000000000000e+00,1.568387166492093976e-01
-8.452102774325571943e-02,-1.850184160346176054e-01,6.102589072706330593e-06,7.000680494872179324e-05,-3.215850448912876866e-05,1.699779249448123697e-01,4.000000000000000000e+00,2.034099761632527370e-01
2.685586316877167645e-01,8.639322178941133412e-02,9.654990588249326738e-07,-1.713384382820572178e-05,5.308551074126575161e-05,1.699779249448123697e-01,4.000000000000000000e+00,2.821126147926269478e-01
1.569590590571197097e-01,1.697009838407090576e-01,4.094050219958000460e-06,-5.007343350471505532e-05,4.615879846464587664e-05,1.699779249448123697e-01,4.000000000000000000e+00,2.311591878697470126e-01
-1.617147430986349832e-01,-1.913797281424243768e-01,2.828643716455088021e-06,4.788667122384078652e-05,-4.060528848859083979e-05,1.699779249448123697e-01,4.000000000000000000e+00,2.505551006851103324e-01
6.806070946610652539e-02,2.612109846602443386e-01,1.658695077897664268e-06,-5.640716280629684277e-05,1.461727927576435162e-05,1.699779249448123697e-01,4.000000000000000000e+00,2.699322853609848472e-01
4.215181891965346511e-02,2.732200969378357769e-01,1.283832338570675835e-06,-5.613191621644699191e-05,8.601216378801779185e-06,1.699779249448123697e-01,4.000000000000000000e+00,2.764525225223232185e-01
4.015255977871064891e-02,-2.168578883353123044e-01,4.832384644261614049e-06,7.020036072880943853e-05,1.283039601457865241e-05,1.699779249448123697e-01,4.000000000000000000e+00,2.205438092308049935e-01
-5.064612193826454473e-02,2.205491067024532847e-01,4.428436298137685191e-06,-6.777382042186728647e-05,-1.568486786519272981e-05,1.699779249448123697e-01,4.000000000000000000e+00,2.262895007167493033e-01
2.343634625440808861e-01,1.131515796966909154e-01,2.232463858186474501e-06,-2.603825731930548167e-05,5.430150713619772855e-05,1.699779249448123697e-01,4.000000000000000000e+00,2.602489434435947824e-01
1.737351828136037835e-01,4.047899497109291173e-02,8.164054732200873028e-06,-2.003659421795387708e-05,8.594711332562699488e-05,1.699779249448123697e-01,4.000000000000000000e+00,1.783885163937020124e-01
-2.625247478776755461e-01,9.792386675999968648e-02,1.072758073498412374e-06,-1.946855544451737025e-05,-5.255761491073083255e-05,1.699779249448123697e-01,4.000000000000000000e+00,2.801933741712449577e-01
-8.341918430364582415e-02,-7.555050729872006543e-02,1.539800733148631318e-05,9.350964823766663139e-05,-1.033531694059231117e-04,1.699779249448123697e-01,4.000000000000000000e+00,1.125461659186113017e-01
1.105731980241825840e-01,-1.194136933656182592e-01,9.605521184186584797e-06,7.079337999946773549e-05,6.565461247215704859e-05,1.699779249448123697e-01,4.000000000000000000e+00,1.627453909777877572e-01
2.090343546222465931e-01,1.747152800672244766e-01,1.513724756090690361e-06,-3.716725834940859630e-05,4.426018868478987200e-05,1.699779249448123697e-01,4.000000000000000000e+00,2.724349289303921728e-01
6.401376327819785494e-02,1.838453980799808762e-01,6.792175447069722178e-06,-7.595772855310277990e-05,2.620971053767610971e-05,1.699779249448123697e-01,4.000000000000000000e+00,1.946712415438494881e-01
-1.485461887013162785e-01,-2.814387649539056707e-02,1.076238737492790915e-05,1.953245342498902129e-05,-1.018316658117624076e-04,1.699779249448123697e-01,4.000000000000000000e+00,1.511887825265977314e-01
-1.054924671494770344e-01,1.210177516194404779e-01,9.819537513800749147e-06,-7.423240086861082458e-05,-6.426612949672177435e-05,1.699779249448123697e-01,4.000000000000000000e+00,1.605426947335445720e-01
-2.287065813592222274e-01,2.519496945579709560e-02,4.166912569691473689e-06,-7.652826430098556702e-06,-6.766660740788443254e-05,1.699779249448123697e-01,4.000000000000000000e+00,2.300901711131987659e-01
2.479082274822334564e-01,-1.280378734071978275e-01,1.138632472024761784e-06,2.590124599624484659e-05,4.982766657943895347e-05,1.699779249448123697e-01,4.000000000000000000e+00,2.790200463766365768e-01
-1.237669230245484614e-01,-3.586626608749449857e-02,1.327220701268470182e-05,3.369269899397686467e-05,-1.176923046577669477e-04,1.699779249448123697e-01,4.000000000000000000e+00,1.288589937801140062e-01
-9.980252654969926085e-02,5.892101061943660206e-02,1.493742532218028130e-05,-6.969932312417619037e-05,-1.164405709792303847e-04,1.699779249448123697e-01,4.000000000000000000e+00,1.158974969450125292e-01
2.180635073249012623e-01,-1.449000693158616557e-02,4.975380320424180141e-06,4.642775121105971131e-06,7.197905248395139899e-05,1.699779249448123697e-01,4.000000000000000000e+00,2.185443971547078590e-01
2.698234151607606934e-01,1.171973793855672907e-01,3.078614676680850938e-07,-2.132125983582766003e-05,4.895679516103312488e-05,1.699779249448123697e-01,4.000000000000000000e+00,2.941766494877878779e-01
1.655323520837910789e-01,-7.522525930987850051e-02,7.864465480165212056e-06,3.585459873913371127e-05,7.873072226950494695e-05,1.699779249448123697e-01,4.000000000000000000e+00,1.818235386979107082e-01
-2.945607453180236757e-01,-3.075815422051116684e-03,2.865201905158358668e-07,4.949649448568934902e-07,-5.322936229127970078e-05,1.699779249448123697e-01,4.000000000000000000e+00,2.945768037758915714e-01
-2.847532907526900137e-01,-6.721928793830557122e-03,8.148184092633728105e-07,1.446395394348068551e-06,-5.528615731572538675e-05,1.699779249448123697e-01,4.000000000000000000e+00,2.848326191312984812e-01
1.611905472015320306e-01,-8.604185115729653943e-02,7.787453628653573487e-06,4.030727897159359344e-05,7.573077967140576065e-05,1.699779249448123697e-01,4.000000000000000000e+00,1.827172478385762355e-01
-2.745607614016019604e-01,-1.264364161156767905e-02,1.375049055025951535e-06,2.639746214350059276e-06,-5.702160985549879860e-05,1.699779249448123697e-01,4.000000000000000000e+00,2.748517298010496046e-01
-2.364435230024476420e-01,9.636301495160611019e-02,2.532386127332305279e-06,-2.312520539062373173e-05,-5.696301387505503213e-05,1.699779249448123697e-01,4.000000000000000000e+00,2.553260077241886750e-01
-3.194276790086743312e-02,2.245569699265300145e-01,4.391895638751806849e-06,-6.857287994997258139e-05,-9.574029691613168387e-06,1.699779249448123697e-01,4.000000000000000000e+00,2.268174886638003318e-01
-1.142571527389661112e-01,-1.771160790125944628e-01,5.544144144306357454e-06,6.296871758673849493e-05,-4.037750192166897790e-05,1.699779249448123697e-01,4.000000000000000000e+00,2.107719203233937300e-01
-2.487654748915491543e-01,-1.163832833838046449e-01,1.386874160990179695e-06,2.421380807818317090e-05,-5.195360598592225126e-05,1.699779249448123697e-01,4.000000000000000000e+00,2.746440062138857940e-01
6.029308797899439465e-02,2.646189557440029039e-01,1.573495737038734336e-06,-5.647203876386930907e-05,1.298688155524713141e-05,1.699779249448123697e-01,4.000000000000000000e+00,2.714008994036116729e-01
-6.712422117870639471e-02,-2.574847297651177702e-01,1.883849535231852272e-06,5.709528439093870377e-05,-1.482687166125955280e-05,1.699779249448123697e-01,4.000000000000000000e+00,2.660902988292951910e-01
-1.850873315852675227e-01,-2.358070046327573333e-01,1.200933326075429564e-08,4.127639549916196704e-05,-3.243735502075638556e-05,1.699779249448123697e-01,4.000000000000000000e+00,2.997703516814629876e-01
-1.765456504923939574e-01,1.328425944306390882e-01,4.804056773026631655e-06,-4.300361830257607126e-05,-5.680900795217771202e-05,1.699779249448123697e-01,4.000000000000000000e+00,2.209423490479943963e-01
2.733031281880847208e-01,7.559252339693817158e-03,1.457786288199545147e-06,-1.603313498635226018e-06,5.747390549451629899e-05,1.699779249448123697e-01,4.000000000000000000e+00,2.734076483446061800e-01
-2.656193360735498721e-01,9.265849845732863910e-02,1.009881000385091845e-06,-1.847969906567273026e-05,-5.256688806119346868e-05,1.699779249448123697e-01,4.000000000000000000e+00,2.813169547548106664e-01
1.664215924679359193e-01,6.337778060246557384e-03,9.243338840819683469e-06,-3.645995033164895708e-06,9.424186555289916457e-05,1.699779249448123697e-01,4.000000000000000000e+00,1.665422284896677096e-01
1.067250874243368119e-01,5.437787211180807739e-02,1.441969296055686155e-05,-5.993792299536658454e-05,1.169370558124488012e-04,1.699779249448123697e-01,4.000000000000000000e+00,1.197797865298669273e-01
-1.879440502971060356e-01,8.756162984299664664e-02,5.802066907730935459e-06,-3.175655667914610412e-05,-6.891804688021805725e-05,1.699779249448123697e-01,4.000000000000000000e+00,2.073403121991550524e-01
2.441646642657054056e-01,1.380919852033771489e-01,1.054993374468601876e-06,-2.751622693368451639e-05,4.886516939007389459e-05,1.699779249448123697e-01,4.000000000000000000e+00,2.805098566064914145e-01
-2.954393479538625078e-02,1.816152183853060598e-01,7.677398619311776455e-06,-8.449270031116843413e-05,-1.406388895923983527e-05,1.699779249448123697e-01,4.000000000000000000e+00,1.840025315921942628e-01
-1.440804853286343223e-01,-2.134223879187467365e-01,2.398960666246655216e-06,5.040651624843178497e-05,-3.407201747652555211e-05,1.699779249448123697e-01,4.000000000000000000e+00,2.575039842749521912e-01
-3.878440377866394090e-02,1.005041755656634478e-01,1.608499346629036031e-05,-1.351214178287488230e-04,-5.163732587417174343e-05,6.799116997792494788e-01,4.000000000000000000e+00,1.077279874619411215e-01
1.976900961078891794e-01,-2.920949048564797524e-03,6.548752666806429486e-06,1.087912646716391372e-06,7.972039869549915733e-05,1.699779249448123697e-01,4.000000000000000000e+00,1.977116740167124687e-01
2.112062824768840275e-01,-1.225860400323774968e-01,3.231879550715361743e-06,3.226332438058097550e-05,5.566547068007282834e-05,1.699779249448123697e-01,4.000000000000000000e+00,2.442036669841896324e-01
-1.253954565690724998e-01,-7.448861361172362527e-02,1.132674230828808444e-05,5.485466941852512905e-05,-9.247170468709290162e-05,1.699779249448123697e-01,4.000000000000000000e+00,1.458512052948579829e-01
2.799204745171335329e-01,-5.898354713770934121e-02,7.468636635414524759e-07,1.132962340348211358e-05,5.362912248544151900e-05,1.699779249448123697e-01,4.000000000000000000e+00,2.860673537592914317e-01
1.032448550141886190e-01,-1.127263822533150495e-01,1.058945130663827508e-05,7.546364447276350518e-05,6.925027080547185398e-05,1.699779249448123697e-01,4.000000000000000000e+00,1.528618243474194893e-01
-1.207684432049010437e-01,2.613253304648346931e-01,6.475666233329898273e-07,-4.937413155583429258e-05,-2.290795159508098201e-05,1.699779249448123697e-01,4.000000000000000000e+00,2.878818250892030139e-01
-4.253635249186374194e-04,-1.676727906343470909e-01,9.136975044897315825e-06,9.392940495360659189e-05,1.086099222029731281e-07,1.699779249448123697e-01,4.000000000000000000e+00,1.676733301787673158e-01
1.952983715922340102e-01,2.267304662499620982e-01,3.953462587940392522e-08,-3.971779610567200547e-05,3.422891143342815870e-05,1.699779249448123697e-01,4.000000000000000000e+00,2.992459828844883929e-01
-9.691775794131990418e-02,-2.222430602474394501e-01,3.344682436415969151e-06,5.927232479217464564e-05,-2.575895759434691622e-05,1.699779249448123697e-01,4.000000000000000000e+00,2.424562427171535473e-01
-1.327805105171406541e-01,7.448091371158462905e-03,1.277679450575484790e-05,-6.644244092503614574e-06,-1.177513537423526078e-04,1.699779249448123697e-01,4.000000000000000000e+00,1.329892403101304299e-01
1.264914951116482000e-01,1.342278873304799010e-02,1.347531600736162262e-05,-1.302621537672394274e-05,1.219801869090603397e-04,1.699779249448123697e-01,4.000000000000000000e+00,1.272016886403327662e-01
-1.973934621525724395e-02,1.286557389823157205e-01,1.311425280918370639e-05,-1.195752922309276003e-04,-1.871236150123198092e-05,1.699779249448123697e-01,4.000000000000000000e+00,1.301612114344805338e-01
2.306542037889542096e-01,-6.641097794631931062e-02,3.502961019138532568e-06,1.814069850884425373e-05,6.299699632399336424e-05,1.699779249448123697e-01,4.000000000000000000e+00,2.400245398231250216e-01
-1.100467766377700302e-01,2.507014648051383299e-01,1.435765968209209604e-06,-5.258397497717902315e-05,-2.309165111977855007e-05,1.699779249448123697e-01,4.000000000000000000e+00,2.737910106336679528e-01
8.642098452059192304e-02,1.880967728745427114e-01,5.827799066970832027e-06,-6.905255353066447614e-05,3.176850281144629249e-05,1.699779249448123697e-01,4.000000000000000000e+00,2.069999578051302525e-01
8.217620295556142540e-02,1.985018280950868463e-01,5.243997118773406330e-06,-6.741361670394650893e-05,2.795734728124303224e-05,1.699779249448123697e-01,4.000000000000000000e+00,2.148392517425180281e-01
-2.378815480622896161e-01,3.124684765544510912e-02,3.509488422986164205e-06,-8.685541271595126616e-06,-6.463753122193946835e-05,1.699779249448123697e-01,4.000000000000000000e+00,2.399249807688103309e-01
1.267203757962931665e-01,-1.925196824250670902e-01,4.140171490806611159e-06,5.679523619861648651e-05,3.743858364720985645e-05,1.699779249448123697e-01,4.000000000000000000e+00,2.304818469272633397e-01
1.284855369081317096e-02,-2.553421039306426610e-01,2.511552709471689454e-06,6.146642722265591749e-05,2.933743190213790840e-06,1.699779249448123697e-01,4.000000000000000000e+00,2.556651626085822970e-01
-2.026663166081734968e-01,8.491549541956754099e-02,4.889987324234695838e-06,-2.776451967609042977e-05,-6.571609552255658587e-05,1.699779249448123697e-01,4.000000000000000000e+00,2.197368363517483159e-01
6.657409959947106770e-02,2.509383128688292275e-01,2.270515514372126837e-06,-5.843521714366845557e-05,1.554647931229728703e-05,1.699779249448123697e-01,4.000000000000000000e+00,2.596192358107055065e-01
2.871821947710742617e-01,8.552194396229079176e-02,1.856723007376582690e-08,-1.498303212348512129e-05,5.023147404700731039e-05,1.699779249448123697e-01,4.000000000000000000e+00,2.996458174121915397e-01
-1.912999347334875810e-01,4.576141456029945292e-02,6.629701959928160320e-06,-1.830986950806977662e-05,-7.776703977810760899e-05,1.699779249448123697e-01,4.000000000000000000e+00,1.966971583211007957e-01
4.334483567317819891e-02,-1.005531769970745698e-01,1.582934717681422083e-05,1.321676365693919355e-04,5.756280361943377679e-05,1.699779249448123697e-01,4.000000000000000000e+00,1.094975624556995680e-01
-1.842611093335193642e-02,-1.435503967542888504e-01,1.144816374115364797e-05,1.074198027616494138e-04,-1.374670782511223010e-05,1.699779249448123697e-01,4.000000000000000000e+00,1.447281519692762974e-01
-1.964318975859987160e-01,1.270956032682027392e-01,3.904697726724155229e-06,-3.653612303006404565e-05,-5.633605200029864985e-05,1.699779249448123697e-01,4.000000000000000000e+00,2.339632081318442636e-01
-1.618833907692784901e-01,-1.095742968619464602e-01,6.726997136985271178e-06,4.500289687333747896e-05,-6.667021350183640574e-05,1.699779249448123697e-01,4.000000000000000000e+00,1.954808398277153303e-01
-2.688782816919521590e-01,1.138621753359516792e-01,4.248630951011735440e-07,-2.088815571514689981e-05,-4.954997198636790765e-05,1.699779249448123697e-01,4.000000000000000000e+00,2.919933652291636927e-01
-2.164099315017288805e-01,-1.172360717255895718e-01,3.108842272445061835e-06,3.051713856214651079e-05,-5.588318152253478295e-05,1.699779249448123697e-01,4.000000000000000000e+00,2.461250799212273965e-01
-2.269186336864286169e-01,-2.505961886197109398e-02,4.289703435246733555e-06,7.613378349807750045e-06,-6.842811973999101012e-05,1.699779249448123697e-01,4.000000000000000000e+00,2.282981620855122629e-01
-1.143662249725812818e-01,-2.469221257774980860e-01,1.531810421043502231e-06,5.224324536171902122e-05,-2.424019549441301451e-05,1.699779249448123697e-01,4.000000000000000000e+00,2.721216081331243042e-01
-1.771254245804226302e-01,-8.585978878806160841e-03,8.257264450272887036e-06,4.194752582069370510e-06,-8.828384144186625197e-05,1.699779249448123697e-01,4.000000000000000000e+00,1.773334008755888258e-01
2.563102638798181454e-01,-1.003439078801366402e-01,1.352157919374620307e-06,2.097591127448375091e-05,5.319314747809449870e-05,1.699779249448123697e-01,4.000000000000000000e+00,2.752523409869557236e-01
-9.547554106037783872e-02,4.638072677168657981e-02,1.631770433329844783e-05,-6.557555580578493606e-05,-1.337071646919944974e-04,6.799116997792494788e-01,4.000000000000000000e+00,1.061449516305026097e-01
2.436520368867729491e-01,2.444799778294647064e-02,3.188774282362190819e-06,-6.392777262883098672e-06,6.380247295674014755e-05,1.699779249448123697e-01,4.000000000000000000e+00,2.448755187328213179e-01
2.490873817243031627e-02,2.902188842348094044e-01,4.629565646840038154e-07,-5.366205368618214326e-05,4.677714486230585605e-06,1.699779249448123697e-01,4.000000000000000000e+00,2.912858493024341744e-01
-2.706384577090700239e-01,-1.031949965262123374e-03,1.617523134045303168e-06,2.731831657343131988e-07,-5.817045084791778976e-05,1.699779249448123697e-01,4.000000000000000000e+00,2.706404251250630888e-01
-2.710217644176040608e-01,-7.062551618789349173e-02,1.079501533600903967e-06,1.407366047676095557e-05,-5.438221886815735782e-05,1.699779249448123697e-01,4.000000000000000000e+00,2.800727768363746040e-01
-1.948005189909433332e-01,-6.653761982539185826e-02,5.915209058131262324e-06,2.450020802758203029e-05,-7.257535020471135600e-05,1.699779249448123697e-01,4.000000000000000000e+00,2.058506668708393050e-01
-6.094261678963991402e-02,-2.690822703692842266e-01,1.315410320538962505e-06,5.548425558815587043e-05,-1.254361289319415491e-05,1.699779249448123697e-01,4.000000000000000000e+00,2.758972105119177898e-01
-3.601904193339507121e-02,2.307153210429806756e-01,3.935135227674190595e-06,-6.636048611892848533e-05,-1.025362005147167915e-05,1.699779249448123697e-01,4.000000000000000000e+00,2.335100227950940022e-01
-1.246858469917720563e-01,-2.105413373610620642e-01,3.200554889142047904e-06,5.536250447236332705e-05,-3.264863116713374516e-05,1.699779249448123697e-01,4.000000000000000000e+00,2.446920823766885467e-01
-3.566325974116725528e-02,-1.200248758744582867e-01,1.372317201436052314e-05,1.207351521387451938e-04,-3.597577950109643599e-05,1.699779249448123697e-01,4.000000000000000000e+00,1.252111773127506378e-01
-1.392928131529497515e-01,8.683350441094180028e-02,9.471446490489411765e-06,-5.100061583537396760e-05,-8.091668179237607823e-05,1.699779249448123697e-01,4.000000000000000000e+00,1.641418450132312301e-01
-1.907849238230183153e-01,1.346793508932527528e-01,3.933611974400101456e-06,-3.861212736198363951e-05,-5.487464025026653739e-05,1.699779249448123697e-01,4.000000000000000000e+00,2.335324703658632761e-01
5.406092782517233492e-02,1.128992011676443752e-01,1.372783367544464609e-05,-1.136588656712457344e-04,5.412941513709423224e-05,1.699779249448123697e-01,4.000000000000000000e+00,1.251751314822985295e-01
-2.261890365855505070e-01,1.357176527897721585e-01,2.020676685509361150e-06,-3.078941839056842638e-05,-5.109703351827902910e-05,1.699779249448123697e-01,4.000000000000000000e+00,2.637816550677181682e-01
6.377079731859909562e-02,-2.707430288250600725e-01,1.187598768096436869e-06,5.491000655628956999e-05,1.304851163988410002e-05,1.699779249448123697e-01,4.000000000000000000e+00,2.781519409387918640e-01
2.432821483524162665e-01,-1.566027259542123184e-01,5.688737444770024884e-07,2.938387373451927843e-05,4.565984529021862350e-05,1.699779249448123697e-01,4.000000000000000000e+00,2.893278719433321489e-01
-1.148634069611982195e-01,-7.660653891797573889e-02,1.218828958858315908e-05,6.307965960350310735e-05,-9.446763617489099406e-05,1.699779249448123697e-01,4.000000000000000000e+00,1.380657961398302769e-01
-8.912071927191168863e-02,2.780232076357255777e-01,4.267839099426004514e-07,-5.115385591387807882e-05,-1.624070957475844473e-05,1.699779249448123697e-01,4.000000000000000000e+00,2.919578849553487454e-01
-5.279775449718076413e-02,-1.165233333825418799e-01,1.338620661732152568e-05,1.112295344751050450e-04,-5.061267914822617145e-05,1.699779249448123697e-01,4.000000000000000000e+00,1.279268935858428879e-01
-1.362114207456576430e-02,-2.197226755286848243e-01,4.860854799594350689e-06,7.111144683335985414e-05,-4.272880745236249479e-06,1.699779249448123697e-01,4.000000000000000000e+00,2.201444745000410430e-01
-1.373901408084697573e-01,2.418838017782718175e-01,1.186045072141714303e-06,-4.912932293479790446e-05,-2.785911786917373676e-05,1.699779249448123697e-01,4.000000000000000000e+00,2.781794822665421552e-01
5.956643920692912542e-02,-1.141475426294192158e-01,1.328511098038166594e-05,1.080562041697999599e-04,5.689053852348396358e-05,1.699779249448123697e-01,4.000000000000000000e+00,1.287548918221279037e-01
9.988918800980234325e-02,4.986932030865610932e-02,1.552436448153196737e-05,-6.348179531633779552e-05,1.254671901847014665e-04,1.699779249448123697e-01,4.000000000000000000e+00,1.116458641836095139e-01
1.137365731440018041e-01,7.696623566010341554e-03,1.519681441836049587e-05,-9.863450316099608815e-06,1.383597865471192462e-04,1.699779249448123697e-01,4.000000000000000000e+00,1.139966933066820926e-01
1.623471462066167215e-01,1.582591901850510796e-01,4.398512149275091980e-06,-4.836467226686240364e-05,4.967252205179072778e-05,1.699779249448123697e-01,4.000000000000000000e+00,2.267213425318859443e-01
1.526175507377836860e-01,2.276592543941965419e-01,1.419107669909128371e-06,-4.762796316176127429e-05,3.189499711947324219e-05,1.699779249448123697e-01,4.000000000000000000e+00,2.740818361448300600e-01
1.051886789352030754e-01,-1.001192447625595949e-01,1.139494806471895460e-05,7.436266405854856420e-05,7.787704349989528192e-05,1.699779249448123697e-01,4.000000000000000000e+00,1.452188739384745186e-01
-1.286992535540820437e-01,6.559418381650780616e-02,1.147845079312642729e-05,-4.875895476592083443e-05,-9.694026153554967688e-05,1.699779249448123697e-01,4.000000000000000000e+00,1.444510118203805316e-01
-3.689442784297274069e-02,2.335910723287535629e-01,3.736241714304113866e-06,-6.550282547990064557e-05,-1.052911087718390619e-05,1.699779249448123697e-01,4.000000000000000000e+00,2.364867604699199544e-01
-1.550563867681698793e-01,7.406761773218696610e-02,8.751557568125130075e-06,-3.894806167905418497e-05,-8.232561444963233741e-05,1.699779249448123697e-01,4.000000000000000000e+00,1.718385727190541723e-01
-2.069347427957776431e-01,1.608466411123084805e-01,2.121470488310618444e-06,-3.693340090476367155e-05,-4.730901177670639082e-05,1.699779249448123697e-01,4.000000000000000000e+00,2.620946961177704204e-01
-9.319131756782896014e-02,2.780968052877106356e-01,3.549528708855812252e-07,-5.086773038353787675e-05,-1.719599015904637565e-05,1.699779249448123697e-01,4.000000000000000000e+00,2.932958485578320840e-01
1.731752497827876991e-01,2.037960282952950286e-01,1.804540525747456372e-06,-4.496087714253911994e-05,3.803103829875238251e-05,1.699779249448123697e-01,4.000000000000000000e+00,2.674368865475882928e-01
-1.579281849769588464e-01,-2.352841111287763964e-01,8.955015353369620956e-07,4.612953596796939273e-05,-3.098485372069628252e-05,1.699779249448123697e-01,4.000000000000000000e+00,2.833724131946773195e-01
1.491553310564764645e-01,1.726615073319921478e-01,4.298815237491158337e-06,-5.195648583902418499e-05,4.496596769153376382e-05,1.699779249448123697e-01,4.000000000000000000e+00,2.281650913192521390e-01
4.406999072019217312e-02,-2.735237703902567152e-01,1.249868469096310359e-06,5.605181117198076426e-05,8.894050612256285165e-06,1.699779249448123697e-01,4.000000000000000000e+00,2.770512895667148756e-01
4.770425348731711923e-02,1.522960378820343019e-01,9.912743737462176459e-06,-9.419555641351628355e-05,2.933349955233620230e-05,1.699779249448123697e-01,4.000000000000000000e+00,1.595925404126027347e-01
-1.496557529440568392e-02,-1.272745308382715879e-01,1.335882482862826865e-05,1.220909760847531627e-04,-1.375833470955287584e-05,1.699779249448123697e-01,4.000000000000000000e+00,1.281513739450134415e-01
8.577493026819869859e-02,-2.355240077138267274e-01,2.822283130827765134e-06,5.882250637008957681e-05,2.125611602773825389e-05,1.699779249448123697e-01,4.000000000000000000e+00,2.506569306284928134e-01
8.679278076738877745e-02,8.714908026454698531e-02,1.400345725148991950e-05,-9.089274472870528213e-05,9.048530062796345322e-05,1.699779249448123697e-01,4.000000000000000000e+00,1.229957275042205117e-01
2.441306687884424731e-01,1.480166768761684293e-01,7.782451628897898439e-07,-2.862691552954005486e-05,4.693508454269040451e-05,1.699779249448123697e-01,4.000000000000000000e+00,2.854973206118688878e-01
2.434510798818856625e-01,-7.982518695344290038e-02,2.478456913945175636e-06,1.917628877791946522e-05,5.807646447414773952e-05,1.699779249448123697e-01,4.000000000000000000e+00,2.562039983446948166e-01
-2.857615291227464382e-01,6.756774942676846418e-02,3.364971978235615307e-07,-1.218438837997363902e-05,-5.222221531555804237e-05,1.699779249448123697e-01,4.000000000000000000e+00,2.936410262364045343e-01
-1.293438056292698091e-01,-1.381462219088001320e-01,7.236063135904862271e-06,6.022912129294709680e-05,-5.670849142493545334e-05,1.699779249448123697e-01,4.000000000000000000e+00,1.892463967486244514e-01
2.199346792413503782e-01,3.237420788532643229e-02,4.707476887832577424e-06,-1.033764958857205622e-05,7.007789061732015441e-05,1.699779249448123697e-01,4.000000000000000000e+00,2.223046388836679432e-01
-4.733282670294431532e-02,2.595372807435327167e-01,2.018548759934815820e-06,-5.856374382088481723e-05,-1.054380117854182114e-05,1.699779249448123697e-01,4.000000000000000000e+00,2.638181126826554257e-01
-1.736771420974492219e-01,-5.892426463752943253e-03,8.575459556822353509e-06,3.069403933177646919e-06,-9.028547652653270451e-05,1.699779249448123697e-01,4.000000000000000000e+00,1.737770709177948736e-01
1.751845425980551041e-01,-1.520785540535848357e-01,4.037988828514216602e-06,4.434649251327633598e-05,5.104990689497218332e-05,1.699779249448123697e-01,4.000000000000000000e+00,2.319860137342742989e-01
-3.373769358344692187e-02,2.489341199498917023e-01,2.787663172374850865e-06,-6.208703238124387599e-05,-8.234857023055512193e-06,1.699779249448123697e-01,4.000000000000000000e+00,2.512099282344502083e-01
4.684477610730877761e-02,-2.934825044809505901e-01,1.474422917728783902e-07,5.223800184215457248e-05,8.187073544328636601e-06,1.699779249448123697e-01,4.000000000000000000e+00,2.971976000659410921e-01
-1.384862148243130031e-01,-2.250766779709229837e-01,1.991728282178388762e-06,5.056098263635857041e-05,-3.105410888948302654e-05,1.699779249448123697e-01,4.000000000000000000e+00,2.642686940649465743e-01
1.068567708277695788e-01,9.453049470436195034e-02,1.167323819065614490e-05,-7.299023693307621732e-05,8.266228217535231395e-05,1.699779249448123697e-01,4.000000000000000000e+00,1.426687909137449306e-01
-5.931858651999757231e-02,2.122398751796336913e-01,4.844522029823126422e-06,-6.858189848518817270e-05,-1.914299468969552675e-05,1.699779249448123697e-01,4.000000000000000000e+00,2.203734542157855525e-01
1.827067541891609290e-02,2.391429593492939709e-01,3.515068203523835226e-06,-6.535047204246971757e-05,5.028566565186181405e-06,1.699779249448123697e-01,4.000000000000000000e+00,2.398398894817153904e-01
-1.406514783757087661e-01,5.311990529396481281e-02,1.084989426160099901e-05,-3.716928648202436482e-05,-9.732627773498723990e-05,1.699779249448123697e-01,4.000000000000000000e+00,1.503481383579865216e-01
-1.401677332770017159e-01,-1.596637901907253798e-01,5.418881948376847566e-06,5.546761225642383265e-05,-4.891955652033754838e-05,1.699779249448123697e-01,4.000000000000000000e+00,2.124606301178659784e-01
-1.671327043631387621e-01,7.430355629029665454e-02,7.771433751070885615e-06,-3.454661767229364714e-05,-7.854096368306249783e-05,1.699779249448123697e-01,4.000000000000000000e+00,1.829053289139538074e-01
4.903144241068311919e-03,1.427773242734811099e-01,1.165213059689049614e-05,-1.099335951061156103e-04,4.135079573895805878e-06,1.699779249448123697e-01,4.000000000000000000e+00,1.428614893879505132e-01
-7.566494070510730585e-02,-2.138652109235368581e-01,4.389260674097230826e-06,6.519422895577485738e-05,-2.317769811045943676e-05,1.699779249448123697e-01,4.000000000000000000e+00,2.268557067725568976e-01
-1.339012837898859998e-01,-7.858955892719075853e-02,1.034492413807446007e-05,5.102632653705762249e-05,-8.757527783338898660e-05,1.699779249448123697e-01,4.000000000000000000e+00,1.552606600944037296e-01
-2.383645978910015617e-01,-2.906906113583001758e-02,3.496084022373253678e-06,7.937102184863342649e-06,-6.485837642594113927e-05,1.699779249448123697e-01,4.000000000000000000e+00,2.401305724872563885e-01
-1.472430993091580764e-01,-5.240500863118652958e-02,1.024108612727082804e-05,3.393234737765886432e-05,-9.472261903431544467e-05,1.699779249448123697e-01,4.000000000000000000e+00,1.562908033884314041e-01
4.585821566718699394e-02,2.570368322777001890e-01,2.181450371605944353e-06,-5.921824236952307315e-05,1.050686632155223949e-05,1.699779249448123697e-01,4.000000000000000000e+00,2.610955937803868809e-01
-6.884007140805435687e-02,-1.473270231400274910e-01,9.617785388255950901e-06,8.788011323017848070e-05,-4.118383390408010184e-05,1.699779249448123697e-01,4.000000000000000000e+00,1.626167493795402930e-01
-2.174941664543534325e-01,1.857563010832268824e-01,7.493281975097774336e-07,-3.550027736105299794e-05,-4.174954378867668176e-05,1.699779249448123697e-01,4.000000000000000000e+00,2.860229288602513797e-01
-7.484597308605661636e-02,8.656190990408810237e-02,1.513707049420097910e-05,-1.037358972773525385e-04,-8.977839961822302729e-05,1.699779249448123697e-01,4.000000000000000000e+00,1.144328795995371989e-01
1.346657887718135105e-01,1.847021087492027036e-01,4.270159428825555579e-06,-5.558883897743260161e-05,4.054108624703916370e-05,1.699779249448123697e-01,4.000000000000000000e+00,2.285820282566785600e-01
-1.563446015293127045e-01,-1.089111539674906953e-01,7.129100277124194629e-06,4.698295622506471809e-05,-6.758896624375898554e-05,1.699779249448123697e-01,4.000000000000000000e+00,1.905394286909930790e-01
-1.356066404617767840e-01,-1.020355706884550767e-01,8.947759140273877645e-06,5.516884611525035744e-05,-7.407838341197192167e-05,1.699779249448123697e-01,4.000000000000000000e+00,1.697068608602737283e-01
-1.180734714166905563e-01,1.852794776335995874e-01,4.892361595370168298e-06,-6.023771654498780642e-05,-3.816261779090621923e-05,1.699779249448123697e-01,4.000000000000000000e+00,2.197039587366772240e-01
1.772760265174327388e-01,-2.147014282751723846e-01,1.171883367480148322e-06,4.332016261342981384e-05,3.593582902891010361e-05,1.699779249448123697e-01,4.000000000000000000e+00,2.784304094045916278e-01
1.629219678861857923e-01,-2.382550097827110247e-01,6.066636045626583159e-07,4.486973163232868902e-05,3.069486616289225910e-05,1.699779249448123697e-01,4.000000000000000000e+00,2.886330149280693091e-01
1.448021754547955120e-01,1.183485935775526188e-01,7.422494639437000617e-06,-5.289053071749811626e-05,6.505507561848077611e-05,1.699779249448123697e-01,4.000000000000000000e+00,1.870135279016630625e-01
-5.156755539334651611e-02,-1.433428661835404738e-01,1.064360857744135343e-05,9.682722903470714743e-05,-3.449545687580253138e-05,1.699779249448123697e-01,4.000000000000000000e+00,1.523364370561365588e-01
-2.047179721236703220e-01,1.612099368405101318e-01,2.212904478770015167e-06,-3.725438068005367529e-05,-4.723254951861925895e-05,1.699779249448123697e-01,4.000000000000000000e+00,2.605726229797541982e-01
2.387219437153430546e-01,-4.277051031420168038e-04,3.588488709653482156e-06,-2.086276740128717401e-08,6.587155875758892408e-05,1.699779249448123697e-01,4.000000000000000000e+00,2.387223268630034867e-01
2.563322788585686157e-02,1.619974937150634453e-01,9.483574574877362253e-06,-9.495014893087061036e-05,1.538513562315534799e-05,1.699779249448123697e-01,4.000000000000000000e+00,1.640129578472697691e-01
-5.081591092939156257e-02,2.617004070700339469e-01,1.854452068290896919e-06,-5.782022442032456696e-05,-1.122489756606835614e-05,1.699779249448123697e-01,4.000000000000000000e+00,2.665883715847435775e-01
-2.131294449367490129e-01,8.113797399615899075e-02,4.306724834101572670e-06,-2.471921534367583221e-05,-6.421452250720027278e-05,1.699779249448123697e-01,4.000000000000000000e+00,2.280515975020742936e-01
-2.935974118981279565e-02,2.485254342685366269e-01,2.847524339667178776e-06,-6.229459555705631809e-05,-7.386423254365602278e-06,1.699779249448123697e-01,4.000000000000000000e+00,2.502536430925582089e-01
-7.075687991322995862e-02,-1.854649944118926530e-01,6.485964625386134508e-06,7.425128472579271149e-05,-2.815846728835542072e-05,1.699779249448123697e-01,4.000000000000000000e+00,1.985039047657718436e-01
-2.122456622045623131e-01,2.558336919176163599e-02,5.321517596820406979e-06,-8.615657884276181502e-06,-7.307764036855915577e-05,1.699779249448123697e-01,4.000000000000000000e+00,2.137819681447786502e-01
2.892303568014740686e-02,1.563041113541354665e-01,9.975264330148530628e-06,-9.685379585024666877e-05,1.787771659738535840e-05,1.699779249448123697e-01,4.000000000000000000e+00,1.589575956636267717e-01
-2.658145740584960115e-01,-1.065142550981492547e-02,1.887527194786210582e-06,2.374372189091816993e-06,-5.907316417925868412e-05,1.699779249448123697e-01,4.000000000000000000e+00,2.660278944909552079e-01
1.171822392572822447e-01,-9.845451806563687569e-02,1.056999321722419086e-05,6.613890552910362821e-05,7.811932437015337927e-05,1.699779249448123697e-01,4.000000000000000000e+00,1.530521784388832462e-01
7.087550960707875158e-02,-2.597462407011927321e-01,1.698902490625615232e-06,5.623100361811847047e-05,1.545151335926824016e-05,1.699779249448123697e-01,4.000000000000000000e+00,2.692423581468285088e-01
-2.721096495282764871e-01,2.002242020517288387e-03,1.532086026072876425e-06,-5.030562063281482477e-07,-5.783454628631658657e-05,1.699779249448123697e-01,4.000000000000000000e+00,2.721170158948355566e-01
-6.336159539479326031e-02,2.568523298809643474e-01,1.974902613949502320e-06,-5.763726555208129818e-05,-1.432080081601345571e-05,1.699779249448123697e-01,4.000000000000000000e+00,2.645520953163161271e-01
4.778794558166267470e-02,1.013667940896971903e-01,1.546529547809876731e-05,-1.269493035815857126e-04,6.023228910302309868e-05,1.699779249448123697e-01,4.000000000000000000e+00,1.120665636438408080e-01
1.303474915230480036e-01,-1.249208826388165106e-01,7.975583647409576006e-06,6.009952924119295239e-05,6.296112394689207942e-05,1.699779249448123697e-01,4.000000000000000000e+00,1.805427801536578780e-01
-5.426937510636788836e-02,-2.122894443031679013e-01,4.934335906888734011e-06,6.963031473303140772e-05,-1.783244402698965379e-05,1.699779249448123697e-01,4.000000000000000000e+00,2.191163463481980711e-01
-2.166057792725362141e-01,-1.055464527821578236e-01,3.442381365376546293e-06,2.853125868272749600e-05,-5.865032412273501528e-05,1.699779249448123697e-01,4.000000000000000000e+00,2.409525208607682378e-01
2.100929684653471408e-01,-1.986995468014191579e-01,5.773168260598797350e-07,3.715073206924145106e-05,3.942512885854661828e-05,1.699779249448123697e-01,4.000000000000000000e+00,2.891722069938096884e-01
1.455683198948856116e-01,1.396364776548180975e-01,6.234132141530860718e-06,-5.350215854295483709e-05,5.626124146006293136e-05,1.699779249448123697e-01,4.000000000000000000e+00,2.017138608248433274e-01
-1.165057120612076613e-01,-2.579852430998408330e-01,9.121989790837175910e-07,5.053978231187750841e-05,-2.284806437214418679e-05,1.699779249448123697e-01,4.000000000000000000e+00,2.830723698988882320e-01
3.212036292808435195e-02,1.513278239980170026e-01,1.040180303306578860e-05,-9.955598902352543562e-05,2.105518310827666356e-05,1.699779249448123697e-01,4.000000000000000000e+00,1.546991532963469806e-01
1.459246738134579446e-01,1.380321197164982860e-01,6.300288923099048858e-06,-5.343209183125132241e-05,5.683879639685030882e-05,1.699779249448123697e-01,4.000000000000000000e+00,2.008653193087194255e-01
-1.202385813415358939e-01,2.639422970250958692e-02,1.399005097662986740e-05,-2.703674347422137947e-05,-1.253356821217130280e-04,1.699779249448123697e-01,4.000000000000000000e+00,1.231014695469310194e-01
-2.005844134061933182e-01,1.715487827401031007e-01,2.011397595430269638e-06,-3.869530501489173605e-05,-4.532427141436316765e-05,1.699779249448123697e-01,4.000000000000000000e+00,2.639376664311438581e-01
1.411779036774973017e-01,-5.469553026977244659e-02,1.074007696657952848e-05,3.730448683570532160e-05,9.699585182881636201e-05,1.699779249448123697e-01,4.000000000000000000e+00,1.514027790968986709e-01
-7.933609588305599869e-02,1.582053716719868386e-01,8.288262142043858530e-06,-7.917315227958452697e-05,-3.963718567433976785e-05,1.699779249448123697e-01,4.000000000000000000e+00,1.769834900092009944e-01
1.065985916025125324e-01,-2.467504536172525353e-01,1.725199459763041438e-06,5.362940021095382508e-05,2.320091927275357610e-05,1.699779249448123697e-01,4.000000000000000000e+00,2.687918266836979986e-01
-1.700790897612477820e-03,-2.307625621039537944e-01,4.120652824612393984e-06,6.819697230979701618e-05,-7.355549093114252274e-07,1.699779249448123697e-01,4.000000000000000000e+00,2.307688296942603523e-01
-5.430962492337550879e-02,-9.580688992319576214e-02,1.573908454308383355e-05,1.234474952065243861e-04,-7.044541384273802641e-05,1.699779249448123697e-01,4.000000000000000000e+00,1.101294489047914965e-01
9.287389996338306364e-02,-5.075395551597136623e-02,1.636336862649249906e-05,7.145621172655209090e-05,1.307466266069771596e-04,6.799116997792494788e-01,4.000000000000000000e+00,1.058372585384073777e-01
-1.897378509665734458e-01,1.239111427686983430e-01,4.405865905158730500e-06,-3.796577658765270478e-05,-5.804119553485333248e-05,1.699779249448123697e-01,4.000000000000000000e+00,2.266151437827101101e-01
-1.441267678326823010e-01,1.197344415464771522e-01,7.392359397420823476e-06,-5.381159277883605771e-05,-6.435752353902405741e-05,1.699779249448123697e-01,4.000000000000000000e+00,1.873735885826565972e-01
8.436924851787341861e-02,1.347105279924268872e-01,9.976059137387817822e-06,-8.352095153545455565e-05,5.191499583551333963e-05,1.699779249448123697e-01,4.000000000000000000e+00,1.589499809608957148e-01
-3.930620405040217979e-02,2.407043903926100459e-01,3.251887685742818094e-06,-6.363627351945519829e-05,-1.040873026618243763e-05,1.699779249448123697e-01,4.000000000000000000e+00,2.438925608359752417e-01
1.241155298434675203e-01,-1.168807323965722206e-01,8.875556737116512205e-06,6.348573345584387700e-05,6.720629776354416129e-05,1.699779249448123697e-01,4.000000000000000000e+00,1.704868627017454563e-01
-2.372974182682918709e-01,3.852914389876981732e-02,3.478104604880019767e-06,-1.052954779578212099e-05,-6.432407255280785346e-05,1.699779249448123697e-01,4.000000000000000000e+00,2.404049908932191226e-01
-1.099163139926028765e-01,1.699880359490938964e-01,6.178379945695809183e-06,-6.543083239983860740e-05,-4.229347912143892400e-05,1.699779249448123697e-01,4.000000000000000000e+00,2.024290701642204870e-01
3.392527780794386133e-02,1.569151301376813523e-01,9.819698479038414075e-06,-9.540375559983353714e-05,2.074089886309410930e-05,1.699779249448123697e-01,4.000000000000000000e+00,1.605405946808209638e-01
-1.474332306616636667e-01,1.397369564034874750e-02,1.108724620814074917e-05,-9.737186027943434564e-06,-1.056619012209566977e-04,1.699779249448123697e-01,4.000000000000000000e+00,1.480939623117175641e-01
-3.585096018725303368e-02,-1.686587524726468612e-01,8.697982198937698078e-06,8.910936588057688371e-05,-1.923074819435124220e-05,1.699779249448123697e-01,4.000000000000000000e+00,1.724269878295667802e-01
-2.643271215559805931e-02,1.126157291785867542e-01,1.496725192637569483e-05,-1.320156215023430819e-04,-3.136986368295756767e-05,1.699779249448123697e-01,4.000000000000000000e+00,1.156762323484193389e-01
9.113458694177855451e-03,-1.878197851597211421e-01,7.336428883527371634e-06,8.353368115059949428e-05,4.179588093095277314e-06,1.699779249448123697e-01,4.000000000000000000e+00,1.880407584190573744e-01
-1.966098626106018432e-01,-2.088095629547350174e-01,7.064760123385774356e-07,4.003891193720265777e-05,-3.751250692674849201e-05,1.699779249448123697e-01,4.000000000000000000e+00,2.868045879289715661e-01
6.475032398979516102e-02,-2.692382206055237703e-01,1.257615159494158250e-06,5.525274807593553983e-05,1.313776564028745556e-05,1.699779249448123697e-01,4.000000000000000000e+00,2.769148314764164343e-01
-1.148825072747903858e-03,2.010041713196203395e-01,6.289130630232158176e-06,-7.816968864879971770e-05,-4.391804120210297683e-07,1.699779249448123697e-01,4.000000000000000000e+00,2.010074543068864905e-01
-1.615943366920739865e-01,-1.743236368842349393e-01,3.655823257053126527e-06,4.845665093113094848e-05,-4.472536167018176191e-05,1.699779249448123697e-01,4.000000000000000000e+00,2.377003576511780569e-01
1.343626589207324029e-01,1.943681456306207700e-01,3.749379421114288294e-06,-5.447190125423460682e-05,3.780983599902014235e-05,1.699779249448123697e-01,4.000000000000000000e+00,2.362885950445667849e-01
-1.813062201159859610e-01,2.088123600390481005e-01,1.278874325678326518e-06,-4.295804524331966101e-05,-3.718592211300822815e-05,1.699779249448123697e-01,4.000000000000000000e+00,2.765403174183167501e-01
-2.763707090837462868e-02,-1.700652906354139793e-01,8.709873098083779883e-06,9.008646312172248103e-05,-1.435942470314279412e-05,1.699779249448123697e-01,4.000000000000000000e+00,1.722962877351173483e-01
-1.255990612728800360e-01,-1.365909138076156493e-01,7.545090509621147220e-06,6.255138132188417532e-05,-5.731649818788076467e-05,1.699779249448123697e-01,4.000000000000000000e+00,1.855591601819434888e-01
7.105751387325316693e-02,1.726537991247574511e-01,7.448505456628574063e-06,-7.805086565811260183e-05,3.194714141631487409e-05,1.699779249448123697e-01,4.000000000000000000e+00,1.867043240797054138e-01
7.513667222310890792e-02,-9.277493157882185648e-02,1.447173260286768379e-05,1.022814902282997052e-04,8.292608801341495471e-05,1.699779249448123697e-01,4.000000000000000000e+00,1.193847035520798350e-01
1.788707248954437834e-01,6.231161832790432786e-02,7.222215532246363854e-06,-2.742188140618289017e-05,7.840383593275769471e-05,1.699779249448123697e-01,4.000000000000000000e+00,1.894135000554711123e-01
-2.342407561876062305e-01,-1.596543411457898853e-01,8.898200099377168134e-07,3.120497626486425281e-05,-4.571986658707788127e-05,1.699779249448123697e-01,4.000000000000000000e+00,2.834752908209776101e-01
2.866947922658478198e-01,-2.924586388876371235e-02,6.311473022057027359e-07,5.489505119403269165e-06,5.435870387812872617e-05,1.699779249448123697e-01,4.000000000000000000e+00,2.881826234646317486e-01
-1.375579589991143548e-01,-2.759092872792142173e-02,1.193632398049075281e-05,2.204080951269906703e-05,-1.104066428590334484e-04,1.699779249448123697e-01,4.000000000000000000e+00,1.402977242583473561e-01
6.800738769112027460e-02,-2.063375112376450438e-01,5.068242044748908067e-06,6.846537176432809205e-05,2.237502452465127992e-05,1.699779249448123697e-01,4.000000000000000000e+00,2.172560087185522182e-01
-1.676311245051987087e-01,-1.142008563891110523e-01,6.147114939198021971e-06,4.387976424028238413e-05,-6.384140662766917256e-05,1.699779249448123697e-01,4.000000000000000000e+00,2.028349809645362822e-01
4.600212596981594765e-02,-2.180732605332190710e-01,4.667407864968225710e-06,6.884536732310741905e-05,1.457451266416850212e-05,1.699779249448123697e-01,4.000000000000000000e+00,2.228724804755671529e-01
-1.308972120739784195e-01,-1.941646061562043446e-01,3.891100385601944727e-06,5.543262292368284448e-05,-3.755374560319613858e-05,1.699779249448123697e-01,4.000000000000000000e+00,2.341665527194992658e-01
-4.061864468841048376e-02,-1.047619266531412963e-01,1.542372727052022927e-05,1.311956346068874593e-04,-5.095943846666353504e-05,1.699779249448123697e-01,4.000000000000000000e+00,1.123607385718049384e-01
3.869659558053114429e-02,2.757601403757448111e-01,1.170064712177941429e-06,-5.575011529180495888e-05,7.889435603726292518e-06,1.699779249448123697e-01,4.000000000000000000e+00,2.784619929713454956e-01
-1.523132282552127834e-02,-2.961218110572896300e-01,1.836174626875965484e-07,5.293317425798444212e-05,-2.620172466981561884e-06,1.699779249448123697e-01,4.000000000000000000e+00,2.965132715054494272e-01
1.899221032926777172e-02,2.495334466054530687e-01,2.847436761154581278e-06,-6.249342815169049248e-05,4.663402696185634617e-06,1.699779249448123697e-01,4.000000000000000000e+00,2.502551598428844337e-01
2.495073430375517876e-01,-3.050084105980163315e-02,2.777990040907263126e-06,7.706270716202427628e-06,6.187904630441378936e-05,1.699779249448123697e-01,4.000000000000000000e+00,2.513647062238726915e-01
3.194252901316028265e-02,2.273804831387769287e-01,4.199453738226291510e-06,-6.767141917585911288e-05,9.495008293101104448e-06,1.699779249448123697e-01,4.000000000000000000e+00,2.296131731242356533e-01
1.616676934533830406e-02,1.927767575696767710e-01,6.890686638033883823e-06,-8.066294494383069696e-05,6.653278624313425764e-06,1.699779249448123697e-01,4.000000000000000000e+00,1.934534638876835855e-01
9.525580505926177499e-02,-1.171189791071011316e-01,1.078556480146258187e-05,8.094154218993823344e-05,6.577475737100831326e-05,1.699779249448123697e-01,4.000000000000000000e+00,1.509653061619710968e-01
1.053239233028369776e-02,2.388314702907085307e-01,3.565967727678825930e-06,-6.573644994579272362e-05,2.931764508535829691e-06,1.699779249448123697e-01,4.000000000000000000e+00,2.390635950734043003e-01
-7.747868020690372448e-02,9.258132347042773158e-02,1.429663588258720472e-05,-9.935058465527352427e-05,-8.376385509678902137e-05,1.699779249448123697e-01,4.000000000000000000e+00,1.207238474458945804e-01
-6.080203338696019838e-02,-2.691527503472270211e-01,1.313263215211359136e-06,5.548425558815587043e-05,-1.254361289319415491e-05,1.699779249448123697e-01,4.000000000000000000e+00,2.759349384972220598e-01
1.141291381091967538e-01,1.767513544506625622e-01,5.572216230000298572e-06,-6.263480691159993964e-05,4.026048639868277565e-05,1.699779249448123697e-01,4.000000000000000000e+00,2.103960585792705729e-01
1.131433658006315013e-01,1.760079362656594704e-01,5.658985257671673978e-06,-6.317342816874461345e-05,4.052499652295726563e-05,1.699779249448123697e-01,4.000000000000000000e+00,2.092372214812459330e-01
-1.912933859399360281e-01,1.643651556046298381e-02,7.009273272949377809e-06,-6.859563292598895253e-06,-8.187053891216730639e-05,1.699779249448123697e-01,4.000000000000000000e+00,1.919982253775660563e-01
1.171742965715884266e-02,2.957066539701134200e-01,2.140632434595361631e-07,-5.303516274902229677e-05,2.149424208274624867e-06,1.699779249448123697e-01,4.000000000000000000e+00,2.959387155476128073e-01
1.418308240986118456e-02,1.569646664648531864e-01,1.010972235638251854e-05,-9.932010813540722216e-05,9.365973450158144253e-06,1.699779249448123697e-01,4.000000000000000000e+00,1.576041444412789594e-01
1.513182172239193046e-01,8.793880666666274715e-03,1.072236525989449930e-05,-5.762656543851189675e-06,1.039299773299998076e-04,1.699779249448123697e-01,4.000000000000000000e+00,1.515735306740751409e-01
-1.065847899644899038e-01,1.128606790815309818e-01,1.034749923734354906e-05,-7.344105674867779576e-05,-6.894136259304409361e-05,1.699779249448123697e-01,4.000000000000000000e+00,1.552348232018793961e-01
-1.043936116426403271e-01,2.283291085392851749e-01,2.796853221660781723e-06,-5.701846709339903599e-05,-2.618984321209842439e-05,1.699779249448123697e-01,4.000000000000000000e+00,2.510621595504569092e-01
2.932218984826743813e-01,5.814508618005673202e-02,5.605377333922325267e-08,-1.017417507521338818e-05,5.145345987023429007e-05,1.699779249448123697e-01,4.000000000000000000e+00,2.989313178585844000e-01
-1.245457288622068559e-01,-1.187855757432704218e-01,8.726792591585281922e-06,6.279466850087985126e-05,-6.591388388427435615e-05,1.699779249448123697e-01,4.000000000000000000e+00,1.721094174717890946e-01
-2.010339879775354111e-01,-2.052595177117324254e-01,6.789070846859051977e-07,3.902572566347849164e-05,-3.837712315200859215e-05,1.699779249448123697e-01,4.000000000000000000e+00,2.873084299727469704e-01
1.640503001836677854e-01,7.820640493664127169e-02,7.871886002508549063e-06,-3.691551470163304097e-05,7.793017464414519547e-05,1.699779249448123697e-01,4.000000000000000000e+00,1.817381158795958740e-01
-1.019704009459430072e-01,2.275850028512846068e-01,2.902164049243551048e-06,-5.740455042623111170e-05,-2.576529957151357287e-05,1.699779249448123697e-01,4.000000000000000000e+00,2.493850360224036944e-01
8.316015495547228464e-02,-8.548563245785548159e-02,1.448773154748564421e-05,9.385687964081398243e-05,9.157629945930936528e-05,1.699779249448123697e-01,4.000000000000000000e+00,1.192619165070632203e-01
-1.947921353139247247e-01,-1.105680634812610114e-01,4.589283764401734406e-06,3.476710892394287118e-05,-6.073400671099613013e-05,1.699779249448123697e-01,4.000000000000000000e+00,2.239849830728714852e-01
-2.131012661465410685e-01,1.315580231442523840e-01,2.835948212452084571e-06,-3.283535129556924674e-05,-5.349610113423299105e-05,1.699779249448123697e-01,4.000000000000000000e+00,2.504389408356507696e-01
-2.255109400363060068e-01,5.025604769675683092e-02,4.101971321197563140e-06,-1.481072214455720812e-05,-6.635595759143345942e-05,1.699779249448123697e-01,4.000000000000000000e+00,2.310429709083509364e-01
4.474101592522190807e-02,1.667521844385208840e-01,8.677636524331410611e-06,-8.803552400566922538e-05,2.392107510724680760e-05,1.699779249448123697e-01,4.000000000000000000e+00,1.726500782537889467e-01
1.048207059602725422e-01,-2.558674775962133108e-01,1.280801538877572033e-06,5.257205263041517371e-05,2.152784395119588043e-05,1.699779249448123697e-01,4.000000000000000000e+00,2.765059610378384769e-01
2.538693723513285039e-01,-1.522887807981354591e-01,2.085303787002319167e-07,2.716048797577403346e-05,4.549300849340817910e-05,1.699779249448123697e-01,4.000000000000000000e+00,2.960431235057487953e-01
1.840943693278501714e-01,-1.157552367673357618e-01,5.053351596372206542e-06,3.868525356774493945e-05,6.117966967174705631e-05,1.699779249448123697e-01,4.000000000000000000e+00,2.174626672725248622e-01
4.035022546766868501e-02,2.441691693744925118e-01,3.022541234610890050e-06,-6.269547618349664104e-05,1.027441674541350996e-05,1.699779249448123697e-01,4.000000000000000000e+00,2.474807547433159616e-01
-1.009373736261550969e-01,2.515144816368344860e-01,1.595947010945987678e-06,-5.370186495866187756e-05,-2.157297614926450102e-05,1.699779249448123697e-01,4.000000000000000000e+00,2.710127079448334531e-01
9.238334508417114788e-02,1.468397633942016556e-01,8.601878557251367829e-06,-7.637089858912791377e-05,4.797310839165513116e-05,1.699779249448123697e-01,4.000000000000000000e+00,1.734837126724182443e-01
-9.904143748598337460e-02,2.636015223278042052e-01,9.944276421345999551e-07,-5.211911513062754560e-05,-1.961508239388987546e-05,1.699779249448123697e-01,4.000000000000000000e+00,2.815936237076859250e-01
-9.051742235807587467e-02,1.579888057632779230e-01,7.842119958250154697e-06,-7.509596550184435284e-05,-4.326675998233436328e-05,1.699779249448123697e-01,4.000000000000000000e+00,1.820820323284454423e-01
-1.802011272182992840e-01,-1.995589924229682899e-01,1.720054720587134780e-06,4.352251194022257585e-05,-3.914322254444089794e-05,1.699779249448123697e-01,4.000000000000000000e+00,2.688795970459937901e-01
5.219282485582432685e-02,1.309730732419680521e-01,1.185939872567486232e-05,-1.035311999149574676e-04,4.166098935602615858e-05,1.699779249448123697e-01,4.000000000000000000e+00,1.409894920938318807e-01
1.607710653786818267e-01,-8.917961896721508797e-02,7.690526940083536290e-06,4.137126875794774840e-05,7.476469460632680672e-05,1.699779249448123697e-01,4.000000000000000000e+00,1.838486875181165325e-01
1.838693787106578381e-01,1.391390881652519174e-01,4.133396779927304946e-06,-4.130646384220748233e-05,5.431451232653350099e-05,1.699779249448123697e-01,4.000000000000000000e+00,2.305810796290559961e-01
2.288728252755944104e-01,9.897088390811065867e-03,4.235543422429574142e-06,-2.930731234526140195e-06,6.843437787202890342e-05,1.699779249448123697e-01,4.000000000000000000e+00,2.290867139496489679e-01
1.713053884174444152e-01,-2.210028658048562022e-01,1.104855844612342267e-06,4.447709834764842639e-05,3.445239404843012445e-05,1.699779249448123697e-01,4.000000000000000000e+00,2.796208196733762086e-01
-8.577547454327821841e-02,-2.869437543123816714e-01,2.673771995772294218e-08,5.028744346017648646e-05,-1.507028988074922783e-05,1.699779249448123697e-01,4.000000000000000000e+00,2.994898164746324642e-01
-8.581942356028471330e-02,1.101226729224506762e-01,1.201335104070343661e-05,-8.874679886097054573e-05,-6.915758821874929156e-05,1.699779249448123697e-01,4.000000000000000000e+00,1.396136689289576849e-01
-1.486887338923257029e-01,-1.017326801148699250e-01,8.008872631716247695e-06,4.946356651433169268e-05,-7.173963857947963105e-05,1.699779249448123697e-01,4.000000000000000000e+00,1.801606999038838641e-01
3.278767387385507492e-02,1.954259120339703892e-01,6.513451527706779970e-06,-7.814383788875212870e-05,1.316091745141108748e-05,1.699779249448123697e-01,4.000000000000000000e+00,1.981573078449730407e-01
1.084288996954202305e-01,1.925896024390612027e-01,4.798875998984580387e-06,-6.169271855078972894e-05,3.486324045880959008e-05,1.699779249448123697e-01,4.000000000000000000e+00,2.210148892196974746e-01
-2.200122238298968802e-01,4.032546752415929608e-02,4.610800282247930711e-06,-1.266606504515542281e-05,-6.920556145589341381e-05,1.699779249448123697e-01,4.000000000000000000e+00,2.236772719022177836e-01
-1.693456225703987017e-01,2.235286675761976039e-01,1.059270436287882228e-06,-4.473618667460901849e-05,-3.385239721523510356e-05,1.699779249448123697e-01,4.000000000000000000e+00,2.804336019669294022e-01
-2.008515214799297954e-01,-1.775910675024240659e-01,1.765413710167873502e-06,3.889427214432732762e-05,-4.385080732029691280e-05,1.699779249448123697e-01,4.000000000000000000e+00,2.681043098076814624e-01
2.223782479712323526e-02,1.096324888106386675e-01,1.549360648020627453e-05,-1.376942248567657482e-04,2.722585098621185771e-05,1.699779249448123697e-01,4.000000000000000000e+00,1.118651127676647955e-01
-1.127302466555265698e-01,-1.850735935541356625e-01,5.108303240516152837e-06,6.199362565451013469e-05,-3.798206832442165129e-05,1.699779249448123697e-01,4.000000000000000000e+00,2.167033537859007486e-01
2.586724361083830859e-02,-2.432452817287613367e-01,3.205330761273217813e-06,6.378009802079428342e-05,6.849130234356327679e-06,1.699779249448123697e-01,4.000000000000000000e+00,2.446168051776633767e-01
1.088763355172064351e-01,1.884958489065905463e-01,5.037704167910114496e-06,-6.234473021855024334e-05,3.617804972375996553e-05,1.699779249448123697e-01,4.000000000000000000e+00,2.176803654229556850e-01
1.405794597712049787e-01,3.975078093655528416e-02,1.130095397620227719e-05,-2.944962025990674874e-05,1.029766045561453908e-04,1.699779249448123697e-01,4.000000000000000000e+00,1.460914408671153131e-01
-1.912905209099268755e-01,7.631154807417919739e-02,5.907631813901808112e-06,-2.857404308262419354e-05,-7.093099355853665932e-05,1.699779249448123697e-01,4.000000000000000000e+00,2.059502749681799694e-01
3.137603409672391763e-02,-2.062790658482632489e-01,5.702953853547713173e-06,7.437576287348936037e-05,1.118963551720344161e-05,1.699779249448123697e-01,4.000000000000000000e+00,2.086516439496006181e-01
-9.386501538990857374e-02,-1.305343780822581790e-01,9.796433202586972528e-06,7.986015082711870943e-05,-5.695296463649440050e-05,1.699779249448123697e-01,4.000000000000000000e+00,1.607789320012721623e-01
-7.920087917041307435e-02,-2.539322254145329749e-01,1.889338488757187021e-06,5.625118336886376783e-05,-1.742341927831611245e-05,1.699779249448123697e-01,4.000000000000000000e+00,2.659969066837875040e-01
-1.563429256515880827e-01,1.093823948949468883e-01,7.107034420146689821e-06,-4.682441316627915478e-05,-6.740002500191881441e-05,1.699779249448123697e-01,4.000000000000000000e+00,1.908078056952914603e-01
2.265598947595425308e-02,2.388032190183413672e-01,3.512739148544184338e-06,-6.499030167482796716e-05,5.955274242159491987e-06,1.699779249448123697e-01,4.000000000000000000e+00,2.398755328762324501e-01
-2.229768000543213557e-01,-4.512358229079185823e-02,4.344939979675150452e-06,1.380141270997621220e-05,-6.757516934198967945e-05,1.699779249448123697e-01,4.000000000000000000e+00,2.274967934745865117e-01
8.015219894470934636e-02,2.718371361411865972e-01,8.936077045860756507e-07,-5.310805241455961113e-05,1.558828900681521123e-05,1.699779249448123697e-01,4.000000000000000000e+00,2.834074868120358692e-01
-2.138917114269867081e-02,-1.421394829092043344e-01,1.155581241515025285e-05,1.078050202722918632e-04,-1.597493471621354831e-05,1.699779249448123697e-01,4.000000000000000000e+00,1.437397970078838072e-01
4.631365558430869389e-02,1.338057038516484443e-01,1.179208810385061068e-05,-1.046824455894106501e-04,3.620266243941651623e-05,1.699779249448123697e-01,4.000000000000000000e+00,1.415942127236032855e-01
-4.778583515743584087e-02,1.801645354316341041e-01,7.474588677894134632e-06,-8.161792665372623334e-05,-2.188876615975956168e-05,1.699779249448123697e-01,4.000000000000000000e+00,1.863940607127549387e-01
4.529696294371363813e-02,1.643406976181937401e-02,7.942122011214641873e-04,-1.048063377509681838e-04,2.816451897431053604e-04,6.799116997792494788e-01,1.000000000000000000e+00,4.818603014215336322e-02
4.660875731467317012e-02,1.193139151858319848e-02,7.942344256291371859e-04,-7.484710621518937766e-05,2.910529539961777680e-04,6.799116997792494788e-01,1.000000000000000000e+00,4.811168633490015695e-02
6.871980682478086820e-03,4.804901088771824924e-02,7.941054946891910058e-04,-3.000216855716910302e-04,4.049219541928095450e-05,6.799116997792494788e-01,1.000000000000000000e+00,4.853793944728616860e-02
2.638099971990208459e-02,-4.001244193868974675e-02,7.942900974982111239e-04,2.529331742761539996e-04,1.668695060157874492e-04,6.799116997792494788e-01,1.000000000000000000e+00,4.792653394643192621e-02
-3.591782538216570231e-02,-3.436342107404152107e-02,7.937434038658216107e-04,2.151826044852335571e-04,-2.250339118144690880e-04,6.799116997792494788e-01,1.000000000000000000e+00,4.970849915352129611e-02
-4.560250254654373003e-02,-1.904305556410076580e-02,7.938342590976168317e-04,1.224593185838217322e-04,-2.864524375711816279e-04,6.799116997792494788e-01,1.000000000000000000e+00,4.941888509188523126e-02
-2.081159232380886889e-02,4.498049719002858438e-02,7.937899045822133194e-04,-2.805220418338610910e-04,-1.299315575690122686e-04,6.799116997792494788e-01,1.000000000000000000e+00,4.956175443337926950e-02
4.393971602850380714e-02,-2.087055309593420158e-02,7.940729528663637710e-04,1.319375349057053083e-04,2.733883465676260026e-04,6.799116997792494788e-01,1.000000000000000000e+00,4.864441007141275669e-02
-2.375949903533694854e-02,4.247054118881408297e-02,7.940675456172446075e-04,-2.631550932476609461e-04,-1.475603124730373301e-04,6.799116997792494788e-01,1.000000000000000000e+00,4.866477846739807045e-02
2.470901612584843615e-02,-4.181398887817688176e-02,7.940958730893931880e-04,2.640953227851983078e-04,1.537840615565350599e-04,6.799116997792494788e-01,1.000000000000000000e+00,4.856897305700150214e-02
3.802788572300774134e-02,-2.915318854903382884e-02,7.942935619850297535e-04,1.807493880233741333e-04,2.404587252369880929e-04,6.799116997792494788e-01,1.000000000000000000e+00,4.791689154293769098e-02
-4.723013312827391980e-02,4.963583002698458355e-03,7.944211858402431669e-04,-3.021395154086989169e-05,-2.962444981394434635e-04,6.799116997792494788e-01,1.000000000000000000e+00,4.749023722344577342e-02
3.819335605530622263e-02,-2.989993460697114996e-02,7.941150806391553693e-04,1.861758724493308640e-04,2.403112872791480852e-04,6.799116997792494788e-01,1.000000000000000000e+00,4.850503619489988233e-02
-7.768878184485611578e-03,4.569378982932433692e-02,7.947579626696943877e-04,-2.837248117160235078e-04,-4.922170614807266855e-05,1.699779249448123697e-01,1.000000000000000000e+00,4.634951884552675899e-02
-2.518098227264921676e-02,-3.882875142760825599e-02,7.947782815990422607e-04,2.466383710243674038e-04,-1.573859393275501618e-04,1.699779249448123697e-01,1.000000000000000000e+00,4.627908605020700228e-02
4.209748221017745040e-02,2.596640049614805726e-02,7.938204795198216222e-04,-1.637768718155562962e-04,2.650680276955145868e-04,6.799116997792494788e-01,1.000000000000000000e+00,4.946162111336995654e-02
-4.580948707860443836e-02,7.570308566554930993e-03,7.947337185357401801e-04,-4.835388159236356665e-05,-2.899194809213450925e-04,1.699779249448123697e-01,1.000000000000000000e+00,4.643079450319240187e-02
9.835296899788105451e-03,4.724137677098895483e-02,7.941916444234832983e-04,-2.952358988132452685e-04,6.343447270358911090e-05,6.799116997792494788e-01,1.000000000000000000e+00,4.825433394344508242e-02
4.486092760334213503e-02,1.866900677881539253e-02,7.940894591987306822e-04,-1.144684353340320090e-04,2.828413329051304216e-04,6.799116997792494788e-01,1.000000000000000000e+00,4.859047889802856762e-02
4.700403049800342542e-02,1.100474058258317598e-03,7.945615406047025486e-04,-7.090884289838472222e-06,2.936978859118051142e-04,6.799116997792494788e-01,1.000000000000000000e+00,4.701691106623376998e-02
-2.245912920150907460e-02,4.424876106727668873e-02,7.937710336982458812e-04,-2.749926786174302067e-04,-1.401536956171834953e-04,6.799116997792494788e-01,1.000000000000000000e+00,4.962222627491655325e-02
-3.974559237176923665e-02,-2.505919148200176985e-02,7.945706446287441327e-04,1.566848721544549178e-04,-2.494924112881719523e-04,1.699779249448123697e-01,1.000000000000000000e+00,4.698590417044744977e-02
-4.763269421842156875e-02,1.376384978492056592e-02,7.937831410592748830e-04,-8.722757485945159582e-05,-2.990044901503449660e-04,6.799116997792494788e-01,1.000000000000000000e+00,4.958141909432917799e-02
-1.570276250479191865e-02,4.656047188791787722e-02,7.939216994875149518e-04,-2.938311931588883925e-04,-9.608367684629874313e-05,6.799116997792494788e-01,1.000000000000000000e+00,4.913709690964139509e-02
4.710793379176127921e-02,-2.607341797932421958e-03,7.945135287900661515e-04,1.415017016287947900e-05,2.959620795047759553e-04,6.799116997792494788e-01,1.000000000000000000e+00,4.718003452076110354e-02
4.349398474659482705e-02,-1.737080918871692845e-02,7.946156127467585324e-04,1.074215658480034361e-04,2.749071116339512851e-04,1.699779249448123697e-01,1.000000000000000000e+00,4.683451420702296197e-02
3.342682185973362002e-02,3.370237856632899570e-02,7.944282024276423746e-04,-2.093287830962446954e-04,2.108332352643950750e-04,6.799116997792494788e-01,1.000000000000000000e+00,4.746791274819778250e-02
-4.114058341503797067e-02,2.429300670571624479e-02,7.943349156234165518e-04,-1.528934371878536830e-04,-2.599302194211976420e-04,6.799116997792494788e-01,1.000000000000000000e+00,4.777758657083540361e-02
-2.801897908179243335e-02,-3.798305168664125459e-02,7.945077106160104404e-04,2.386632433475234624e-04,-1.764594113564532261e-04,6.799116997792494788e-01,1.000000000000000000e+00,4.719931571766674411e-02
-5.176808483305329542e-03,-4.972726176170182838e-02,7.936554552417870740e-04,3.106561458651248579e-04,-2.802033555378873056e-05,6.799116997792494788e-01,1.000000000000000000e+00,4.999599892381024341e-02
-3.147632982566806598e-02,3.508836414711734297e-02,7.945260229768055056e-04,-2.185235730035835276e-04,-1.966190904097776283e-04,6.799116997792494788e-01,1.000000000000000000e+00,4.713759261794084332e-02
-1.153628362500444234e-03,-4.937143800983531672e-02,7.938444060019288380e-04,3.108100686955533832e-04,-9.160837633205707095e-06,6.799116997792494788e-01,1.000000000000000000e+00,4.938491419004165106e-02
3.331632424525299979e-02,3.296235123644031262e-02,7.946064080176160060e-04,-2.093287830962446954e-04,2.108332352643950750e-04,1.699779249448123697e-01,1.000000000000000000e+00,4.686676925337707883e-02
-2.455004048999885266e-02,4.347602841305203691e-02,7.936751060595289772e-04,-2.721929153035879535e-04,-1.517670052130007656e-04,6.799116997792494788e-01,1.000000000000000000e+00,4.992864443015743864e-02
-9.864778995481755450e-03,-4.607763564180694660e-02,7.945307908743968941e-04,2.912459733326817402e-04,-6.205408498918487835e-05,6.799116997792494788e-01,1.000000000000000000e+00,4.712178234074784755e-02
-3.370167979572569888e-02,-3.399209448491945229e-02,7.943079692650903455e-04,2.139110148199874467e-04,-2.120184833590186516e-04,6.799116997792494788e-01,1.000000000000000000e+00,4.786716733341672692e-02
2.520357171645004266e-02,-4.129708446122025423e-02,7.941529297307320812e-04,2.601087712406820467e-04,1.577329817105768716e-04,6.799116997792494788e-01,1.000000000000000000e+00,4.838046312576389785e-02
4.470691354630284414e-02,1.355617959731642529e-02,7.946507685425722913e-04,-8.344716683707825342e-05,2.835793206145697815e-04,1.699779249448123697e-01,1.000000000000000000e+00,4.671700037578713216e-02
2.256518953963526294e-02,4.387135404769122032e-02,7.938598689127740384e-04,-2.750154851690026110e-04,1.401986149199927075e-04,6.799116997792494788e-01,1.000000000000000000e+00,4.933440467804935115e-02
4.513045768538381103e-02,1.419325881582212887e-02,7.944749492716004363e-04,-8.849398031398442947e-05,2.823154562808624277e-04,6.799116997792494788e-01,1.000000000000000000e+00,4.730969041015942872e-02
1.719858764443949958e-02,4.518321793158588950e-02,7.941643490137482216e-04,-2.807491825987067221e-04,1.088972232300925168e-04,6.799116997792494788e-01,1.000000000000000000e+00,4.834578161139450880e-02
4.832963623046713370e-02,1.300849676739873747e-03,7.941631040610977032e-04,-8.182354810294138942e-06,3.026329996701890204e-04,6.799116997792494788e-01,1.000000000000000000e+00,4.834714001935125349e-02
-4.852761388426971717e-02,-1.284054173959925209e-03,7.941032466823652863e-04,1.047695574622256723e-05,-3.046267365959947097e-04,6.799116997792494788e-01,1.000000000000000000e+00,4.854459912721940246e-02
-4.573261524572035108e-02,-8.222978504968017632e-03,7.947232727025892434e-04,4.999579539990518589e-05,-2.867940910958838123e-04,1.699779249448123697e-01,1.000000000000000000e+00,4.646600340793535094e-02
-2.565442474068851259e-02,-3.926542784545641179e-02,7.945954778570108422e-04,2.443654395053805172e-04,-1.623637893168869200e-04,1.699779249448123697e-01,1.000000000000000000e+00,4.690334031454896496e-02
-3.514421584837136570e-02,3.101817073863821078e-02,7.946039658767139590e-04,-1.964754603816865953e-04,-2.184440748883719906e-04,1.699779249448123697e-01,1.000000000000000000e+00,4.687475678409679797e-02
4.740433593285594410e-02,9.555407839749087027e-04,7.944449374396698885e-04,-9.948452452134698160e-06,2.975313803031814377e-04,6.799116997792494788e-01,1.000000000000000000e+00,4.741396548934603133e-02
-2.154230091629429772e-02,-4.156075941647049965e-02,7.946219420080665157e-04,2.604096556256546981e-04,-1.363732620139250051e-04,1.699779249448123697e-01,1.000000000000000000e+00,4.681204387806534722e-02
4.685268241827110491e-02,1.663263712435243680e-02,7.937409704439027814e-04,-1.051850533325079826e-04,2.933555936349504134e-04,6.799116997792494788e-01,1.000000000000000000e+00,4.971738596806712235e-02
3.214694337171592614e-02,-3.592744109601416630e-02,7.942051331654520572e-04,2.232959542481176805e-04,1.998936498242350358e-04,6.799116997792494788e-01,1.000000000000000000e+00,4.821002999223168023e-02
4.813063825390927891e-02,6.897522012252710680e-03,7.940797522999742128e-04,-4.551721847921968560e-05,3.008958305895625940e-04,6.799116997792494788e-01,1.000000000000000000e+00,4.862236263940889619e-02
-4.675409418994444510e-02,-9.063556763803099284e-03,7.943810658517353428e-04,5.833383787988449158e-05,-2.951169251326151528e-04,6.799116997792494788e-01,1.000000000000000000e+00,4.762450403660785370e-02
3.737172474758513468e-02,-2.901937763215638871e-02,7.944738829290590425e-04,1.809572107473418146e-04,2.315930635386107776e-04,6.799116997792494788e-01,1.000000000000000000e+00,4.731564317186194579e-02
-4.326244396172786166e-02,-2.119053909902423108e-02,7.942161122970616645e-04,1.329747187866210482e-04,-2.744480798367951598e-04,6.799116997792494788e-01,1.000000000000000000e+00,4.817341595578331082e-02
-3.680907065897323638e-02,-2.983935342813133149e-02,7.944538812428080876e-04,1.923133205502442530e-04,-2.313018874352091670e-04,6.799116997792494788e-01,1.000000000000000000e+00,4.738454068349948201e-02
-1.981848742145572370e-02,-4.324725140638684129e-02,7.943976545442359410e-04,2.751419529410006459e-04,-1.228454344415393909e-04,6.799116997792494788e-01,1.000000000000000000e+00,4.757202116666504887e-02
3.447778888882567505e-02,3.337303308799182550e-02,7.942730741469345400e-04,-2.113544588814201088e-04,2.148766202654673186e-04,6.799116997792494788e-01,1.000000000000000000e+00,4.798413554660153207e-02
-2.189428270350093908e-02,-4.292133656539538072e-02,7.942132353658274075e-04,2.682855731214747004e-04,-1.386262782785214662e-04,6.799116997792494788e-01,1.000000000000000000e+00,4.818299230704509856e-02
3.648327892751543344e-02,-3.410731134934964770e-02,7.936714422178192457e-04,2.152220186790288576e-04,2.250788207875756850e-04,6.799116997792494788e-01,1.000000000000000000e+00,4.994335119697482922e-02
4.649666986847690586e-02,-7.597873753448841291e-03,7.945327624022263408e-04,4.768576362666467018e-05,2.913244934807327630e-04,6.799116997792494788e-01,1.000000000000000000e+00,4.711335261294270077e-02
-4.506895071238012362e-02,1.685173800584436818e-02,7.942326462558859041e-04,-1.063253382014628975e-04,-2.829370745815416041e-04,6.799116997792494788e-01,1.000000000000000000e+00,4.811643577960204865e-02
-2.620160588902823579e-02,3.881369269745996164e-02,7.946167083805693145e-04,-2.444474265696784643e-04,-1.629208610481301949e-04,1.699779249448123697e-01,1.000000000000000000e+00,4.682976502158446575e-02
9.896864965008435149e-04,-4.758582630567829985e-02,7.943891738442628242e-04,3.002507473257435590e-04,5.727884601170927202e-06,6.799116997792494788e-01,1.000000000000000000e+00,4.759611690627231495e-02
-4.720293171888630124e-02,-1.303265389328447411e-02,7.939729788112197869e-04,8.194872326912878784e-05,-2.978466502365099207e-04,6.799116997792494788e-01,1.000000000000000000e+00,4.896903950824423729e-02
-2.152974651772129964e-03,4.687640268213621314e-02,7.945896601834993985e-04,-2.950510413388692356e-04,-1.765198565040478431e-05,1.699779249448123697e-01,1.000000000000000000e+00,4.692581835481358932e-02
2.277041882413238447e-02,4.278319773379414548e-02,7.941273812555283904e-04,-2.680344978829998044e-04,1.444633823696748250e-04,6.799116997792494788e-01,1.000000000000000000e+00,4.846538952443620735e-02
2.299042558339059461e-02,4.196314875008364670e-02,7.943141326983279779e-04,-2.632361951928672119e-04,1.464927554145208869e-04,6.799116997792494788e-01,1.000000000000000000e+00,4.784835965346218023e-02
-4.493115665553542443e-02,1.178433930640275171e-02,7.947279786208912011e-04,-7.620989140541955945e-05,-2.834423904116228042e-04,1.699779249448123697e-01,1.000000000000000000e+00,4.645082874710303872e-02
2.393694013062112533e-02,4.362186645277151692e-02,7.937282722651402842e-04,-2.719221465665399543e-04,1.515542693050640408e-04,6.799116997792494788e-01,1.000000000000000000e+00,4.975785702419641826e-02
4.746998118875588035e-02,5.911705781971526331e-03,7.943178266108096453e-04,-3.633335359059586874e-05,3.010943315854680818e-04,6.799116997792494788e-01,1.000000000000000000e+00,4.783667399928043240e-02
4.660161288049478878e-02,1.582089292975980693e-02,7.938972360952389591e-04,-9.925784217664874673e-05,2.922957400120068921e-04,6.799116997792494788e-01,1.000000000000000000e+00,4.921393071233409744e-02
4.327837761890884760e-02,-2.040361919736617333e-02,7.943142847240550544e-04,1.267488151790246108e-04,2.727874661045976562e-04,6.799116997792494788e-01,1.000000000000000000e+00,4.784689797339007622e-02
4.463422131111547536e-02,2.202673987785309928e-02,7.937237161440183035e-04,-1.395843431671137547e-04,2.783855544603141131e-04,6.799116997792494788e-01,1.000000000000000000e+00,4.977339632470582226e-02
4.244992636016396703e-02,2.102160520618925887e-02,7.944572354436965893e-04,-1.296863485350242514e-04,2.686958929991422988e-04,6.799116997792494788e-01,1.000000000000000000e+00,4.736986524604251680e-02
-4.559955766634027352e-02,1.444064876082284780e-02,7.943188408063527311e-04,-9.235555643989573963e-05,-2.855184001671408106e-04,6.799116997792494788e-01,1.000000000000000000e+00,4.783149585784816915e-02
1.512021045783128051e-03,4.909866440634667178e-02,7.939260588721077381e-04,-3.109606241621956061e-04,9.266327924066318213e-06,6.799116997792494788e-01,1.000000000000000000e+00,4.912194065924049141e-02
4.627117360421503095e-02,-1.104913623144837889e-02,7.943961768035113407e-04,6.769423004147520054e-05,2.900226844971315245e-04,6.799116997792494788e-01,1.000000000000000000e+00,4.757210230978353022e-02
4.039005019958911286e-02,-2.528273070034449399e-02,7.943733378184395823e-04,1.576502546293403280e-04,2.530017009396682724e-04,6.799116997792494788e-01,1.000000000000000000e+00,4.765052598651425830e-02
-4.129319672736204289e-02,2.816031575180471744e-02,7.936602431191962844e-04,-1.728165126224321941e-04,-2.556929436904754448e-04,6.799116997792494788e-01,1.000000000000000000e+00,4.998131129938433725e-02
-4.588150088911244900e-02,1.531314756908551747e-02,7.941564164287025739e-04,-9.752051752218182136e-05,-2.863199197802826393e-04,6.799116997792494788e-01,1.000000000000000000e+00,4.836945949987674076e-02
-3.457814442532568949e-02,3.452879492111016191e-02,7.940047346081840259e-04,-2.169241118726207172e-04,-2.195530430300546884e-04,6.799116997792494788e-01,1.000000000000000000e+00,4.886599789836246904e-02
4.732436703603038614e-02,1.147677778578450568e-02,7.940570080487162384e-04,-7.143438563049763499e-05,2.952660143062625295e-04,6.799116997792494788e-01,1.000000000000000000e+00,4.869612041739255354e-02
-1.313248989470138135e-02,4.759652374649486761e-02,7.938479734797513222e-04,-3.004358923288612932e-04,-8.325278571249595562e-05,6.799116997792494788e-01,1.000000000000000000e+00,4.937500747934205070e-02
3.550879691683447859e-02,3.448554522884202805e-02,7.938093791172999743e-04,-2.154611371106891922e-04,2.253380498467251393e-04,6.799116997792494788e-01,1.000000000000000000e+00,4.949876249171794584e-02
3.872677074371114192e-02,2.902757279630834367e-02,7.941483785937825720e-04,-1.791655267828135879e-04,2.446625925010742280e-04,6.799116997792494788e-01,1.000000000000000000e+00,4.839796229885036383e-02
-4.396278172674462220e-02,-1.768198668728242912e-02,7.944524015465286287e-04,1.111898147458151076e-04,-2.739774290826987434e-04,6.799116997792494788e-01,1.000000000000000000e+00,4.738542846026216893e-02
3.769919044740487057e-02,2.694555628932877520e-02,7.947614545617897415e-04,-1.715300211206325655e-04,2.401855065629231103e-04,1.699779249448123697e-01,1.000000000000000000e+00,4.633888177471580383e-02
3.877611937131357489e-02,2.927859685484664534e-02,7.940912622372272916e-04,-1.823867394123043458e-04,2.390571250324479487e-04,6.799116997792494788e-01,1.000000000000000000e+00,4.858830792780291508e-02
-4.899648210623351596e-02,6.029086992709611903e-03,7.938503352906810945e-04,-3.687558415936756107e-05,-3.065751667920444887e-04,6.799116997792494788e-01,1.000000000000000000e+00,4.936603233755090803e-02
-4.485546214740812609e-02,1.701959817648182605e-02,7.942752022965021350e-04,-1.063253382014628975e-04,-2.829370745815416041e-04,6.799116997792494788e-01,1.000000000000000000e+00,4.797581897733968481e-02
3.042129846374259233e-02,3.567990640004892189e-02,7.945994292948497769e-04,-2.234498125647474702e-04,1.905218145133611373e-04,1.699779249448123697e-01,1.000000000000000000e+00,4.688828340786597298e-02
4.734226229494906124e-02,1.323752664069673037e-03,7.944597431564552831e-04,-9.948452452134698160e-06,2.975313803031814377e-04,6.799116997792494788e-01,1.000000000000000000e+00,4.736076562218338726e-02
1.690262712543186621e-02,4.513798644605687693e-02,7.942087855700993371e-04,-2.822962715462417325e-04,1.031715095294569488e-04,6.799116997792494788e-01,1.000000000000000000e+00,4.819892762443786505e-02
4.373782063085588506e-03,4.921302825037868200e-02,7.938375169949999071e-04,-3.103969310876661695e-04,2.827480329466965089e-05,6.799116997792494788e-01,1.000000000000000000e+00,4.940700475750315485e-02
1.456728918465049864e-02,-4.459651034837035233e-02,7.945919948408758935e-04,2.801298475711833775e-04,9.445632486885431633e-05,1.699779249448123697e-01,1.000000000000000000e+00,4.691539885199250137e-02
4.188274539003122854e-02,-2.461393869814870045e-02,7.940926972263798612e-04,1.569259312982209471e-04,2.618436351520672732e-04,6.799116997792494788e-01,1.000000000000000000e+00,4.857993762493324069e-02
-4.077415374808635723e-02,2.735781173068315211e-02,7.939316446927649918e-04,-1.728165126224321941e-04,-2.556929436904754448e-04,6.799116997792494788e-01,1.000000000000000000e+00,4.910174616614045723e-02
-4.116736919928500049e-02,2.796721036714487282e-02,7.937257881293930274e-04,-1.728165126224321941e-04,-2.556929436904754448e-04,6.799116997792494788e-01,1.000000000000000000e+00,4.976863613271288733e-02
-1.090797674336535690e-02,-4.541146640348119740e-02,7.946537654979486491e-04,2.847179110745013558e-04,-6.733481078175448139e-05,1.699779249448123697e-01,1.000000000000000000e+00,4.670316089461505615e-02
-3.473972917577494018e-02,-3.558908804656513158e-02,7.937357651399707531e-04,2.219630767222789637e-04,-2.186370237485027175e-04,6.799116997792494788e-01,1.000000000000000000e+00,4.973361007600748951e-02
1.951803532083684622e-02,4.444323322708338547e-02,7.941059960876535768e-04,-2.762790710388204852e-04,1.183777320545961634e-04,6.799116997792494788e-01,1.000000000000000000e+00,4.854023776685033320e-02
3.832217637467350696e-02,3.077668995287246440e-02,7.939173334107617764e-04,-1.942233907152642199e-04,2.434865610798980166e-04,6.799116997792494788e-01,1.000000000000000000e+00,4.915072579877966669e-02
-4.293533730282705213e-02,1.774904559094998835e-02,7.947251791944197515e-04,-1.109381048983468996e-04,-2.689153498628685441e-04,1.699779249448123697e-01,1.000000000000000000e+00,4.645935652478576372e-02
-4.424220021849666756e-02,-1.908868944405298432e-02,7.942129508266460199e-04,1.197484905374008256e-04,-2.760180676348895500e-04,6.799116997792494788e-01,1.000000000000000000e+00,4.818454466802655350e-02
3.129399926340548782e-02,3.720858102459990990e-02,7.940804225674340201e-04,-2.319337360353711372e-04,1.948514688378206257e-04,6.799116997792494788e-01,1.000000000000000000e+00,4.861885325429055743e-02
-1.273827172306502345e-02,4.568967902623224941e-02,7.944383320377336379e-04,-2.889634623487307439e-04,-8.308025796968074349e-05,6.799116997792494788e-01,1.000000000000000000e+00,4.743216562640551609e-02
-1.649391168514168990e-02,4.497568365231138787e-02,7.942967748497081586e-04,-2.832263868190039403e-04,-1.029541626018520308e-04,6.799116997792494788e-01,1.000000000000000000e+00,4.790471002594675481e-02
-3.430452989700571564e-03,4.824273489288260358e-02,7.941577743192132196e-04,-3.043765255819935365e-04,-2.178187366955297685e-05,6.799116997792494788e-01,1.000000000000000000e+00,4.836454773550041830e-02
-4.689574773376163630e-02,1.180197487616884734e-02,7.941601328210017279e-04,-7.485348801119552382e-05,-2.922460706039768956e-04,6.799116997792494788e-01,1.000000000000000000e+00,4.835801656898606332e-02
-2.655311893797984366e-02,-3.806709561515576878e-02,7.947389361210595955e-04,2.372542649909653708e-04,-1.680427510206160865e-04,1.699779249448123697e-01,1.000000000000000000e+00,4.641305736436585061e-02
-4.785080363855934160e-02,-2.826399984748602812e-03,7.942877305884277206e-04,1.852769632609767400e-05,-2.995934275800794322e-04,6.799116997792494788e-01,1.000000000000000000e+00,4.793420434021775783e-02
1.413721422415108696e-02,4.490408291110730560e-02,7.945456441847567695e-04,-2.790028597667414535e-04,8.456676456692637477e-05,6.799116997792494788e-01,1.000000000000000000e+00,4.707693159188626464e-02
3.966058937961517566e-02,2.994945359503300986e-02,7.937467723890751295e-04,-1.867690957939956609e-04,2.490685706999138348e-04,6.799116997792494788e-01,1.000000000000000000e+00,4.969841165046907233e-02
2.178226006836450623e-02,-4.491191352785443847e-02,7.936790644163953289e-04,2.817674750257593837e-04,1.355998722982113924e-04,6.799116997792494788e-01,1.000000000000000000e+00,4.991539672705548603e-02
-4.700460635247132035e-02,6.146810579871408650e-03,7.944466000047963657e-04,-3.901551424956988012e-05,-2.932691487656624682e-04,6.799116997792494788e-01,1.000000000000000000e+00,4.740481303259835161e-02
4.339697528054423797e-02,1.786045951447728583e-02,7.945880490520438287e-04,-1.113913199842705710e-04,2.749330668595880074e-04,1.699779249448123697e-01,1.000000000000000000e+00,4.692859978273856286e-02
-2.402352547213358353e-03,4.703741574031011091e-02,7.945377510979841551e-04,-2.950510413388692356e-04,-1.765198565040478431e-05,6.799116997792494788e-01,1.000000000000000000e+00,4.709872373311060206e-02
1.601094450335822580e-02,-4.533377169395148842e-02,7.942446739834954725e-04,2.859712593203191685e-04,1.015222246363412341e-04,6.799116997792494788e-01,1.000000000000000000e+00,4.807807400353028560e-02
5.373947901944034662e-04,-4.954205852378693042e-02,7.937951738381810720e-04,3.110599356788216184e-04,2.394941081247564736e-08,6.799116997792494788e-01,1.000000000000000000e+00,4.954497306422576963e-02
3.422971896813913062e-02,-3.388023990013808162e-02,7.942194946372359895e-04,2.130496835966574833e-04,2.168736354212830772e-04,6.799116997792494788e-01,1.000000000000000000e+00,4.816164777422687199e-02
-1.848599314071152364e-03,5.225736770407519299e-02,7.929506119052078753e-04,-2.990709811553812466e-04,-1.035808223753912358e-05,6.799116997792494788e-01,2.000000000000000000e+00,5.229005449206287903e-02
-9.168868550098810410e-03,-5.079831390280716008e-02,7.931544496709514239e-04,2.992668333242461056e-04,-5.563017772391523640e-05,6.799116997792494788e-01,2.000000000000000000e+00,5.161915192888316684e-02
1.081989179216968910e-02,5.048680645550298468e-02,7.931499998820087244e-04,-2.967581906475152379e-04,6.388658179240063731e-05,6.799116997792494788e-01,2.000000000000000000e+00,5.163320331404665925e-02
2.417941868406945499e-02,-4.461876132829113023e-02,7.934215044436879844e-04,2.737725842413830089e-04,1.479231562200148428e-04,6.799116997792494788e-01,2.000000000000000000e+00,5.074916896236366520e-02
1.011798505801506098e-02,5.148619089448495945e-02,7.928974436285777562e-04,-2.952149670751061080e-04,5.811609964523916001e-05,6.799116997792494788e-01,2.000000000000000000e+00,5.247095839088097152e-02
-1.716342126671110968e-02,-4.932590888658918565e-02,7.929703556319566554e-04,2.865606518689029262e-04,-9.868198213834082828e-05,6.799116997792494788e-01,2.000000000000000000e+00,5.222670118882379725e-02
1.054503365163773562e-02,-4.948791982705188358e-02,7.934680904697997018e-04,3.016950110824116716e-04,6.388398874131668355e-05,6.799116997792494788e-01,2.000000000000000000e+00,5.059893223698389009e-02
1.996181944846539547e-02,4.945810343392064573e-02,7.926400916872732797e-04,-2.731050811694236621e-04,1.118515054358819739e-04,1.699779249448123697e-01,2.000000000000000000e+00,5.333458756729562295e-02
3.877174078770780422e-03,5.126718919375974209e-02,7.932170774201908418e-04,-3.021002344243006342e-04,2.094044425138954027e-05,6.799116997792494788e-01,2.000000000000000000e+00,5.141358931902972884e-02
9.127459443453361798e-03,-4.935626588459936237e-02,7.935930256572536548e-04,3.041777692604788691e-04,5.528662752096335267e-05,6.799116997792494788e-01,2.000000000000000000e+00,5.019314194153572800e-02
4.395680759451910807e-02,2.636977898201848039e-02,7.932621682760321964e-04,-1.596304680720756885e-04,2.673929652766696618e-04,6.799116997792494788e-01,2.000000000000000000e+00,5.125979103997670844e-02
1.937547369151533180e-02,4.962881873063576532e-02,7.926581851288701458e-04,-2.764922584139715717e-04,1.048783414165632417e-04,1.699779249448123697e-01,2.000000000000000000e+00,5.327690521575841054e-02
-5.137581477792204504e-02,1.474038935788101953e-02,7.926071154113754121e-04,-7.761759725337124313e-05,-2.870264464282608536e-04,1.699779249448123697e-01,2.000000000000000000e+00,5.344860543098655520e-02
4.696120087783633990e-02,-2.203273136546161567e-02,7.930781637169607903e-04,1.255294219789447445e-04,2.767112289718315268e-04,6.799116997792494788e-01,2.000000000000000000e+00,5.187287961267518510e-02
-4.959211742913066656e-02,-2.031496732133057648e-02,7.925650096333467041e-04,1.145861381721082937e-04,-2.730764423811775604e-04,1.699779249448123697e-01,2.000000000000000000e+00,5.359175317501205932e-02
-4.056567893903893079e-02,3.456804101853228062e-02,7.926519553543681087e-04,-1.938122845816417741e-04,-2.245650702667476364e-04,1.699779249448123697e-01,2.000000000000000000e+00,5.329656431369771824e-02
5.262396410347287140e-02,-7.196160758036873779e-03,7.927058581933368094e-04,3.678703662897621796e-05,2.968780819229152688e-04,1.699779249448123697e-01,2.000000000000000000e+00,5.311371129585194806e-02
-5.186191454664006856e-02,1.203423317043192386e-02,7.926689963636000856e-04,-6.418837637911011874e-05,-2.881199894052772006e-04,1.699779249448123697e-01,2.000000000000000000e+00,5.323984361775793706e-02
-4.706764557320655684e-02,2.081370099052996109e-02,7.932003559499213206e-04,-1.226014018324671358e-04,-2.750784735036123480e-04,6.799116997792494788e-01,2.000000000000000000e+00,5.146429256026141541e-02
-4.492249364113134330e-02,2.786186039661617958e-02,7.927800228848215155e-04,-1.547734862347495432e-04,-2.501075206926355022e-04,6.799116997792494788e-01,2.000000000000000000e+00,5.286126842687389332e-02
-1.987829270198372342e-02,4.826462927823216981e-02,7.929791322444390035e-04,-2.800734281360608242e-04,-1.161602099228518058e-04,6.799116997792494788e-01,2.000000000000000000e+00,5.219790187460531666e-02
-2.414184164463797910e-02,4.687401776822072708e-02,7.928206164566819949e-04,-2.620763379946570862e-04,-1.357753725867965732e-04,6.799116997792494788e-01,2.000000000000000000e+00,5.272572483835807206e-02
-1.929784974927885657e-02,-4.686963740799626049e-02,7.934406605529340396e-04,2.857414167649303472e-04,-1.171961270086511217e-04,6.799116997792494788e-01,2.000000000000000000e+00,5.068697974532300476e-02
5.104147527312868915e-02,1.339125641710264304e-02,7.928068274731451918e-04,-7.646503085570833592e-05,2.834479939302693994e-04,6.799116997792494788e-01,2.000000000000000000e+00,5.276891079495577702e-02
-2.226515346114837576e-02,-4.875270503473892736e-02,7.925623861703413832e-04,2.700766905860952066e-04,-1.248474652965184974e-04,1.699779249448123697e-01,2.000000000000000000e+00,5.359629937647510806e-02
1.544183449285948390e-02,4.877811705398771985e-02,7.932927688580923391e-04,-2.959783264905193169e-04,9.679771629285660031e-05,6.799116997792494788e-01,2.000000000000000000e+00,5.116400058476069240e-02
-4.010366643416304888e-02,3.571238340936178091e-02,7.925332733258661682e-04,-1.952048774670156971e-04,-2.178900379466133428e-04,1.699779249448123697e-01,2.000000000000000000e+00,5.369989190156600894e-02
3.114013853448074215e-02,4.095733995915509101e-02,7.932047075102458553e-04,-2.414173619341771642e-04,1.809659538647758208e-04,6.799116997792494788e-01,2.000000000000000000e+00,5.145106339500141873e-02
-4.800779710282990220e-02,-1.652139063142167574e-02,7.934143590034167196e-04,1.006986857972843620e-04,-2.947250777569759557e-04,6.799116997792494788e-01,2.000000000000000000e+00,5.077110330751648248e-02
-6.525340749284769780e-03,-5.001106175902004375e-02,7.935191050697364568e-04,3.087028509282464307e-04,-4.200757574471898279e-05,6.799116997792494788e-01,2.000000000000000000e+00,5.043497169780898626e-02
-3.237260147189447573e-02,4.192152097051059234e-02,7.927494876696618504e-04,-2.337754515259723499e-04,-1.789099482226299903e-04,6.799116997792494788e-01,2.000000000000000000e+00,5.296601973472297303e-02
2.697310473732878952e-02,4.459050776359074070e-02,7.930051215725341046e-04,-2.561895132157909196e-04,1.585575275623813470e-04,6.799116997792494788e-01,2.000000000000000000e+00,5.211393059236421599e-02
7.527915384521372683e-03,5.062433965823709414e-02,7.932876092877817363e-04,-3.078077320078735353e-04,4.347294413049109267e-05,6.799116997792494788e-01,2.000000000000000000e+00,5.118098549138215547e-02
2.171130181999704825e-02,-4.759563634614388805e-02,7.929451268249854958e-04,2.712688842699925891e-04,1.270212560629618251e-04,6.799116997792494788e-01,2.000000000000000000e+00,5.231371928962210566e-02
-5.674342007295995159e-03,5.096086702419431319e-02,7.932571524851746722e-04,-3.097410516904184805e-04,-3.299282288230158362e-05,6.799116997792494788e-01,2.000000000000000000e+00,5.127580448002136415e-02
7.994543111590882156e-03,-5.109331145966114485e-02,7.931260378397407898e-04,2.975272325739149464e-04,5.100422995034298898e-05,6.799116997792494788e-01,2.000000000000000000e+00,5.171498037780760532e-02
-2.600462137843605887e-02,4.646923638024792746e-02,7.926656078638307911e-04,-2.586216999068807190e-04,-1.483897758696310664e-04,1.699779249448123697e-01,2.000000000000000000e+00,5.325063626661347832e-02
1.972790973278137558e-02,4.869053399580441227e-02,7.928766367821079219e-04,-2.754530976858219900e-04,1.115584827952009446e-04,6.799116997792494788e-01,2.000000000000000000e+00,5.253530739627736840e-02
-7.514264250077223352e-03,-5.234651660727874384e-02,7.927738416611458151e-04,2.913568049557113465e-04,-4.428295449660906444e-05,6.799116997792494788e-01,2.000000000000000000e+00,5.288309718743880450e-02
-5.120426196169415578e-02,1.025373205188716275e-02,7.929717417156062053e-04,-5.621410622791341580e-05,-2.999354248380399989e-04,6.799116997792494788e-01,2.000000000000000000e+00,5.222083362063169309e-02
5.268487089371816368e-02,1.048905059539857222e-02,7.925276958993966031e-04,-6.031877796106456090e-05,2.815056951263467653e-04,1.699779249448123697e-01,2.000000000000000000e+00,5.371885891826614495e-02
4.932591304830501872e-02,-1.268376574418076871e-02,7.933653505128950532e-04,7.772809662158297963e-05,2.988549776963770189e-04,6.799116997792494788e-01,2.000000000000000000e+00,5.093057639083029692e-02
3.056259998252790211e-02,4.084085141622587067e-02,7.933392858598075064e-04,-2.496121060903820524e-04,1.867919104118048170e-04,6.799116997792494788e-01,2.000000000000000000e+00,5.101027016292163790e-02
-3.046545805741229102e-02,4.009821799693031458e-02,7.935424175477870899e-04,-2.443287345714846765e-04,-1.889357741083036283e-04,6.799116997792494788e-01,2.000000000000000000e+00,5.035882466040379757e-02
-3.904447973023445623e-02,3.451198081216872576e-02,7.930055462130338427e-04,-2.021548280436294756e-04,-2.259764846332258225e-04,6.799116997792494788e-01,2.000000000000000000e+00,5.211092224269487511e-02
-5.221659930149180617e-02,3.473015860744783478e-03,7.929389925490652660e-04,-1.911874009790642402e-05,-3.005821350972586598e-04,6.799116997792494788e-01,2.000000000000000000e+00,5.233196997803101630e-02
1.165038548083353886e-02,-5.144621410117867361e-02,7.928132929599393617e-04,2.933065607208081775e-04,6.570303435372726471e-05,6.799116997792494788e-01,2.000000000000000000e+00,5.274888081463276202e-02
5.125094560313447206e-02,1.962144743572016327e-03,7.932537347848545462e-04,-8.931417404056242749e-06,3.009660360641114459e-04,6.799116997792494788e-01,2.000000000000000000e+00,5.128849224933577922e-02
4.560998757722308644e-02,-2.060334208468617492e-02,7.936387755063055958e-04,1.299148985177701594e-04,2.802666122129109441e-04,6.799116997792494788e-01,2.000000000000000000e+00,5.004766399996152249e-02
-3.185956052124623572e-02,-4.160462968642044540e-02,7.929175241995554783e-04,2.416664236975909824e-04,-1.813169004573796095e-04,6.799116997792494788e-01,2.000000000000000000e+00,5.240206873732304593e-02
5.118208448051540793e-02,-1.639967052416423099e-02,7.925196674045481776e-04,8.801482609622877798e-05,2.790224174270326905e-04,1.699779249448123697e-01,2.000000000000000000e+00,5.374527853748417572e-02
2.100967161065659880e-02,-4.661750544404747593e-02,7.933026238022679397e-04,2.822223372131173972e-04,1.289086001732447136e-04,6.799116997792494788e-01,2.000000000000000000e+00,5.113314106343776894e-02
4.558679799926062398e-02,-2.221274080902651410e-02,7.934331584627931982e-04,1.351892104235898442e-04,2.808172181810927046e-04,6.799116997792494788e-01,2.000000000000000000e+00,5.071057094999408682e-02
-4.113863657947258029e-02,-3.028592981226969558e-02,7.933178968273297193e-04,1.817408000164854362e-04,-2.525257594834090773e-04,6.799116997792494788e-01,2.000000000000000000e+00,5.108448848928259789e-02
-3.223202613336472594e-02,4.033124973565019311e-02,7.931508559656369733e-04,-2.358619608119617817e-04,-1.879182258098267280e-04,6.799116997792494788e-01,2.000000000000000000e+00,5.162860848310062839e-02
-4.772335332823646886e-02,1.789140480844864101e-02,7.933535247793734990e-04,-1.092362434720979742e-04,-2.915754401866120136e-04,6.799116997792494788e-01,2.000000000000000000e+00,5.096686000639511632e-02
-2.803886550127297761e-02,-4.299780416255553905e-02,7.932408040533934883e-04,2.524867603134008966e-04,-1.659751662428545610e-04,6.799116997792494788e-01,2.000000000000000000e+00,5.133214530291865807e-02
-4.699579472243824163e-02,2.323139236578197070e-02,7.929100476136096386e-04,-1.360079000300464772e-04,-2.714942186597767539e-04,6.799116997792494788e-01,2.000000000000000000e+00,5.242425309765001012e-02
-5.897169408715544764e-03,-5.098490806744270659e-02,7.932430534339419579e-04,2.996110153309506220e-04,-3.157842801974908038e-05,6.799116997792494788e-01,2.000000000000000000e+00,5.132482301655481166e-02
4.317452795528529258e-02,2.810786055683694301e-02,7.931849737887329728e-04,-1.616645648151252555e-04,2.537272617100750304e-04,6.799116997792494788e-01,2.000000000000000000e+00,5.151787737518211813e-02
2.415891171793733971e-02,-4.395363076456183099e-02,7.936051113164721690e-04,2.695564134763847553e-04,1.505012594031655750e-04,6.799116997792494788e-01,2.000000000000000000e+00,5.015550491005475037e-02
1.517416732862971081e-02,5.125311357606453233e-02,7.926060838815407721e-04,-2.808563810765244036e-04,8.142961123606265515e-05,1.699779249448123697e-01,2.000000000000000000e+00,5.345219364402385015e-02
4.839408665450917191e-02,-1.778528750361856731e-02,7.931724673315864891e-04,1.058362208575199296e-04,2.827567844479824842e-04,6.799116997792494788e-01,2.000000000000000000e+00,5.155874392099281389e-02
2.866727350636528310e-02,4.249536178381235763e-02,7.932627042867503205e-04,-2.517885306703596202e-04,1.666072159544237355e-04,6.799116997792494788e-01,2.000000000000000000e+00,5.126078758101412780e-02
3.464913736329115757e-02,3.651143720420573641e-02,7.935502303309571780e-04,-2.259866154769582861e-04,2.096942100441897931e-04,6.799116997792494788e-01,2.000000000000000000e+00,5.033535305068275595e-02
1.986621855383928145e-02,-4.849814709108945382e-02,7.929145237190924310e-04,2.820303917135351520e-04,1.135587059401978313e-04,6.799116997792494788e-01,2.000000000000000000e+00,5.240932083988359552e-02
2.228103338579538392e-02,-4.836979891765950251e-02,7.926637920295771063e-04,2.627426575196647996e-04,1.246592152603353545e-04,1.699779249448123697e-01,2.000000000000000000e+00,5.325487673512861037e-02
-3.539678063037365353e-03,-5.003480644205499095e-02,7.936043066465523887e-04,3.085325400332643428e-04,-1.861250898492204753e-05,6.799116997792494788e-01,2.000000000000000000e+00,5.015985622471276495e-02
4.901518032190463336e-02,-1.241096998195739994e-02,7.934794184302769015e-04,7.772809662158297963e-05,2.988549776963770189e-04,6.799116997792494788e-01,2.000000000000000000e+00,5.056204186820262292e-02
-6.507703868913626045e-03,5.014583324356739619e-02,7.934782323729992282e-04,-3.085834711356953133e-04,-4.195591785069230145e-05,6.799116997792494788e-01,2.000000000000000000e+00,5.056634059665720410e-02
2.422087722391521453e-02,-4.634297866333181304e-02,7.929511251603427744e-04,2.678286861044745695e-04,1.418915661536385381e-04,6.799116997792494788e-01,2.000000000000000000e+00,5.229075028038900064e-02
-3.197739912611072266e-02,4.284696241720029053e-02,7.926022744412211576e-04,-2.392771067517871040e-04,-1.757086409767618805e-04,1.699779249448123697e-01,2.000000000000000000e+00,5.346415849194263020e-02
-5.025501752072781408e-02,-1.203131226945268820e-02,7.931371165040086626e-04,7.153730221408766121e-05,-2.924879903474235008e-04,6.799116997792494788e-01,2.000000000000000000e+00,5.167513193920014042e-02
-4.835137901484969775e-02,1.720192867601503389e-02,7.932448005336313786e-04,-1.003816872359320075e-04,-2.948499494500625385e-04,6.799116997792494788e-01,2.000000000000000000e+00,5.132019293428616985e-02
5.286001686322037291e-02,1.943839319906435917e-03,7.927702949844403447e-04,-1.303839104812676113e-05,2.934838335060891627e-04,6.799116997792494788e-01,2.000000000000000000e+00,5.289574551966874649e-02
-4.713488315854692801e-02,-2.381614090892449770e-02,7.927950879661098751e-04,1.346708248770054966e-04,-2.622694737766016965e-04,6.799116997792494788e-01,2.000000000000000000e+00,5.281009163184265803e-02
-7.984187514295692416e-04,-5.094473569925889178e-02,7.933603683158504819e-04,3.094765969371645643e-04,-4.822622291163235816e-07,6.799116997792494788e-01,2.000000000000000000e+00,5.095099182518410263e-02
2.310860127631184785e-02,4.503958327992819283e-02,7.934611089169009684e-04,-2.737845800174034706e-04,1.424707396575079408e-04,6.799116997792494788e-01,2.000000000000000000e+00,5.062184819795845225e-02
4.670895895200967429e-02,-2.138886686521693919e-02,7.932286383221193258e-04,1.235590362301615310e-04,2.759654851029906325e-04,6.799116997792494788e-01,2.000000000000000000e+00,5.137324665775466065e-02
-5.196900943787664817e-02,-1.004889322652141592e-02,7.927594166305869947e-04,5.584575906971725684e-05,-2.896716626649280019e-04,6.799116997792494788e-01,2.000000000000000000e+00,5.293163701447500119e-02
2.293430468247642864e-02,4.737552925213081578e-02,7.928469305226608149e-04,-2.738024695607655604e-04,1.299555649252433426e-04,6.799116997792494788e-01,2.000000000000000000e+00,5.263480885486488542e-02
-3.194633543481535665e-02,-4.169520791718078767e-02,7.928799007240970023e-04,2.416664236975909824e-04,-1.813169004573796095e-04,6.799116997792494788e-01,2.000000000000000000e+00,5.252674281707057219e-02
1.895994138251633210e-02,4.963083893775881161e-02,7.927012068966131624e-04,-2.764922584139715717e-04,1.048783414165632417e-04,1.699779249448123697e-01,2.000000000000000000e+00,5.312908385144817641e-02
4.705172101889090047e-02,1.984833918831702473e-02,7.933229895261188725e-04,-1.180971946800598785e-04,2.882078301730924474e-04,6.799116997792494788e-01,2.000000000000000000e+00,5.106682895357828045e-02
-2.028219664054377314e-02,-4.712526610511562353e-02,7.932486030418747693e-04,2.772177108339729133e-04,-1.183219880636292407e-04,6.799116997792494788e-01,2.000000000000000000e+00,5.130456320877943566e-02
3.851240021770216404e-02,3.214448213225363365e-02,7.936023725657506255e-04,-1.996724626740520607e-04,2.354767941613582097e-04,6.799116997792494788e-01,2.000000000000000000e+00,5.016445656118721785e-02
4.184281464981436105e-02,3.297234093740367133e-02,7.926591398614907984e-04,-1.835077747514655272e-04,2.291351302122320770e-04,1.699779249448123697e-01,2.000000000000000000e+00,5.327284866337734376e-02
-3.297203945899864364e-03,-5.211266658940036378e-02,7.929725947731541998e-04,3.034232621362900357e-04,-1.840596979047421429e-05,6.799116997792494788e-01,2.000000000000000000e+00,5.221687057760990291e-02
4.810092308092129426e-02,1.738647203914784126e-02,7.932986979758633109e-04,-1.095212394521172705e-04,2.914879521204832543e-04,6.799116997792494788e-01,2.000000000000000000e+00,5.114673216545487927e-02
1.843757640254093874e-02,-4.676604703172290711e-02,7.935707538958740662e-04,2.902421745325547671e-04,1.137203072183143619e-04,6.799116997792494788e-01,2.000000000000000000e+00,5.026934830065785814e-02
1.507900755818455951e-02,-5.053785752928454528e-02,7.928170961065922166e-04,2.850757461228508173e-04,8.543150662932604542e-05,6.799116997792494788e-01,2.000000000000000000e+00,5.273946826229906210e-02
3.331920501963672732e-02,4.100166180256108184e-02,7.927887649696216095e-04,-2.277639835008952475e-04,1.869348723625933052e-04,6.799116997792494788e-01,2.000000000000000000e+00,5.283280887585082436e-02
-5.217803409670452447e-02,-6.052924332903464669e-03,7.928794317652699359e-04,3.464666944129828714e-05,-3.001505737459847002e-04,6.799116997792494788e-01,2.000000000000000000e+00,5.252794623033262000e-02
4.171091259783604038e-02,2.897383841031139773e-02,7.934100325667555343e-04,-1.754818246849819885e-04,2.575909827587288662e-04,6.799116997792494788e-01,2.000000000000000000e+00,5.078664728027587616e-02
-3.594472745729114516e-02,-3.953826869821696482e-02,7.926110438974279335e-04,2.229380471726908014e-04,-1.976239434425092439e-04,1.699779249448123697e-01,2.000000000000000000e+00,5.343498969431306755e-02
4.877136418342852692e-02,2.035631548024137427e-02,7.927840216087724337e-04,-1.163566228715563571e-04,2.695712016426043316e-04,6.799116997792494788e-01,2.000000000000000000e+00,5.284908271903808463e-02
4.933491116210563660e-02,-1.794365803547232074e-02,7.928871673840724634e-04,1.001289489040909915e-04,2.769104608406645148e-04,6.799116997792494788e-01,2.000000000000000000e+00,5.249674583311642051e-02
1.377242454334814958e-02,5.063179036825215390e-02,7.928964889217986287e-04,-2.866405642134006162e-04,7.848198300015537827e-05,6.799116997792494788e-01,2.000000000000000000e+00,5.247149582103458748e-02
-2.185523276036763912e-02,-4.872576802512691707e-02,7.926208387892167513e-04,2.700766905860952066e-04,-1.248474652965184974e-04,1.699779249448123697e-01,2.000000000000000000e+00,5.340273091002301770e-02
3.703283450350047107e-02,3.859713283812508944e-02,7.925939637468320869e-04,-2.079710725658757715e-04,2.021429507252289206e-04,1.699779249448123697e-01,2.000000000000000000e+00,5.348990086630867058e-02
1.312635839268896064e-02,5.059089742567253467e-02,7.929584895167118537e-04,-2.888320323130772783e-04,7.696394702557772386e-05,6.799116997792494788e-01,2.000000000000000000e+00,5.226605195524371833e-02
-4.916463362743107163e-02,1.565085457144102868e-02,7.931613143526572039e-04,-8.936485553851636733e-05,-2.879265828323923550e-04,6.799116997792494788e-01,2.000000000000000000e+00,5.159564369727276389e-02
-4.606971537581860954e-02,-2.278369116223399188e-02,7.932216337793831281e-04,1.302129010542613346e-04,-2.718727190499097175e-04,6.799116997792494788e-01,2.000000000000000000e+00,5.139567353177694475e-02
5.308982079042919716e-02,-3.791989679471909026e-04,7.927128251492403807e-04,4.165438602061435319e-06,2.936626388281751818e-04,1.699779249448123697e-01,2.000000000000000000e+00,5.309117500505314974e-02
5.175364388767453999e-02,8.506004522160232756e-03,7.929035165116860365e-04,-5.143850903505583090e-05,2.988993479082930889e-04,6.799116997792494788e-01,2.000000000000000000e+00,5.244799108243558550e-02
5.029961679525119661e-02,9.936988369887137960e-05,7.935612457555398609e-04,-1.358898715826824775e-07,3.114453080318767362e-04,6.799116997792494788e-01,2.000000000000000000e+00,5.029971495071221960e-02
-2.980689027004884001e-02,4.082730148682457011e-02,7.934828355847596722e-04,-2.498302507640765349e-04,-1.815621495930403416e-04,6.799116997792494788e-01,2.000000000000000000e+00,5.055016571947909543e-02
-3.559583928964115546e-02,3.978900351954556269e-02,7.926245817579734114e-04,-2.161424532981814938e-04,-1.954418137873765440e-04,1.699779249448123697e-01,2.000000000000000000e+00,5.338753202586133534e-02
3.974494934061762602e-02,-3.555930347762262939e-02,7.926428825657616615e-04,1.942796905075823476e-04,2.247526840182032361e-04,1.699779249448123697e-01,2.000000000000000000e+00,5.333033903794280606e-02
4.569504133742760543e-02,-2.796936734579130723e-02,7.925697405089241658e-04,1.541384440513241471e-04,2.500555754838660228e-04,1.699779249448123697e-01,2.000000000000000000e+00,5.357538905647848959e-02
3.775871764413044063e-02,-3.522413965689579624e-02,7.931481563500790725e-04,2.053605985868255047e-04,2.207163681843922411e-04,6.799116997792494788e-01,2.000000000000000000e+00,5.163778435116737897e-02
3.293796867280247842e-02,4.147455748706472406e-02,7.927508338918497210e-04,-2.339631387268172069e-04,1.835883986623292139e-04,6.799116997792494788e-01,2.000000000000000000e+00,5.296271045781507369e-02
-4.522717464777418345e-02,2.786994752034816988e-02,7.927025682013142879e-04,-1.547734862347495432e-04,-2.501075206926355022e-04,1.699779249448123697e-01,2.000000000000000000e+00,5.312467695343877500e-02
-1.323941881206173489e-03,-5.119641600899316886e-02,7.932780175275481148e-04,3.082891475170332590e-04,-1.026661691316593707e-05,6.799116997792494788e-01,2.000000000000000000e+00,5.121353174963335503e-02
-1.938194651099763369e-02,4.669995301138706728e-02,7.934794110124691055e-04,-2.856249856510109522e-04,-1.168875303325894965e-04,6.799116997792494788e-01,2.000000000000000000e+00,5.056229288532051308e-02
-2.786589675287353546e-02,-4.594994414592002557e-02,7.925209556409967913e-04,2.465431004211897565e-04,-1.501634341578951873e-04,1.699779249448123697e-01,2.000000000000000000e+00,5.373923677216655564e-02
4.044273213579602927e-03,4.995398905824478819e-02,7.936170917151232768e-04,-3.083402614203162675e-04,2.808969967428967177e-05,6.799116997792494788e-01,2.000000000000000000e+00,5.011743377964715529e-02
-2.326741040516946621e-02,4.680842470045028236e-02,7.929566070705586873e-04,-2.740213834752621216e-04,-1.324375818699197931e-04,6.799116997792494788e-01,2.000000000000000000e+00,5.227237329508114400e-02
3.355387694352034156e-02,-4.033745850299437496e-02,7.928967718016250712e-04,2.280186181736679597e-04,1.883067869288063340e-04,6.799116997792494788e-01,2.000000000000000000e+00,5.246878325653930170e-02
-1.681882232405117119e-04,5.258545789249853553e-02,7.928633561355599409e-04,-3.007651177868372883e-04,-5.180655816363103575e-06,6.799116997792494788e-01,2.000000000000000000e+00,5.258572685664973656e-02
8.494531258536734686e-02,-5.251703160099190082e-02,7.827888914106876424e-04,8.238253707347954638e-05,1.351822172293152592e-04,6.799116997792494788e-01,2.000000000000000000e+00,9.986863741137830264e-02
2.979137921750532950e-02,-9.274655850122182077e-02,7.831796436431350504e-04,1.530554608162882355e-04,4.954548338960963164e-05,6.799116997792494788e-01,2.000000000000000000e+00,9.741381005536006721e-02
6.449644745044950944e-02,7.156525682287397105e-02,7.833538576045377113e-04,-1.209117509877552401e-04,1.095681207389451195e-04,1.699779249448123697e-01,2.000000000000000000e+00,9.633990719246361689e-02
-2.000464387511209727e-03,-9.719903173915100947e-02,7.832110578208499076e-04,1.624004571698604708e-04,-4.507662434051693521e-06,6.799116997792494788e-01,2.000000000000000000e+00,9.721961545281994355e-02
-8.448158390540821960e-02,4.746494089948539996e-02,7.832622116477774930e-04,-7.969228231290705576e-05,-1.411976857155143692e-04,1.699779249448123697e-01,2.000000000000000000e+00,9.690231490402162473e-02
9.770950199170343187e-02,9.482018817081733913e-03,7.830585452875517619e-04,-1.511247094891279553e-05,1.585724307154585510e-04,6.799116997792494788e-01,2.000000000000000000e+00,9.816850543995354894e-02
-9.514833284602919328e-02,-1.714086445982472562e-02,7.832985029143700682e-04,2.994665473401345962e-05,-1.582725915443044173e-04,1.699779249448123697e-01,2.000000000000000000e+00,9.667995902879168713e-02
6.748520747741576509e-02,7.190648166060527313e-02,7.829873302436200647e-04,-1.156343254481127656e-04,1.084287367495146532e-04,6.799116997792494788e-01,2.000000000000000000e+00,9.861437690862735750e-02
2.479403308559244290e-02,9.640119003720978852e-02,7.828410066141850516e-04,-1.527148805915950602e-04,3.919325499129929099e-05,6.799116997792494788e-01,2.000000000000000000e+00,9.953860315093682187e-02
-3.246817677323314555e-02,-9.206883962204118199e-02,7.831451406258521739e-04,1.527969266386972709e-04,-5.398089907529359291e-05,6.799116997792494788e-01,2.000000000000000000e+00,9.762609145268009991e-02
-4.346545117144088970e-03,9.679447377194937141e-02,7.832642342488976102e-04,-1.623316250177680520e-04,-6.181818623006147921e-06,1.699779249448123697e-01,2.000000000000000000e+00,9.689201518827010584e-02
7.606507447993716975e-02,-6.142117168937923782e-02,7.831226327854651139e-04,1.003096694637783091e-04,1.242452233608796379e-04,6.799116997792494788e-01,2.000000000000000000e+00,9.776735593916094369e-02
-5.464010749078887508e-02,-8.280666395488363307e-02,7.828929031989088775e-04,1.313035550386760304e-04,-8.725421779693132997e-05,6.799116997792494788e-01,2.000000000000000000e+00,9.920929866671765462e-02
4.867898675969607042e-02,-8.561376464309074230e-02,7.830078215637434206e-04,1.388045056247104436e-04,7.990631789899776548e-05,6.799116997792494788e-01,2.000000000000000000e+00,9.848533113267782246e-02
-7.241150203255562745e-02,-6.399274923711754937e-02,7.833057156563197777e-04,1.076374413467283555e-04,-1.212428950627880085e-04,1.699779249448123697e-01,2.000000000000000000e+00,9.663590213546628671e-02
6.675920541945223885e-02,-7.212910059336097301e-02,7.830403107788855201e-04,1.177059606520046122e-04,1.088034837497885805e-04,6.799116997792494788e-01,2.000000000000000000e+00,9.828223980274262972e-02
-6.327828704903286361e-02,7.486255715772383024e-02,7.830817562100482812e-04,-1.215280358355707229e-04,-1.034068114403349878e-04,6.799116997792494788e-01,2.000000000000000000e+00,9.802318131979428917e-02
-9.288225168937973286e-02,-2.962573189786277261e-02,7.831669987905110885e-04,4.974111539312127048e-05,-1.532449885561732253e-04,6.799116997792494788e-01,2.000000000000000000e+00,9.749254673754978451e-02
-9.618880424840253740e-02,-9.635753666282645749e-03,7.832999117851889050e-04,1.590592358891138548e-05,-1.626563364228580325e-04,1.699779249448123697e-01,2.000000000000000000e+00,9.667023229233899506e-02
8.222138620382450636e-02,-5.679562655891601253e-02,7.827788315852649828e-04,9.027194479606864093e-05,1.299870340543713028e-04,6.799116997792494788e-01,2.000000000000000000e+00,9.993047355786076336e-02
4.938097623598090846e-02,8.339747336217426255e-02,7.832592731422667424e-04,-1.401472828991500949e-04,8.362999820443808841e-05,1.699779249448123697e-01,2.000000000000000000e+00,9.692068601290994290e-02
-8.555075617939426891e-02,-4.568344705109597670e-02,7.832489473322756194e-04,7.595400058367690382e-05,-1.440710665579515975e-04,1.699779249448123697e-01,2.000000000000000000e+00,9.698406682201182738e-02
2.694897178503557773e-03,-9.676745211461666718e-02,7.832781232877516348e-04,1.616279103625771138e-04,4.358798243733904253e-06,1.699779249448123697e-01,2.000000000000000000e+00,9.680497022135452212e-02
-6.738578685381159394e-02,7.171362951424443966e-02,7.830204401613712669e-04,-1.172554336732610270e-04,-1.098122175368596042e-04,6.799116997792494788e-01,2.000000000000000000e+00,9.840573625563521498e-02
6.594620833741471344e-02,-7.239940037400700856e-02,7.830964509930860278e-04,1.177964148510146197e-04,1.078004060392168345e-04,6.799116997792494788e-01,2.000000000000000000e+00,9.793148405184858019e-02
-6.786770772651161410e-02,6.958229107758183429e-02,7.832143019008913978e-04,-1.158819361911954323e-04,-1.135536557695755386e-04,6.799116997792494788e-01,2.000000000000000000e+00,9.719938777408285158e-02
4.535985385539667569e-02,8.673277881268992573e-02,7.831053641394207423e-04,-1.427353889040950524e-04,7.380249073822610644e-05,6.799116997792494788e-01,2.000000000000000000e+00,9.787794063196231242e-02
-8.533304746649614247e-02,-4.977954885167213545e-02,7.829589806842818765e-04,8.008159094197224393e-05,-1.358875136242880478e-04,6.799116997792494788e-01,2.000000000000000000e+00,9.879135829512264433e-02
-8.544982394863383235e-02,4.658008229289904018e-02,7.831944443292452413e-04,-7.717584333952426465e-05,-1.407425547219942662e-04,6.799116997792494788e-01,2.000000000000000000e+00,9.732099711401318021e-02
9.923394915361295754e-02,9.499973966838132222e-03,7.828172542083185626e-04,-1.545298513796250205e-05,1.575966611241830413e-04,6.799116997792494788e-01,2.000000000000000000e+00,9.968764301553349749e-02
8.818496549143325924e-02,4.138751066530541034e-02,7.831792845004913661e-04,-6.897469164091143436e-05,1.467052309473531593e-04,6.799116997792494788e-01,2.000000000000000000e+00,9.741413746369693982e-02
3.270016393526336412e-02,9.132693554006678094e-02,7.832454024720715254e-04,-1.513593171415926356e-04,5.358724605043205030e-05,6.799116997792494788e-01,2.000000000000000000e+00,9.700468997183904485e-02
1.209526311958830300e-02,-9.909727224189640582e-02,7.827942140745784445e-04,1.572403502806878431e-04,1.951295742884882393e-05,6.799116997792494788e-01,2.000000000000000000e+00,9.983268380503754202e-02
7.731715002884012589e-02,-6.231085574934325244e-02,7.828786357589511075e-04,9.846948925924190734e-05,1.231817425783540709e-04,6.799116997792494788e-01,2.000000000000000000e+00,9.930047549129679407e-02
-9.356918998988053571e-02,-2.759342355631363639e-02,7.831568236179246422e-04,4.568819161529992132e-05,-1.557128999303162913e-04,6.799116997792494788e-01,2.000000000000000000e+00,9.755301296690166435e-02
7.833612648001901657e-02,6.121074271914225123e-02,7.828605716896957145e-04,-9.669519417100737909e-05,1.245645003633969513e-04,6.799116997792494788e-01,2.000000000000000000e+00,9.941480642300000448e-02
-9.592570883292869666e-02,-2.107452813257100488e-02,7.830513745603805359e-04,3.466046345962333676e-05,-1.565676883607048156e-04,6.799116997792494788e-01,2.000000000000000000e+00,9.821342754995542046e-02
6.009213086121151237e-02,-7.686472837597867203e-02,7.831549840823108554e-04,1.270979536616204369e-04,1.003881395140964578e-04,6.799116997792494788e-01,2.000000000000000000e+00,9.756664727125735626e-02
-3.262719075260706709e-04,-9.940753333639580636e-02,7.828615192979773794e-04,1.576458111995043647e-04,-6.133842793084362099e-07,6.799116997792494788e-01,2.000000000000000000e+00,9.940806877404008424e-02
-2.530275545795945824e-02,9.579864054404402252e-02,7.829126644078455554e-04,-1.524102633993180760e-04,-4.046141548541414446e-05,6.799116997792494788e-01,2.000000000000000000e+00,9.908384814818332886e-02
6.933787573371189006e-02,6.837791127101273958e-02,7.831847821083497922e-04,-1.123138132728389727e-04,1.152095114615830749e-04,6.799116997792494788e-01,2.000000000000000000e+00,9.738213265815327813e-02
7.996957122423219155e-02,-5.757957655194721747e-02,7.829987162201824729e-04,9.415425542745637386e-05,1.296523064487350790e-04,6.799116997792494788e-01,2.000000000000000000e+00,9.854207201844852881e-02
5.940882670208102317e-02,-7.750162527402830459e-02,7.831412328599633016e-04,1.269441069252943662e-04,9.781170407475509769e-05,6.799116997792494788e-01,2.000000000000000000e+00,9.765198723136052361e-02
9.082377850348277715e-02,3.187284023091480067e-02,7.833679302031086415e-04,-5.510936682218722620e-05,1.541561263061434338e-04,1.699779249448123697e-01,2.000000000000000000e+00,9.625402166161745043e-02
4.459262808122448074e-02,-8.934985323860385187e-02,7.827901981136752094e-04,1.414179235115513213e-04,7.155188716863288879e-05,6.799116997792494788e-01,2.000000000000000000e+00,9.985939491580378413e-02
8.054964306381058592e-02,5.639423853083296023e-02,7.830329933620767523e-04,-9.158247368381885870e-05,1.309757263596620595e-04,6.799116997792494788e-01,2.000000000000000000e+00,9.832881132801196689e-02
9.082583179407077711e-02,3.814629418088899548e-02,7.830037914348241413e-04,-6.227733676496906073e-05,1.471522501046713244e-04,6.799116997792494788e-01,2.000000000000000000e+00,9.851127590697301983e-02
5.321354349940432028e-03,-9.837290415540717037e-02,7.830029251531785486e-04,1.597925566325973461e-04,8.822052393660817187e-06,6.799116997792494788e-01,2.000000000000000000e+00,9.851672489525094278e-02
-9.578453754171815937e-02,-2.224011144257454289e-02,7.830323436723363780e-04,3.655845029489650157e-05,-1.556255688184703275e-04,6.799116997792494788e-01,2.000000000000000000e+00,9.833259982863745696e-02
-8.365436322346515852e-02,4.979424759586863203e-02,7.831895332695251082e-04,-8.320651542267622170e-05,-1.386622996438869682e-04,6.799116997792494788e-01,2.000000000000000000e+00,9.735255302231220209e-02
8.221798419808726277e-02,-5.673874213794376231e-02,7.827844088692103176e-04,9.027194479606864093e-05,1.299870340543713028e-04,6.799116997792494788e-01,2.000000000000000000e+00,9.989535417121760130e-02
5.246668185475351909e-02,-8.347945184327805468e-02,7.829899000819892955e-04,1.343761266345307854e-04,8.377682164536230842e-05,6.799116997792494788e-01,2.000000000000000000e+00,9.859803032972870585e-02
9.237760910401335290e-02,3.498851256613182137e-02,7.829603992307659303e-04,-5.582285985036870358e-05,1.476178001360553462e-04,6.799116997792494788e-01,2.000000000000000000e+00,9.878167175829864755e-02
-7.304651388255919975e-02,-6.529141096152883683e-02,7.830897871827542525e-04,1.060086504200488937e-04,-1.194074725905265306e-04,6.799116997792494788e-01,2.000000000000000000e+00,9.797326949603224477e-02
1.357507114988137226e-02,-9.639309071163822129e-02,7.831912738112969084e-04,1.592884086074033349e-04,2.118821164139027301e-05,6.799116997792494788e-01,2.000000000000000000e+00,9.734428844912502987e-02
-9.168051094400862799e-02,-3.010154881111428912e-02,7.833288091187633282e-04,5.192722788883149599e-05,-1.539706446550226598e-04,1.699779249448123697e-01,2.000000000000000000e+00,9.649569590288668841e-02
9.702399425883412309e-02,-1.039973876324785940e-02,7.831527489222042671e-04,1.759223171285357600e-05,1.588274424359581796e-04,6.799116997792494788e-01,2.000000000000000000e+00,9.757976239099006022e-02
-3.790566160444949068e-02,-8.920100905628379484e-02,7.832589676937050079e-04,1.504764781241599476e-04,-6.366814870747930131e-05,1.699779249448123697e-01,2.000000000000000000e+00,9.692089144415801105e-02
7.835159396337747217e-02,6.010279357131963207e-02,7.829657783483394981e-04,-9.669519417100737909e-05,1.245645003633969513e-04,6.799116997792494788e-01,2.000000000000000000e+00,9.874876238049078159e-02
3.177454300185549030e-02,9.434687499284308276e-02,7.828384281438906765e-04,-1.494212860427700956e-04,5.018868655976844301e-05,6.799116997792494788e-01,2.000000000000000000e+00,9.955377644214168098e-02
4.489678902256508120e-02,-8.643581134517303033e-02,7.831819971343533665e-04,1.428436699901946996e-04,7.375149266287518246e-05,6.799116997792494788e-01,2.000000000000000000e+00,9.740057057037737609e-02
9.749407638496453143e-02,-1.987050660073872051e-03,7.831634553053005380e-04,3.575807674193414278e-06,1.618898438982527591e-04,6.799116997792494788e-01,2.000000000000000000e+00,9.751432356573570825e-02
8.051586214812685161e-02,5.722416278263236372e-02,7.829608572562398155e-04,-9.227578887930207232e-05,1.309899006114063360e-04,6.799116997792494788e-01,2.000000000000000000e+00,9.877959740568582891e-02
7.821028754096560898e-02,5.707072687386207516e-02,7.832757526637295709e-04,-9.412930250147545381e-05,1.308846386169937618e-04,1.699779249448123697e-01,2.000000000000000000e+00,9.681899061212879964e-02
8.379576719951400271e-03,-9.938738869495122863e-02,7.828091465409800671e-04,1.576681378615944773e-04,1.231522083464183099e-05,6.799116997792494788e-01,2.000000000000000000e+00,9.974001372371507634e-02
8.975796500186948579e-02,3.841013800882758095e-02,7.831444989451827451e-04,-6.227733676496906073e-05,1.471522501046713244e-04,6.799116997792494788e-01,2.000000000000000000e+00,9.763109639420222696e-02
8.780763590303532207e-02,4.035291863462578399e-02,7.833058501034034522e-04,-6.689382290463074718e-05,1.483434704512653186e-04,1.699779249448123697e-01,2.000000000000000000e+00,9.663611625687751339e-02
7.421325081720216155e-02,-6.232986771621328026e-02,7.832601460107397728e-04,1.041259213220321715e-04,1.251369251682502536e-04,1.699779249448123697e-01,2.000000000000000000e+00,9.691552510499854001e-02
3.109313431305084710e-02,-9.478249994195868389e-02,7.828069775046512645e-04,1.504064209304100037e-04,4.950644783981732373e-05,6.799116997792494788e-01,2.000000000000000000e+00,9.975221950742158006e-02
7.149860987143874524e-02,-6.583217779166576633e-02,7.832154406322420397e-04,1.111919141289713711e-04,1.192657256480026957e-04,6.799116997792494788e-01,2.000000000000000000e+00,9.719015817633845644e-02
-5.778545095516265939e-02,-8.007679184684350637e-02,7.829659867550183483e-04,1.284884942114288681e-04,-9.296085252052054514e-05,6.799116997792494788e-01,2.000000000000000000e+00,9.874943511015246700e-02
-4.262589291368744371e-02,8.695989647179462601e-02,7.832715104239284815e-04,-1.447501929536957948e-04,-7.110922821432200569e-05,1.699779249448123697e-01,2.000000000000000000e+00,9.684518749568503393e-02
8.066497861671292902e-02,-5.385230204082403632e-02,7.832481181428974353e-04,8.987111149952054781e-05,1.346482259705332626e-04,1.699779249448123697e-01,2.000000000000000000e+00,9.698922213488926636e-02
-3.000371357595093755e-02,9.492578169701441915e-02,7.828384984367852285e-04,-1.505074787694800896e-04,-4.712551729814059599e-05,6.799116997792494788e-01,2.000000000000000000e+00,9.955464257952484353e-02
-1.545193119809174127e-02,9.557323640647523433e-02,7.832765161520105230e-04,-1.597456065680398648e-04,-2.576832047765477415e-05,1.699779249448123697e-01,2.000000000000000000e+00,9.681428456048499220e-02
7.280962793055024973e-02,-6.306044592425633089e-02,7.833568684032323794e-04,1.063818347047676633e-04,1.241690683222360894e-04,1.699779249448123697e-01,2.000000000000000000e+00,9.632165779071298617e-02
-4.132963543009583046e-02,-8.902134589865341729e-02,7.830617992112894228e-04,1.448883244590061839e-04,-6.814776865795344580e-05,6.799116997792494788e-01,2.000000000000000000e+00,9.814753583454008390e-02
7.887217099951332466e-02,-6.064780407157940867e-02,7.828480197054453341e-04,9.615570106263340508e-05,1.258654367479631957e-04,6.799116997792494788e-01,2.000000000000000000e+00,9.949359525557992245e-02
5.433907612612329241e-02,8.093970801914916746e-02,7.831678587863658914e-04,-1.326681560181696676e-04,9.055045402903742172e-05,6.799116997792494788e-01,2.000000000000000000e+00,9.748831483037206924e-02
9.242580974963068852e-02,-2.856311626232606316e-02,7.832890406934364148e-04,4.836297433776768934e-05,1.544660315255229907e-04,1.699779249448123697e-01,2.000000000000000000e+00,9.673873018853453021e-02
-7.589202326779768970e-02,-6.501787281824053522e-02,7.827781740874452301e-04,1.026920312507818411e-04,-1.207778690978895611e-04,6.799116997792494788e-01,2.000000000000000000e+00,9.993459351740441310e-02
-4.866417427870847745e-02,-8.598777798836636233e-02,7.829569266392409415e-04,1.390884180543460174e-04,-7.832922896973511446e-05,6.799116997792494788e-01,2.000000000000000000e+00,9.880333912173765165e-02
8.529969630779925260e-02,-5.112806890283215500e-02,7.828550067604787312e-04,8.103713302156475477e-05,1.351021163539370732e-04,6.799116997792494788e-01,2.000000000000000000e+00,9.944907048301424024e-02
-7.254903196267512011e-02,6.748501467754190741e-02,7.829127858596202994e-04,-1.078492239469865284e-04,-1.158743905313277172e-04,6.799116997792494788e-01,2.000000000000000000e+00,9.908374864098200285e-02
-1.878821331759522942e-02,-9.708206940461050483e-02,7.829445048767383342e-04,1.554389770391285963e-04,-2.995579245931516936e-05,6.799116997792494788e-01,2.000000000000000000e+00,9.888339172757512618e-02
-6.212088603401572789e-02,-7.541931535629126104e-02,7.831319324523484688e-04,1.245901255230043422e-04,-1.035898639696296579e-04,6.799116997792494788e-01,2.000000000000000000e+00,9.770914803877311927e-02
2.290722446778375651e-02,-9.475239060015358539e-02,7.831685474749388578e-04,1.555352832302598503e-04,3.821449426744610118e-05,6.799116997792494788e-01,2.000000000000000000e+00,9.748208274991616851e-02
7.892271477524973045e-02,-5.969006864488845404e-02,7.829333463914207349e-04,9.474382719707002108e-05,1.260481732702369137e-04,6.799116997792494788e-01,2.000000000000000000e+00,9.895301512499210528e-02
-4.209751779694297091e-02,-8.955064187629947769e-02,7.829333300691710849e-04,1.425645610037742776e-04,-6.718530659936928031e-05,6.799116997792494788e-01,2.000000000000000000e+00,9.895210187318494166e-02
9.093841313720871233e-02,4.115630129106245122e-02,7.827966206776825267e-04,-6.566008549168845404e-05,1.441099214659194222e-04,6.799116997792494788e-01,2.000000000000000000e+00,9.981801500668285865e-02
4.013185936775272994e-02,8.984427882181185432e-02,7.830215109125297952e-04,-1.467282368850449407e-04,6.504884946385981303e-05,6.799116997792494788e-01,2.000000000000000000e+00,9.840000291323447446e-02
9.332730534263740385e-02,-2.776507323293631035e-02,7.831862198202316303e-04,4.598798456408803245e-05,1.529418863291665800e-04,6.799116997792494788e-01,2.000000000000000000e+00,9.736983729137166366e-02
9.620662329307771987e-02,-1.919923762836781012e-02,7.830689045191864843e-04,3.124891865690551364e-05,1.571362943511253911e-04,6.799116997792494788e-01,2.000000000000000000e+00,9.810364463651032041e-02
9.650946486093076038e-02,-2.004097532504909435e-02,7.829948092977763278e-04,3.319159480923420302e-05,1.560995894821875477e-04,6.799116997792494788e-01,2.000000000000000000e+00,9.856833923589489177e-02
9.526336733925439004e-02,2.242765695581728017e-02,7.831068261017247803e-04,-3.795608971404847360e-05,1.551360157858239555e-04,6.799116997792494788e-01,2.000000000000000000e+00,9.786781367406517662e-02
-7.337070075662265045e-02,6.680589261159444736e-02,7.828900553766668553e-04,-1.068399945812773872e-04,-1.159859744989913166e-04,6.799116997792494788e-01,2.000000000000000000e+00,9.922845870590632500e-02
5.980240279045465068e-03,-9.827786119151002420e-02,7.830122995851814547e-04,1.597925566325973461e-04,8.822052393660817187e-06,6.799116997792494788e-01,2.000000000000000000e+00,9.845964287043107444e-02
1.745767063750090341e-03,-9.627023892653109594e-02,7.833625794709388017e-04,1.637982339294303440e-04,1.981616692659619069e-06,1.699779249448123697e-01,2.000000000000000000e+00,9.628606651853766074e-02
8.441337074346987046e-02,5.057481459258601070e-02,7.830207389650518501e-04,-8.232537456641199412e-05,1.373792651820371640e-04,6.799116997792494788e-01,2.000000000000000000e+00,9.840441571062218118e-02
-7.620693367858390188e-02,-6.263272733046539031e-02,7.829828802703199531e-04,1.009608301679643696e-04,-1.243818705350653261e-04,6.799116997792494788e-01,2.000000000000000000e+00,9.864256319431542741e-02
6.214815481091546384e-02,7.794385423239909294e-02,7.828174591252475825e-04,-1.234220204416134746e-04,9.955454095577360020e-05,6.799116997792494788e-01,2.000000000000000000e+00,9.968770013899905247e-02
-9.772986788871740327e-02,4.172374430902487698e-03,7.831141582870616369e-04,-7.216164090411235779e-06,-1.591950374567866649e-04,6.799116997792494788e-01,2.000000000000000000e+00,9.781889278630077900e-02
6.373918361240861995e-03,9.821511057994028460e-02,7.830181693693297760e-04,-1.596020397299405095e-04,1.039644850363922990e-05,6.799116997792494788e-01,2.000000000000000000e+00,9.842171905380266150e-02
9.263010291675687069e-02,3.214490566973549068e-02,7.830775875582781514e-04,-5.222284967132555570e-05,1.508298969193723796e-04,6.799116997792494788e-01,2.000000000000000000e+00,9.804912506945262507e-02
8.610145721538527142e-02,4.734836277613378025e-02,7.830438150115701448e-04,-7.752553383926516582e-05,1.396451355129772049e-04,6.799116997792494788e-01,2.000000000000000000e+00,9.826153058136836982e-02
8.177236885957801793e-02,-5.125303678080937037e-02,7.833264688821666962e-04,8.625150108464485813e-05,1.383909214058230675e-04,1.699779249448123697e-01,2.000000000000000000e+00,9.650696393609055346e-02
-3.350668860988723682e-03,-9.956495467439067937e-02,7.828280135185743420e-04,1.582242568492175352e-04,-6.411671343684152615e-06,6.799116997792494788e-01,2.000000000000000000e+00,9.962131890880319973e-02
9.066434799681789836e-02,-4.140102734774215448e-02,7.828200536322070090e-04,6.562244810214012698e-05,1.442212202813862717e-04,6.799116997792494788e-01,2.000000000000000000e+00,9.966980015599805065e-02
-9.658020267480235677e-02,1.842999076102508696e-02,7.830335891702716340e-04,-2.968748997457255467e-05,-1.569348748008704813e-04,6.799116997792494788e-01,2.000000000000000000e+00,9.832293785357193450e-02
-8.411604422586407837e-02,5.097198904802764663e-02,7.830288415891814395e-04,-8.282246479604179774e-05,-1.369294859182527816e-04,6.799116997792494788e-01,2.000000000000000000e+00,9.835472822248950142e-02
-6.074523764326244385e-02,7.494288657180850355e-02,7.833326794834170968e-04,-1.255722031383745669e-04,-1.025219098395377523e-04,1.699779249448123697e-01,2.000000000000000000e+00,9.646978876338117848e-02
-7.335553973551213469e-02,-6.575014436411348584e-02,7.830041244565593295e-04,1.063109177518320534e-04,-1.194165700054813288e-04,6.799116997792494788e-01,2.000000000000000000e+00,9.850947514726725307e-02
-5.830367521144984300e-02,7.861661938559130758e-02,7.831050447943297896e-04,-1.286107006192268361e-04,-9.440272325742115234e-05,6.799116997792494788e-01,2.000000000000000000e+00,9.787691958159064343e-02
-2.316179015937607812e-03,-9.889645897205276426e-02,7.829380841134172446e-04,1.585287565857786303e-04,-3.902088332701820908e-06,6.799116997792494788e-01,2.000000000000000000e+00,9.892357799051137990e-02
3.055656431053240321e-02,-9.146059189564023639e-02,7.833391930728613849e-04,1.552691660208337522e-04,5.325695389246782837e-05,1.699779249448123697e-01,2.000000000000000000e+00,9.642999270125740541e-02
7.032462572239307763e-02,-6.958217017883468192e-02,7.829367973345882463e-04,1.109402161471324241e-04,1.120668090126652165e-04,6.799116997792494788e-01,2.000000000000000000e+00,9.893043712523957867e-02
4.401516150252775782e-03,9.724106680470849529e-02,7.831916742607591270e-04,-1.608041705707031110e-04,6.018845655536057501e-06,6.799116997792494788e-01,2.000000000000000000e+00,9.734063086778672880e-02
-9.729073200901763863e-02,-1.667903905342687371e-02,7.829719005022522287e-04,2.726992669512384845e-05,-1.568878637048788617e-04,6.799116997792494788e-01,2.000000000000000000e+00,9.871006472795075537e-02
1.637847253826295313e-02,9.724882337194169779e-02,7.829868691896592131e-04,-1.577692462091241741e-04,2.802906153969659587e-05,6.799116997792494788e-01,2.000000000000000000e+00,9.861839590012477785e-02
9.442214740824537988e-02,2.270378227025804385e-02,7.832282218449697657e-04,-3.746702237662464065e-05,1.571023178783827700e-04,6.799116997792494788e-01,2.000000000000000000e+00,9.711335464579370913e-02
-2.564518708958828802e-02,-9.450149347041326975e-02,7.830984629039549434e-04,1.538557962624090053e-04,-4.221565118872487902e-05,6.799116997792494788e-01,2.000000000000000000e+00,9.791939485617008609e-02
-9.472334434231884093e-02,-3.010854316433103986e-02,7.828638675143105661e-04,4.773469580429016230e-05,-1.502379731723563444e-04,6.799116997792494788e-01,2.000000000000000000e+00,9.939334150169160109e-02
-1.607036564410629226e-02,-9.721874014901100980e-02,7.829994646403768896e-04,1.579044304912207938e-04,-2.613057720023432705e-05,6.799116997792494788e-01,2.000000000000000000e+00,9.853801341663123714e-02
8.225140763416512180e-02,5.049114313358208511e-02,7.833257475871794164e-04,-8.404134176478632930e-05,1.387256972769513447e-04,1.699779249448123697e-01,2.000000000000000000e+00,9.651243232214941348e-02
9.788993832378983795e-02,-2.752396075535117493e-03,7.830969410247397375e-04,3.679205066660897269e-06,1.593347035758663395e-04,6.799116997792494788e-01,2.000000000000000000e+00,9.792862558614819080e-02
9.737320767077772832e-02,-3.459079301279473911e-03,7.831763904821474956e-04,5.744430058659332974e-06,1.617600190643127061e-04,6.799116997792494788e-01,2.000000000000000000e+00,9.743462835003244282e-02
-9.629617920993323310e-02,2.152485710892267090e-02,7.829779379067983635e-04,-3.418737652803459815e-05,-1.557656835108605243e-04,6.799116997792494788e-01,2.000000000000000000e+00,9.867255750202846842e-02
6.567691888887318419e-02,-7.350432275397193738e-02,7.829939086826719161e-04,1.194664802590040311e-04,1.070881478799712777e-04,6.799116997792494788e-01,2.000000000000000000e+00,9.857151281306229806e-02
3.890005388778042077e-03,9.621113610542927908e-02,7.833617486861565787e-04,-1.633063483762897824e-04,6.333546468077544183e-06,1.699779249448123697e-01,2.000000000000000000e+00,9.628974427540121228e-02
-7.690979592417536599e-03,-9.824529115798760759e-02,7.829979912243644272e-04,1.592637747982484915e-04,-1.277527207411673091e-05,6.799116997792494788e-01,2.000000000000000000e+00,9.854586953195319798e-02
7.185156821364460655e-02,-6.813382454972362334e-02,7.829229041807398521e-04,1.091481675124405702e-04,1.151006325001833244e-04,6.799116997792494788e-01,2.000000000000000000e+00,9.901952283531033350e-02
3.918447848596227912e-02,-9.107346698478703539e-02,7.829030843210293749e-04,1.450672422669319647e-04,6.145278588727164841e-05,6.799116997792494788e-01,2.000000000000000000e+00,9.914534655164575216e-02
3.651254195762834026e-02,-8.929893201844171791e-02,7.833317173934036459e-04,1.514945927123841746e-04,6.163963788182288050e-05,1.699779249448123697e-01,2.000000000000000000e+00,9.647520396372243068e-02
-9.478742564773705304e-02,2.242498716484239360e-02,7.831811849328245692e-04,-3.645447883557754613e-05,-1.565321615653292016e-04,6.799116997792494788e-01,2.000000000000000000e+00,9.740398405747387189e-02
4.165576079460792114e-02,-8.853751236151442827e-02,7.831101421798471619e-04,1.450223583635090827e-04,6.742454338899453686e-05,6.799116997792494788e-01,2.000000000000000000e+00,9.784729685864047843e-02
-3.528461802864616553e-02,-9.028487674124843765e-02,7.832571130405525982e-04,1.518445853403089835e-04,-5.876713256921113740e-05,1.699779249448123697e-01,2.000000000000000000e+00,9.693484016394665614e-02
6.587318594949684303e-02,7.234928954563984993e-02,7.831105551434163186e-04,-1.183055428904409759e-04,1.083426452662840091e-04,6.799116997792494788e-01,2.000000000000000000e+00,9.784526725854357510e-02
7.272803389324504486e-02,6.345898263738598832e-02,7.833243369853129827e-04,-1.075031829173699754e-04,1.217638115588005692e-04,1.699779249448123697e-01,2.000000000000000000e+00,9.652154884454069994e-02
1.327497200446049047e-02,-9.576616552953054473e-02,7.832979214344656937e-04,1.613160403530418158e-04,2.245854774912212234e-05,1.699779249448123697e-01,2.000000000000000000e+00,9.668186666561963405e-02
-6.963936811328377829e-02,-7.004668762645910318e-02,7.829616515864985023e-04,1.136905432767003913e-04,-1.130880430065206796e-04,6.799116997792494788e-01,2.000000000000000000e+00,9.877337717551316898e-02
-9.652884986045005833e-02,-1.181018882161891104e-02,7.832063209144598777e-04,1.841700309422218142e-05,-1.591293689706875134e-04,6.799116997792494788e-01,2.000000000000000000e+00,9.724864737045756102e-02
8.260701025026853661e-02,-5.443982535022878072e-02,7.829365537537857998e-04,8.702239591893058289e-05,1.315502198754275702e-04,6.799116997792494788e-01,2.000000000000000000e+00,9.893236440443230195e-02
-5.188118203148408408e-02,-8.128843902973600932e-02,7.833380919868078874e-04,1.358615119006535178e-04,-8.713388834430327702e-05,1.699779249448123697e-01,2.000000000000000000e+00,9.643374600665005625e-02
-7.816607930207040977e-02,5.973475381540951923e-02,7.830249644109595151e-04,-9.721508527453882398e-05,-1.273725766911825460e-04,6.799116997792494788e-01,2.000000000000000000e+00,9.837772495257826599e-02
-8.378887900596278249e-02,5.031468968356655330e-02,7.831276650941104266e-04,-8.178090648237088900e-05,-1.369466989160229701e-04,6.799116997792494788e-01,2.000000000000000000e+00,9.773507171445401653e-02
-7.832947875788598413e-02,-6.095142635998149899e-02,7.828865201855434016e-04,9.710537943638390993e-05,-1.250906982668406804e-04,6.799116997792494788e-01,2.000000000000000000e+00,9.925010638683648412e-02
6.400171960162398879e-03,-9.899514962491269554e-02,7.828940707522202879e-04,1.579866189729596266e-04,1.017295597502652644e-05,6.799116997792494788e-01,2.000000000000000000e+00,9.920182382586774372e-02
-8.979877665494731542e-02,-3.842695184547909731e-02,7.831376498725661816e-04,6.353333681052475879e-05,-1.467342676306077878e-04,6.799116997792494788e-01,2.000000000000000000e+00,9.767523184953225135e-02
-9.845258383676415426e-02,-5.424925635741217195e-03,7.829891442471504596e-04,8.434120520190904459e-06,-1.599827311005620897e-04,6.799116997792494788e-01,2.000000000000000000e+00,9.860193244702862569e-02
-1.404571291544868573e-02,-9.609496443514958797e-02,7.832275460673643417e-04,1.606530531830897357e-04,-2.380308045902496667e-05,6.799116997792494788e-01,2.000000000000000000e+00,9.711603493293918810e-02
-2.730780289691536744e-02,-9.458059814431611645e-02,7.830146506539628452e-04,1.534950902856876650e-04,-4.435820018760688627e-05,6.799116997792494788e-01,2.000000000000000000e+00,9.844392131763846088e-02
4.670251187008823968e-02,-8.451475385458433187e-02,7.833176358338731372e-04,1.430044720172953551e-04,7.892899532839015627e-05,1.699779249448123697e-01,2.000000000000000000e+00,9.656017933950158949e-02
9.043322419610226592e-02,3.749314661573444063e-02,7.831021316196586785e-04,-6.113813708334034879e-05,1.484281050368498869e-04,6.799116997792494788e-01,2.000000000000000000e+00,9.789741611325324111e-02
3.016005812823476483e-03,-9.689913497247751306e-02,7.832554400148537170e-04,1.616279103625771138e-04,4.358798243733904253e-06,1.699779249448123697e-01,2.000000000000000000e+00,9.694606051551243886e-02
-9.919803158758749850e-02,-8.598043392298743495e-03,7.828360064423625642e-04,1.424119864603439682e-05,-1.578039140066038622e-04,6.799116997792494788e-01,2.000000000000000000e+00,9.956995440908798789e-02
8.734728192623558707e-02,4.429372446434332727e-02,7.830955817138437981e-04,-7.234147525311384469e-05,1.432915965656449543e-04,6.799116997792494788e-01,2.000000000000000000e+00,9.793611022919201936e-02
-4.248534255843891549e-02,-8.884723243587591690e-02,7.830086353671579426e-04,1.445339934475469573e-04,-6.761661186157751514e-05,6.799116997792494788e-01,2.000000000000000000e+00,9.848266367144251077e-02
-2.037180172083077195e-02,-9.546868969864484578e-02,7.831470213485388103e-04,1.571065108956237494e-04,-3.459774686030216726e-05,6.799116997792494788e-01,2.000000000000000000e+00,9.761803633616576714e-02
-9.627688168780737521e-02,-1.439860765209313893e-02,7.831899882251540509e-04,2.365404409625204810e-05,-1.609359219229435751e-04,6.799116997792494788e-01,2.000000000000000000e+00,9.734761347792238173e-02
2.636461268414348399e-02,-9.337186927444235396e-02,7.832429905276959642e-04,1.557400650429269055e-04,4.327506981821764223e-05,6.799116997792494788e-01,2.000000000000000000e+00,9.702267144223793160e-02
3.619271926919470726e-03,-1.010757597310731337e-01,6.046091584678454922e-04,1.562674637597118166e-01,6.421951989330626498e-03,2.039735099337748547e+00,3.000000000000000000e+00,1.011405375430376730e-01
-5.661501423687171491e-02,8.336072164442821786e-02,6.626773810460462495e-04,-1.288657004314066601e-01,-8.742175149231611042e-02,2.039735099337748547e+00,3.000000000000000000e+00,1.007683965840532325e-01
5.414933815314085241e-02,8.564947081311111154e-02,5.748121814624783561e-04,-1.297209996659565989e-01,8.245804169295689601e-02,2.039735099337748547e+00,3.000000000000000000e+00,1.013310548301416258e-01
-5.119218661775364054e-02,-8.770783466377039816e-02,5.403750339382408377e-04,1.327898935571900085e-01,-7.756248232808690690e-02,2.039735099337748547e+00,3.000000000000000000e+00,1.015544397459520187e-01
-1.026227216295367700e-01,-5.601602568409296858e-04,3.756162393137988699e-04,1.647742935325666527e-04,-1.519006053638069231e-01,2.039735099337748547e+00,3.000000000000000000e+00,1.026242504195121474e-01
-1.000609089713131172e-01,-2.517627010617889960e-02,2.912839778176361965e-04,3.691290470980285870e-02,-1.481169970163410399e-01,2.039735099337748547e+00,3.000000000000000000e+00,1.031796010877377295e-01
4.800321435951909049e-02,-9.081034066306924168e-02,3.614819470394451057e-04,1.345422561948934337e-01,7.074496687337585021e-02,2.039735099337748547e+00,3.000000000000000000e+00,1.027172164741073368e-01
-5.207933613191293581e-02,8.614336964578932221e-02,6.791465703134514590e-04,-1.338890644358264881e-01,-8.086290187676437036e-02,2.039735099337748547e+00,3.000000000000000000e+00,1.006624924481401284e-01
-5.045834371150428183e-02,-8.794184614802302846e-02,5.661101609299734345e-04,1.339644840412498317e-01,-7.695458978437293152e-02,2.039735099337748547e+00,3.000000000000000000e+00,1.013894114492773779e-01
-6.709326946147003978e-02,7.496353238564396060e-02,6.883785574325304883e-04,-1.159340425219236859e-01,-1.039685377003617545e-01,2.039735099337748547e+00,3.000000000000000000e+00,1.006033696988471587e-01
9.891572793131170327e-02,2.720990596839803835e-02,3.810873149707144462e-04,-3.951433366447271861e-02,1.467343888118789186e-01,2.039735099337748547e+00,3.000000000000000000e+00,1.025899615702742240e-01
-7.271726238219854144e-02,7.001298874048408893e-02,6.354178802770824464e-04,-1.078102821967344832e-01,-1.123503743260471366e-01,2.039735099337748547e+00,3.000000000000000000e+00,1.009436419034733384e-01
9.700259743219941111e-02,-3.149483377128761002e-02,4.737894959994073583e-04,4.763331008857192572e-02,1.462338668094395611e-01,2.039735099337748547e+00,3.000000000000000000e+00,1.019873936468344983e-01
-1.024116763276397418e-01,1.080999747881994030e-02,3.215157016008230936e-04,-1.601900288725367077e-02,-1.510988652360517881e-01,2.039735099337748547e+00,3.000000000000000000e+00,1.029806170778236329e-01
7.972337972739852729e-02,6.447342298317215725e-02,3.898166068231882385e-04,-9.568234908744631395e-02,1.180774968948653386e-01,2.039735099337748547e+00,3.000000000000000000e+00,1.025311637811939097e-01
-3.851014568422041900e-02,-9.351441103196457549e-02,6.055778054239002554e-04,1.444232797808607249e-01,-6.002552451170508480e-02,2.039735099337748547e+00,3.000000000000000000e+00,1.011334583175869523e-01
9.859485508270829368e-02,-2.309514161474688146e-02,5.853395940636399019e-04,3.430646476916853621e-02,1.499422700110974727e-01,2.039735099337748547e+00,3.000000000000000000e+00,1.012636707560291005e-01
8.579859612553111803e-02,-5.601617677111981469e-02,3.998453777900495875e-04,8.439328311407034988e-02,1.294174268588806354e-01,2.039735099337748547e+00,3.000000000000000000e+00,1.024656584283990535e-01
-9.182006762701182268e-02,-4.459711753254545080e-02,4.598392984146611184e-04,6.715637267402022048e-02,-1.391410365763466328e-01,2.039735099337748547e+00,3.000000000000000000e+00,1.020775573338267989e-01
-7.153940210089085316e-02,7.039719180577634627e-02,7.251390382022001625e-04,-1.094861596024970518e-01,-1.107245357210144832e-01,2.039735099337748547e+00,3.000000000000000000e+00,1.003675777683820103e-01
-9.029662078340111586e-02,-5.014284072824493760e-02,2.752875799913726191e-04,7.405731557700631629e-02,-1.327094270061521253e-01,2.039735099337748547e+00,3.000000000000000000e+00,1.032849659979586943e-01
4.103167792765380351e-02,-9.331704011610097993e-02,4.811895493888245032e-04,1.406824344516832692e-01,6.214350769430494054e-02,2.039735099337748547e+00,3.000000000000000000e+00,1.019395338894028558e-01
6.549267104508048332e-02,-7.792552501626054395e-02,5.038367191663617895e-04,1.175332004646085643e-01,9.918651300586683872e-02,2.039735099337748547e+00,3.000000000000000000e+00,1.017923249055594087e-01
4.223613413230947744e-02,-9.147529199316263571e-02,6.646537798150115766e-04,1.421139397572460106e-01,6.534515454553277425e-02,2.039735099337748547e+00,3.000000000000000000e+00,1.007552483579729069e-01
-9.748686238411367888e-02,2.800640131770201074e-02,5.595882677226222523e-04,-4.211796298012220746e-02,-1.480150355946906193e-01,2.039735099337748547e+00,3.000000000000000000e+00,1.014300096237168852e-01
7.431341983362728387e-02,6.878818679349810172e-02,5.852051591528037748e-04,-1.066058061524818024e-01,1.144641150868996871e-01,2.039735099337748547e+00,3.000000000000000000e+00,1.012635127264807922e-01
-9.163594359595322869e-02,-4.254071976972678693e-02,6.221051882675462680e-04,6.560009870431982026e-02,-1.412170309249669853e-01,2.039735099337748547e+00,3.000000000000000000e+00,1.010290007732786849e-01
5.665307524649919324e-02,8.499390072062477930e-02,4.494066090134765440e-04,-1.284796965393628643e-01,8.588481192222255367e-02,2.039735099337748547e+00,3.000000000000000000e+00,1.021446723749844937e-01
9.437816243072336131e-02,3.802590872574437841e-02,5.102788427447638078e-04,-5.759524768439744369e-02,1.434216690701055619e-01,2.039735099337748547e+00,3.000000000000000000e+00,1.017507114383906647e-01
-1.033375750426389905e-01,8.649814788414917580e-04,2.668428963323550627e-04,-2.356631358996812836e-03,-1.520188904953139186e-01,2.039735099337748547e+00,3.000000000000000000e+00,1.033411951191381545e-01
-5.799353342121668642e-02,-8.576710158888395386e-02,2.374559590112029653e-04,1.258465416282816551e-01,-8.517076237085934032e-02,2.039735099337748547e+00,3.000000000000000000e+00,1.035337898158650294e-01
6.137470949919130586e-02,-8.000522774494175926e-02,6.522039952653207497e-04,1.239289102887947136e-01,9.540136468331567032e-02,2.039735099337748547e+00,3.000000000000000000e+00,1.008349712779753882e-01
2.056333144955467540e-02,-9.825291966074643779e-02,7.230696244426538469e-04,1.530968535062431080e-01,3.197924841582317629e-02,2.039735099337748547e+00,3.000000000000000000e+00,1.003817056149442916e-01
6.424172470352292053e-02,-8.045525330482547477e-02,3.253167621915160923e-04,1.183342353682210191e-01,9.536834020521228750e-02,2.039735099337748547e+00,3.000000000000000000e+00,1.029565295511987305e-01
6.558061325707924619e-03,-1.035235631292154290e-01,2.073754230344242622e-04,1.499348332490404168e-01,8.526235999101017260e-03,2.039735099337748547e+00,3.000000000000000000e+00,1.037310767866621436e-01
-2.989986004623530064e-02,-9.882227886623785873e-02,2.811200892569228624e-04,1.453928034291037952e-01,-4.418053890704747022e-02,2.039735099337748547e+00,3.000000000000000000e+00,1.032465226102116246e-01
9.988751524973331353e-02,6.371076287935471295e-03,7.683513289654855111e-04,-1.049976896402436168e-02,1.553608639197560093e-01,2.039735099337748547e+00,3.000000000000000000e+00,1.000904906363856289e-01
-7.089007570250986656e-02,-7.187891372703686388e-02,6.335249204493767668e-04,1.108288040280840520e-01,-1.103774510814228005e-01,2.039735099337748547e+00,3.000000000000000000e+00,1.009553419670617957e-01
7.280955879141236264e-02,6.878869366607322233e-02,7.565667229450223890e-04,-1.069770641156574525e-01,1.131685018904274032e-01,2.039735099337748547e+00,3.000000000000000000e+00,1.001654442793770833e-01
9.616320444311098059e-02,3.714518619669807814e-02,3.052500448487292968e-04,-5.441664072084712034e-02,1.418776156397017485e-01,2.039735099337748547e+00,3.000000000000000000e+00,1.030879563593872367e-01
5.669101987314763280e-02,8.503152087277747462e-02,4.413143161579734415e-04,-1.284796965393628643e-01,8.588481192222255367e-02,2.039735099337748547e+00,3.000000000000000000e+00,1.021970218558017063e-01
4.530412154515651990e-02,-9.132387230953233070e-02,4.805367206381583539e-04,1.377450168735984415e-01,6.844201408812940202e-02,2.039735099337748547e+00,3.000000000000000000e+00,1.019436760303751299e-01
-3.944566826122129083e-03,-1.020199723800601366e-01,4.571209553414612003e-04,1.543201449550160864e-01,-6.746526172240391306e-03,2.039735099337748547e+00,3.000000000000000000e+00,1.020962015545826967e-01
9.577501745810196310e-02,-3.193798030087536405e-02,6.328763979936374937e-04,4.933682434174047060e-02,1.476873547011211818e-01,2.039735099337748547e+00,3.000000000000000000e+00,1.009598363449487751e-01
1.013816228965300215e-01,-1.347055541739741562e-02,4.301302399335359063e-04,2.076556424838962855e-02,1.522699597068357391e-01,2.039735099337748547e+00,3.000000000000000000e+00,1.022726225555372903e-01
7.844182222058138088e-02,-6.221183194806303302e-02,7.641773652692066985e-04,9.637247119145003760e-02,1.223186500188272186e-01,2.039735099337748547e+00,3.000000000000000000e+00,1.001170889889400062e-01
6.873914796639368774e-02,7.595079246973313047e-02,4.041112429356345749e-04,-1.143474556339027642e-01,1.038912630390627645e-01,2.039735099337748547e+00,3.000000000000000000e+00,1.024382415893900222e-01
7.419555196834247413e-02,-7.110677479534090184e-02,3.542442691152544731e-04,1.047895479671654556e-01,1.109060403353069046e-01,2.039735099337748547e+00,3.000000000000000000e+00,1.027674722550006858e-01
5.419973988495648681e-02,-8.704379548571999914e-02,3.887240621200904441e-04,1.293602162653323673e-01,8.097634022939749487e-02,2.039735099337748547e+00,3.000000000000000000e+00,1.025389396090908983e-01
6.981982179814549827e-02,-7.334133240382458008e-02,5.855626021219032017e-04,1.113650890417137718e-01,1.061021888732280039e-01,2.039735099337748547e+00,3.000000000000000000e+00,1.012608441338165161e-01
5.971867504701201812e-02,8.405353271989086938e-02,3.021274208366580183e-04,-1.237212805777002794e-01,8.824344795678726316e-02,2.039735099337748547e+00,3.000000000000000000e+00,1.031082756720544807e-01
7.626484846783292137e-02,6.877785420587921583e-02,3.648567123442440752e-04,-1.026021268603469344e-01,1.120436489041921752e-01,2.039735099337748547e+00,3.000000000000000000e+00,1.026972265496332443e-01
8.919236829252931431e-02,-4.628983289125913891e-02,7.062920888732531237e-04,7.222736091290503369e-02,1.387624793112377519e-01,2.039735099337748547e+00,3.000000000000000000e+00,1.004889406389125189e-01
4.639676710013974220e-02,8.942282929854972195e-02,6.666216849327540137e-04,-1.390362565173106635e-01,7.170426659144929493e-02,2.039735099337748547e+00,3.000000000000000000e+00,1.007427535711734046e-01
-6.945198459256893275e-02,7.525431874886250039e-02,4.092393931950096897e-04,-1.133422172266780464e-01,-1.049954174238322685e-01,2.039735099337748547e+00,3.000000000000000000e+00,1.024050323675640001e-01
-9.725799928938848316e-02,2.760459387460969735e-02,6.107902903768278871e-04,-4.279470783198070782e-02,-1.504318424143457067e-01,2.039735099337748547e+00,3.000000000000000000e+00,1.010996143848077594e-01
7.128094753480022916e-02,7.078333679600137818e-02,7.115835212118991684e-04,-1.100105160080090128e-01,1.112172324431459358e-01,2.039735099337748547e+00,3.000000000000000000e+00,1.004552350524108156e-01
9.974606647990331976e-02,1.300493118074507251e-02,6.904456557628933485e-04,-1.979538520004042387e-02,1.544610518086931839e-01,2.039735099337748547e+00,3.000000000000000000e+00,1.005902878673145401e-01
1.005613592678320650e-01,-3.735627912455057303e-03,6.841214578347620638e-04,5.836132132605393631e-03,1.556016123681933094e-01,2.039735099337748547e+00,3.000000000000000000e+00,1.006307204271851968e-01
7.273549570517701124e-02,-7.123629545187817880e-02,5.014803030704036288e-04,1.080892676394244190e-01,1.093011883425904773e-01,2.039735099337748547e+00,3.000000000000000000e+00,1.018089491409527453e-01
8.716557517194982452e-02,-5.353730438494667954e-02,4.264068658029997660e-04,8.050312648181857933e-02,1.318760819147145880e-01,2.039735099337748547e+00,3.000000000000000000e+00,1.022940880787509971e-01
-2.169103943798866493e-02,9.830707597982216162e-02,6.778174155354687105e-04,-1.528510631428549038e-01,-3.315495130154702541e-02,2.039735099337748547e+00,3.000000000000000000e+00,1.006716562871740328e-01
1.917703970693105178e-02,1.008792996366673217e-01,3.662309037467435064e-04,-1.494280769891601357e-01,2.794140138171552490e-02,2.039735099337748547e+00,3.000000000000000000e+00,1.026858897176516489e-01
-9.030060755718177790e-02,4.539285719805188218e-02,6.160596879417978931e-04,-6.980590739182480908e-02,-1.391880344762257971e-01,2.039735099337748547e+00,3.000000000000000000e+00,1.010678544830100056e-01
-9.686213084976096066e-02,2.925367517303188725e-02,5.976952875061641423e-04,-4.507077649471206982e-02,-1.497834026857504386e-01,2.039735099337748547e+00,3.000000000000000000e+00,1.011832491269452905e-01
1.007878107656334371e-01,3.547411981336066975e-03,6.499830163758804971e-04,-5.836123173267307972e-03,1.556023082815026493e-01,2.039735099337748547e+00,3.000000000000000000e+00,1.008502202808425341e-01
1.881723037374247523e-02,-1.012218277280225454e-01,3.251010391977906871e-04,1.494279727735611241e-01,2.794119769482221460e-02,2.039735099337748547e+00,3.000000000000000000e+00,1.029560419185779063e-01
1.035792031122482887e-01,-2.169433143397236918e-03,2.270638943627429403e-04,2.230642590352225566e-03,1.526598607060082324e-01,2.039735099337748547e+00,3.000000000000000000e+00,1.036019196614235277e-01
-1.002134518132780094e-01,-1.826375512999489983e-02,4.927867558083900978e-04,2.755660621908711388e-02,-1.520147171151204069e-01,2.039735099337748547e+00,3.000000000000000000e+00,1.018641285035149502e-01
-7.647182072621010185e-02,6.468519684554496774e-02,7.574035411729591188e-04,-1.008880139609606846e-01,-1.186188997299458120e-01,2.039735099337748547e+00,3.000000000000000000e+00,1.001604415731506131e-01
-7.891593444130184931e-02,6.301877933898833439e-02,6.280864100144768281e-04,-9.728694245989265299e-02,-1.215926898976888437e-01,2.039735099337748547e+00,3.000000000000000000e+00,1.009905503407123456e-01
8.282135073931493063e-02,5.710852982797199467e-02,6.886937003965892378e-04,-8.886461317865343434e-02,1.278732042866380092e-01,2.039735099337748547e+00,3.000000000000000000e+00,1.006019896294153282e-01
-1.045861783276813388e-02,1.026379090513958314e-01,2.925339132622012546e-04,-1.512116781139729027e-01,-1.503635974042464955e-02,2.039735099337748547e+00,3.000000000000000000e+00,1.031693901378431949e-01
-1.003146372381285428e-01,-1.344367456753616441e-03,7.319572083684379405e-04,2.334813975375459472e-03,-1.556875430093914159e-01,2.039735099337748547e+00,3.000000000000000000e+00,1.003236451095956966e-01
-9.427002953787574913e-02,4.303033562789720240e-02,2.230709429865904419e-04,-6.341205159774940259e-02,-1.387867987339752307e-01,2.039735099337748547e+00,3.000000000000000000e+00,1.036264843238515199e-01
-9.815843459690129502e-02,-2.854090105739178623e-02,4.372962693835950702e-04,4.294110477167280282e-02,-1.483163116915387214e-01,2.039735099337748547e+00,3.000000000000000000e+00,1.022235849287334297e-01
5.944456347415823239e-02,-8.283676381337774786e-02,4.782170681804850400e-04,1.257869977562055819e-01,8.972299001053050949e-02,2.039735099337748547e+00,3.000000000000000000e+00,1.019587444298259149e-01
1.598672713936593812e-02,1.019404404216825433e-01,2.902915515040282394e-04,-1.507245096234369752e-01,2.415872982373373778e-02,2.039735099337748547e+00,3.000000000000000000e+00,1.031863791301698280e-01
9.859674466607777632e-02,1.731271397252071367e-02,7.659649098111806585e-04,-2.672217549383414451e-02,1.534170192262950261e-01,2.039735099337748547e+00,3.000000000000000000e+00,1.001051852994741254e-01
9.997173682418171448e-02,2.448356823274109792e-02,3.299263210787795834e-04,-3.649316864813255401e-02,1.482012101036484508e-01,2.039735099337748547e+00,3.000000000000000000e+00,1.029261544849060100e-01
6.681770675769094225e-02,7.499657898783340659e-02,7.132567509956557481e-04,-1.167084893270615292e-01,1.030948356038020042e-01,2.039735099337748547e+00,3.000000000000000000e+00,1.004444761857769541e-01
-9.321008104957352602e-02,-4.420732756159378302e-02,2.939118102606324049e-04,6.538649453005621059e-02,-1.379269059038094880e-01,2.039735099337748547e+00,3.000000000000000000e+00,1.031620425321548018e-01
3.646521813223606995e-02,-9.526075572341607955e-02,4.715554866845374183e-04,1.444272439103518879e-01,5.492238621510854568e-02,2.039735099337748547e+00,3.000000000000000000e+00,1.020015868230877421e-01
7.593336690047058912e-02,-6.542805586234920479e-02,7.460179099144041009e-04,1.017689913346559727e-01,1.178528760481287602e-01,2.039735099337748547e+00,3.000000000000000000e+00,1.002332614592988808e-01
-6.814878948510809387e-02,-7.741055343109656817e-02,2.983717768111697173e-04,1.140684197757360352e-01,-1.014182993060105675e-01,2.039735099337748547e+00,3.000000000000000000e+00,1.031341422167956767e-01
-8.213227120847395313e-02,5.722901133311802946e-02,7.663962091982559665e-04,-8.981225391927874502e-02,-1.271909578191161294e-01,2.039735099337748547e+00,3.000000000000000000e+00,1.001042941737689540e-01
5.675794293175771832e-02,8.297143959777326938e-02,7.003333794738001794e-04,-1.282055354052784313e-01,8.838474958388181646e-02,2.039735099337748547e+00,3.000000000000000000e+00,1.005272295190293291e-01
-8.386728812617656736e-02,5.979854334881976735e-02,3.182765709839073314e-04,-8.790495781992603563e-02,-1.244564347804909127e-01,2.039735099337748547e+00,3.000000000000000000e+00,1.030028533793107826e-01
-5.037095995349378380e-02,8.841921169711237927e-02,5.088148671747311225e-04,-1.339391406107395266e-01,-7.558516356642169809e-02,2.039735099337748547e+00,3.000000000000000000e+00,1.017604569750708704e-01
7.073439741211468013e-02,-7.529994078376402167e-02,2.711296520119706177e-04,1.109446553207173308e-01,1.038453765294313214e-01,2.039735099337748547e+00,3.000000000000000000e+00,1.033123228820906209e-01
-1.020424733184183697e-01,8.534712947324508622e-03,4.105414426183799344e-04,-1.267793310387873781e-02,-1.532908251609687023e-01,2.039735099337748547e+00,3.000000000000000000e+00,1.023987679907983755e-01
1.525167658600641747e-02,1.012116658677814085e-01,4.171092325695160887e-04,-1.527102399094700247e-01,2.348091670700499373e-02,2.039735099337748547e+00,3.000000000000000000e+00,1.023543596844588011e-01
-2.440664790896516709e-02,9.812034161060639859e-02,6.091084403126156019e-04,-1.518021493080829454e-01,-3.769909905788457888e-02,2.039735099337748547e+00,3.000000000000000000e+00,1.011102660462046832e-01
6.576880458749236047e-02,7.600397776093614777e-02,7.031488520554244909e-04,-1.179955886829717193e-01,1.026861641564470740e-01,2.039735099337748547e+00,3.000000000000000000e+00,1.005094039995891864e-01
9.034424281605948903e-02,-5.071798074341025281e-02,2.260072537708505719e-04,7.481194321393123958e-02,1.330581469732456390e-01,2.039735099337748547e+00,3.000000000000000000e+00,1.036069292117860752e-01
9.541801386744153124e-02,3.123258925958441456e-02,7.202921246551429596e-04,-4.841452390419108409e-02,1.487316160900755690e-01,2.039735099337748547e+00,3.000000000000000000e+00,1.003995617633123560e-01
1.016688802869354369e-01,8.224107990492781142e-03,4.716337117289958370e-04,-1.255810474568003210e-02,1.540025106133035282e-01,2.039735099337748547e+00,3.000000000000000000e+00,1.020009665201192933e-01
4.129465175494604484e-02,9.221177359709040178e-02,6.209089303409745996e-04,-1.430651848049042107e-01,6.324474498039309167e-02,2.039735099337748547e+00,3.000000000000000000e+00,1.010359314970833977e-01
3.769723517530856882e-02,-9.370559455348635713e-02,6.258385955720763370e-04,1.448849231061101195e-01,5.889468052299833695e-02,2.039735099337748547e+00,3.000000000000000000e+00,1.010040592772631779e-01
-1.011368524648749295e-01,-1.502125543330027485e-02,4.337797860176253583e-04,2.311309970578930006e-02,-1.527626184696893874e-01,2.039735099337748547e+00,3.000000000000000000e+00,1.022462764177470285e-01
-7.244736813942349862e-02,-7.321919413732401460e-02,3.181460715770828562e-04,1.083456489917098697e-01,-1.065055919132251033e-01,2.039735099337748547e+00,3.000000000000000000e+00,1.030032598535031707e-01
-6.447074449787025541e-02,8.023301569146906731e-02,3.299283198022564569e-04,-1.191065280149723182e-01,-9.460730160961063062e-02,2.039735099337748547e+00,3.000000000000000000e+00,1.029262537113694309e-01
9.379965466298011145e-02,4.319078117352231211e-02,2.782111648792899052e-04,-6.273046324981493282e-02,1.384708363401834508e-01,2.039735099337748547e+00,3.000000000000000000e+00,1.032657677707061600e-01
6.255248561254876660e-02,-7.944169280686304291e-02,6.088650315931689368e-04,1.224905081939072771e-01,9.722093826498041935e-02,2.039735099337748547e+00,3.000000000000000000e+00,1.011127885696370132e-01
3.633296838869964906e-02,9.505671246073262026e-02,5.082953251778978172e-04,-1.443893016783200645e-01,5.498579368810540408e-02,2.039735099337748547e+00,3.000000000000000000e+00,1.017637616039061693e-01
9.788531453751384004e-02,2.063001248318131059e-02,7.769954704610899498e-04,-3.130700064847615621e-02,1.525288052810790107e-01,2.039735099337748547e+00,3.000000000000000000e+00,1.000356547295224857e-01
-9.227139847176268894e-02,-4.535013706490498980e-02,3.470873525772180646e-04,6.734200060806087851e-02,-1.369795587369415923e-01,2.039735099337748547e+00,3.000000000000000000e+00,1.028136465054152182e-01
8.761114201176929683e-02,5.054994405009706482e-02,6.031449335294910251e-04,-7.836980625327889804e-02,1.353707484764541669e-01,2.039735099337748547e+00,3.000000000000000000e+00,1.011484505470763573e-01
8.418784225738659699e-02,5.780504629856957760e-02,4.530484184526281828e-04,-8.680123600501100933e-02,1.269672433510458387e-01,2.039735099337748547e+00,3.000000000000000000e+00,1.021225546171578152e-01
3.132758966933447270e-02,-9.564485422046650753e-02,6.819756267164757283e-04,1.478767572402195363e-01,4.878452586323971801e-02,2.039735099337748547e+00,3.000000000000000000e+00,1.006447018642535468e-01
-1.029396297581723213e-01,5.431856476586586699e-03,3.060837789564503576e-04,-8.493821194832242710e-03,-1.523980131823376993e-01,2.039735099337748547e+00,3.000000000000000000e+00,1.030828426050224567e-01
5.496849245426478452e-03,1.029282842909077095e-01,3.072980089150654744e-04,-1.517969886955448100e-01,7.479526608074937855e-03,2.039735099337748547e+00,3.000000000000000000e+00,1.030749584462534035e-01
-5.999340978888269976e-02,8.409054436755994399e-02,2.733523762884062852e-04,-1.246304457029004942e-01,-8.812020443628294786e-02,2.039735099337748547e+00,3.000000000000000000e+00,1.032977679823207651e-01
-1.302913083630512919e-02,-9.932442048954304159e-02,7.550296032897998956e-04,1.543905852708595261e-01,-2.037499303223878552e-02,2.039735099337748547e+00,3.000000000000000000e+00,1.001753400589841525e-01
9.483762810646211017e-02,4.200148542883553465e-02,2.085019290864886668e-04,-6.123926414406282576e-02,1.390504292724037694e-01,2.039735099337748547e+00,3.000000000000000000e+00,1.037222275266410504e-01
7.509354780115484740e-02,6.745574884711764974e-02,6.354611580713747081e-04,-1.048334043011646260e-01,1.160779618989885714e-01,2.039735099337748547e+00,3.000000000000000000e+00,1.009421565743953281e-01
-7.535972113437083841e-02,-6.750806707428927411e-02,5.990382780090438251e-04,1.039827124123682972e-01,-1.168353301230269925e-01,2.039735099337748547e+00,3.000000000000000000e+00,1.011752276476652057e-01
-7.899198811451908775e-02,-6.285518204025453137e-02,6.346468896792337080e-04,9.681738962260624803e-02,-1.228622697691114929e-01,2.039735099337748547e+00,3.000000000000000000e+00,1.009480465169973473e-01
9.950854932806742215e-02,-1.739138659275325446e-02,6.239849240854824586e-04,2.672078270945101031e-02,1.534085305506717734e-01,2.039735099337748547e+00,3.000000000000000000e+00,1.010168882761443288e-01
-7.198355251533915256e-02,7.239223710879588713e-02,4.581079854854241918e-04,-1.089625957291299602e-01,-1.085505707762044192e-01,2.039735099337748547e+00,3.000000000000000000e+00,1.020895088946200818e-01
9.259288963316432419e-02,4.012215159474309678e-02,6.402425311318989468e-04,-6.158836312320471740e-02,1.438007531668473449e-01,2.039735099337748547e+00,3.000000000000000000e+00,1.009119926431486930e-01
-9.868334129271529032e-02,-2.371632467409143588e-02,5.499115246455385346e-04,3.543555807700952270e-02,-1.496687373692572598e-01,2.039735099337748547e+00,3.000000000000000000e+00,1.014931815677360821e-01
-6.613601419434499140e-02,-7.827484933087566765e-02,3.985626060938554259e-04,1.165278648195434141e-01,-9.848891928884144498e-02,2.039735099337748547e+00,3.000000000000000000e+00,1.024740182255282211e-01
6.594488714394804163e-02,7.930982369178826707e-02,2.966152046981496170e-04,-1.168884257334396604e-01,9.711153711875183947e-02,2.039735099337748547e+00,3.000000000000000000e+00,1.031444437400802633e-01
-9.700421220887305018e-02,-3.345864047490210158e-02,3.775030515747712081e-04,4.953310425013127127e-02,-1.443608851488326350e-01,2.039735099337748547e+00,3.000000000000000000e+00,1.026123667434526709e-01
3.295663069036889464e-02,9.678822397506574304e-02,4.341623219212612764e-04,-1.457029435147806085e-01,4.928441938743684941e-02,2.039735099337748547e+00,3.000000000000000000e+00,1.022452923449723300e-01
5.638351873289364213e-02,-8.326927817124030184e-02,6.947397946678476833e-04,1.294473626074597594e-01,8.782214462499940422e-02,2.039735099337748547e+00,3.000000000000000000e+00,1.005627857204739739e-01
5.255723564012511340e-02,-8.866397415156106188e-02,3.078931549872268299e-04,1.310859809497660622e-01,7.674349745196221151e-02,2.039735099337748547e+00,3.000000000000000000e+00,1.030706715340514584e-01
-9.051184938512843448e-02,4.284956807536699497e-02,7.605128061760199013e-04,-6.692984937199218665e-02,-1.413515495174736680e-01,2.039735099337748547e+00,3.000000000000000000e+00,1.001423005695479540e-01
9.880715257506844651e-02,-2.095245945978738145e-02,6.256820593278239213e-04,3.259323530943908365e-02,1.529947687037701842e-01,2.039735099337748547e+00,3.000000000000000000e+00,1.010042521748806821e-01
9.940955273400181591e-02,-1.270186690226512635e-02,7.484260770138427381e-04,1.979376129937384515e-02,1.544481505917653930e-01,2.039735099337748547e+00,3.000000000000000000e+00,1.002177459214541738e-01
7.052933629168936513e-02,7.440141249037354743e-02,3.921225432325565509e-04,-1.109527986672991240e-01,1.038325402687116650e-01,2.039735099337748547e+00,3.000000000000000000e+00,1.025180835672854507e-01
-6.834249191293303993e-02,7.490502214175874529e-02,5.645461320214679481e-04,-1.137389010533557537e-01,-1.035436272775562966e-01,2.039735099337748547e+00,3.000000000000000000e+00,1.013975273018365431e-01
-8.277067535494542216e-02,-6.039222716909834615e-02,4.006709324952197645e-04,9.069008524704533225e-02,-1.250508387466813531e-01,2.039735099337748547e+00,3.000000000000000000e+00,1.024607524916626294e-01
8.726039304851761214e-02,5.148569860087846145e-02,5.772598545943126306e-04,-7.905312277893948580e-02,1.319449550226910461e-01,2.039735099337748547e+00,3.000000000000000000e+00,1.013170931057651297e-01
-7.530669770546950803e-02,6.838944139052979820e-02,5.141346764357523219e-04,-1.036146609141516267e-01,-1.145950197518326580e-01,2.039735099337748547e+00,3.000000000000000000e+00,1.017261736870687383e-01
-7.135520227647560755e-03,1.014839652174259060e-01,5.127470588505073958e-04,-1.540923193966029503e-01,-1.069770833728546193e-02,2.039735099337748547e+00,3.000000000000000000e+00,1.017345115738551992e-01
9.566196747045681292e-02,-2.972565334795028436e-02,7.555333215653165478e-04,4.711670539168675426e-02,1.484104797138797172e-01,2.039735099337748547e+00,3.000000000000000000e+00,1.001739810893090415e-01
-8.634764348277743085e-02,5.359854878308626530e-02,5.289239575399377934e-04,-8.126325254593670666e-02,-1.313969021244005553e-01,2.039735099337748547e+00,3.000000000000000000e+00,1.016303102754375770e-01
8.145371783222374318e-03,-1.020953777878044200e-01,4.069315863188909237e-04,1.540194990230290273e-01,1.210967439184145421e-02,2.039735099337748547e+00,3.000000000000000000e+00,1.024197893335141718e-01
-7.727874211629374990e-02,6.667243861048831322e-02,4.619027148837724964e-04,-1.005452450801569281e-01,-1.163925970120936459e-01,2.039735099337748547e+00,3.000000000000000000e+00,1.020647738122510417e-01
6.781452130452342297e-02,7.388309834735320991e-02,7.377383920890475798e-04,-1.151444435270413402e-01,1.048286792794987099e-01,2.039735099337748547e+00,3.000000000000000000e+00,1.002871952004159295e-01
6.690025989729929401e-02,-7.768392213886005093e-02,3.914931741887639179e-04,1.154179054786089037e-01,9.878632034965709185e-02,2.039735099337748547e+00,3.000000000000000000e+00,1.025204200791367398e-01
1.011727246939396196e-01,2.650292521345456770e-04,5.993750327977702234e-04,2.464715761920960486e-05,1.563877121992869601e-01,2.039735099337748547e+00,3.000000000000000000e+00,1.011730718249682637e-01
9.393794255396266391e-02,3.444839705905143601e-02,7.737524515687172616e-04,-5.374397754040242253e-02,1.461432627947627516e-01,2.039735099337748547e+00,3.000000000000000000e+00,1.000551303592657065e-01
-6.623077329126558777e-02,7.571241256533665920e-02,6.900856068843877998e-04,-1.174891278488461449e-01,-1.022262903882811963e-01,2.039735099337748547e+00,3.000000000000000000e+00,1.005926674625082645e-01
-3.934458089610518017e-02,-9.397962885555080637e-02,4.898665459153393438e-04,1.421096137607812115e-01,-5.905284413746630240e-02,2.039735099337748547e+00,3.000000000000000000e+00,1.018831030432291174e-01
-5.512602967838490381e-02,8.484271997815992505e-02,5.984381434412316221e-04,-1.313924272205860277e-01,-8.485562578679690937e-02,2.039735099337748547e+00,3.000000000000000000e+00,1.011788825862127705e-01
9.383921028011253662e-02,4.153016544107709235e-02,3.767215040866257942e-04,-6.110099563762463881e-02,1.398647563509104463e-01,2.039735099337748547e+00,3.000000000000000000e+00,1.026184780025430482e-01
-4.172445508989514745e-02,9.188549482270158553e-02,6.396695956138239315e-04,-1.426251860267016280e-01,-6.426155355371335198e-02,2.039735099337748547e+00,3.000000000000000000e+00,1.009151837503226984e-01
3.244851173222420768e-03,1.028588135158250566e-01,3.323152251503948751e-04,-1.518803663428397177e-01,5.229502514533497862e-03,2.039735099337748547e+00,3.000000000000000000e+00,1.029099828831957220e-01
1.010299002928597839e-01,3.441762992145768005e-03,6.126581598744634686e-04,-4.673356494825559038e-03,1.563344380520165777e-01,2.039735099337748547e+00,3.000000000000000000e+00,1.010885081781272149e-01
-9.990733685277249088e-02,-2.220141272859889325e-02,4.187826877423291537e-04,3.428441314449326427e-02,-1.506509113174961390e-01,2.039735099337748547e+00,3.000000000000000000e+00,1.023444120807723706e-01
7.655886020646709977e-02,6.891583412712906642e-02,3.174635230758514923e-04,-1.018025938046592943e-01,1.136498324009880545e-01,2.039735099337748547e+00,3.000000000000000000e+00,1.030080155597191266e-01
-2.368359225755563985e-02,9.865939615469269952e-02,5.548690178134354492e-04,-1.502250540591213435e-01,-3.611416326251742914e-02,2.039735099337748547e+00,3.000000000000000000e+00,1.014622540249857652e-01
-6.327743681742260817e-02,-7.766419966584908741e-02,7.545535634030412723e-04,1.204959660745394956e-01,-9.865244523722074832e-02,2.039735099337748547e+00,3.000000000000000000e+00,1.001786500204498859e-01
-1.588698383768868613e-02,-1.007805417591419728e-01,4.680675770958240525e-04,1.519961489896375917e-01,-2.356338679188394250e-02,2.039735099337748547e+00,3.000000000000000000e+00,1.020250648258806125e-01
-8.759587218471627176e-03,1.033625868868429248e-01,2.068998137504718447e-04,-1.514530331569600707e-01,-1.318755395621155901e-02,2.039735099337748547e+00,3.000000000000000000e+00,1.037330937366574696e-01
-4.946616246762121361e-02,9.106848587327383282e-02,2.217032161668175340e-04,-1.339053449726581024e-01,-7.314854963095679397e-02,2.039735099337748547e+00,3.000000000000000000e+00,1.036357580592903865e-01
1.958188818969388428e-03,1.008218244339452868e-01,6.514056370136595692e-04,-1.556843610788880283e-01,2.918555355762702044e-03,2.039735099337748547e+00,3.000000000000000000e+00,1.008408388781054515e-01
3.520008227305317094e-02,-9.875530474198680742e-02,4.034803957971048137e-05,1.414661624902102399e-01,5.038030763998074119e-02,2.039735099337748547e+00,3.000000000000000000e+00,1.048410988434993196e-01
-6.281792962813871617e-02,-8.032947973549384169e-02,4.756666231299204071e-04,1.211380399684514469e-01,-9.479507562021162459e-02,2.039735099337748547e+00,3.000000000000000000e+00,1.019750832181121752e-01
-1.838583252024069553e-02,1.002756321686070762e-01,4.800286227195280889e-04,-1.512126871011063856e-01,-2.810864692770504922e-02,2.039735099337748547e+00,3.000000000000000000e+00,1.019472473599759704e-01
1.004776034982242799e-01,-2.236114202198946979e-02,3.283307809491895889e-04,3.295657322584279181e-02,1.483469384097690635e-01,2.039735099337748547e+00,3.000000000000000000e+00,1.029357541249587144e-01
2.880420438875848366e-02,9.781767193482668321e-02,4.763631623908135167e-04,-1.481356306724627425e-01,4.407150113176092066e-02,2.039735099337748547e+00,3.000000000000000000e+00,1.019704816759181148e-01
-1.018464179987142726e-01,2.717244904122359831e-04,4.955637357436347163e-04,2.992869225592192928e-04,-1.544651196437212270e-01,2.039735099337748547e+00,3.000000000000000000e+00,1.018467804762012152e-01
-1.006908777460035487e-01,-1.367722437728417957e-02,5.311884106761319193e-04,2.083942308118696615e-02,-1.530863333642399071e-01,2.039735099337748547e+00,3.000000000000000000e+00,1.016155466841920235e-01
5.453745613453500618e-02,8.816099372533636735e-02,2.170419655555443843e-04,-1.290233348420474768e-01,8.019478339683172585e-02,2.039735099337748547e+00,3.000000000000000000e+00,1.036662671087617005e-01
-1.778674795294611991e-02,-1.020225536507997910e-01,2.330140842009628276e-04,1.504186949215743918e-01,-2.584033445435477555e-02,2.039735099337748547e+00,3.000000000000000000e+00,1.035614303501644073e-01
8.795308458913607408e-02,5.494249502242975342e-02,2.113389284360074247e-04,-8.056939717739511342e-02,1.295801484923852220e-01,2.039735099337748547e+00,3.000000000000000000e+00,1.037035334404447506e-01
-3.645231442058625981e-02,-9.757505051030301857e-02,1.423820475629040613e-04,1.407116437434733913e-01,-5.246924699359856170e-02,2.039735099337748547e+00,3.000000000000000000e+00,1.041617094171628233e-01
5.951792137400697957e-02,-8.343618551913349612e-02,3.962357213082429424e-04,1.257869977562055819e-01,8.972299001053050949e-02,2.039735099337748547e+00,3.000000000000000000e+00,1.024889263221434033e-01
-6.121893042787485834e-02,8.493614303961294354e-02,6.152688674857042606e-05,-1.225784865979721028e-01,-8.772812851333514073e-02,2.039735099337748547e+00,3.000000000000000000e+00,1.046991205176938111e-01
-2.623337272467708703e-02,-1.006501891774892049e-01,1.647958787009878368e-04,1.452135834224569655e-01,-3.825918424171200621e-02,2.039735099337748547e+00,3.000000000000000000e+00,1.040127416520504888e-01
5.764811204901797853e-02,8.689447312266612711e-02,1.248660095720531722e-04,-1.253023653303352858e-01,8.272770583507167708e-02,2.039735099337748547e+00,3.000000000000000000e+00,1.042782541188807810e-01
5.894993377115703703e-02,-8.563928401627791953e-02,1.716671989455882425e-04,1.240206337912163337e-01,8.460053428806132980e-02,2.039735099337748547e+00,3.000000000000000000e+00,1.039672143439676621e-01
9.798468895011017143e-02,-3.045991237818706718e-02,3.781212478306874842e-04,4.598158870901937478e-02,1.448715839365145863e-01,2.039735099337748547e+00,3.000000000000000000e+00,1.026099679891611521e-01
5.873566583315661949e-02,8.378897298080469069e-02,4.218366829524401295e-04,-1.259525794441919144e-01,8.826736497652594438e-02,2.039735099337748547e+00,3.000000000000000000e+00,1.023253166818566956e-01
-3.674219562394890476e-02,-9.606437475912248114e-02,3.411324806385949092e-04,1.414800541421676050e-01,-5.506450959027962139e-02,2.039735099337748547e+00,3.000000000000000000e+00,1.028511207383257381e-01
-1.015517300302937048e-01,-3.722303761344878791e-03,5.303631763346005170e-04,5.755368178919632871e-03,-1.536236530444893278e-01,2.039735099337748547e+00,3.000000000000000000e+00,1.016199262814010268e-01
-1.009492904672717878e-01,-2.024451796431340003e-02,3.248693990856829942e-04,2.930230940689007579e-02,-1.490783090990018822e-01,2.039735099337748547e+00,3.000000000000000000e+00,1.029592140289202901e-01
-2.738098914186975694e-02,-9.764840391332350877e-02,5.618996535343265177e-04,1.480995109896663109e-01,-4.156843008185313881e-02,2.039735099337748547e+00,3.000000000000000000e+00,1.014146407241418163e-01
-1.010117636394855106e-01,7.158076544462046824e-03,5.850012587947096528e-04,-1.035062765279344196e-02,-1.534640395155269788e-01,2.039735099337748547e+00,3.000000000000000000e+00,1.012650702531512903e-01
-8.461598749492307836e-02,-6.174263803642908444e-02,5.434586275501240621e-05,8.942493673991730452e-02,-1.212527999122859496e-01,2.039735099337748547e+00,3.000000000000000000e+00,1.047474042229137037e-01
1.243230546665734237e-02,1.031026636145671860e-01,1.893984112322014677e-04,-1.491047908038271308e-01,1.714488870568275924e-02,2.039735099337748547e+00,3.000000000000000000e+00,1.038495135454898244e-01
-7.468885242847614347e-02,7.146811393369674470e-02,2.617904159319191411e-04,-1.052136158630304213e-01,-1.096715203751531531e-01,2.039735099337748547e+00,3.000000000000000000e+00,1.033736716302683378e-01
6.793000812554754464e-02,-7.681730011863324714e-02,3.877684180796439075e-04,1.139572008428001715e-01,1.004736064994270900e-01,2.039735099337748547e+00,3.000000000000000000e+00,1.025445444743557644e-01
7.971619036406341063e-02,6.586476279158752500e-02,2.567855305383363960e-04,-9.674177536254445486e-02,1.180066982196176506e-01,2.039735099337748547e+00,3.000000000000000000e+00,1.034061796207155492e-01
-8.554993358073520460e-02,-6.018595754094455130e-02,7.658075270914580131e-05,8.653613425816218674e-02,-1.227369684443681552e-01,2.039735099337748547e+00,3.000000000000000000e+00,1.045999073651051881e-01
4.161487809362847401e-02,9.499652450168724616e-02,2.100751003939076481e-04,-1.396421358497913490e-01,6.148645724615538211e-02,2.039735099337748547e+00,3.000000000000000000e+00,1.037118013831946906e-01
5.901555973356970020e-02,-8.505708886961453608e-02,2.387326392492283844e-04,1.250098668457796935e-01,8.638796755871012978e-02,2.039735099337748547e+00,3.000000000000000000e+00,1.035255748964478695e-01
-9.054963574497747192e-02,-4.907408050136815442e-02,3.197140974024174258e-04,7.203772767588163817e-02,-1.337561402099321506e-01,2.039735099337748547e+00,3.000000000000000000e+00,1.029927274646266627e-01
-8.411381428522378412e-02,5.868393124421086154e-02,3.854757904063439776e-04,-8.588227036917873980e-02,-1.252910426329715277e-01,2.039735099337748547e+00,3.000000000000000000e+00,1.025618717647273914e-01
1.144392011560587899e-04,1.038837423393264847e-01,1.840893557303447227e-04,-1.501281452630746638e-01,-1.707951176113109426e-04,2.039735099337748547e+00,3.000000000000000000e+00,1.038838053728988881e-01
-9.677645914489883816e-02,4.055375298714099241e-02,2.678539453969056564e-05,-5.770870571038396596e-02,-1.393211305883172157e-01,2.039735099337748547e+00,3.000000000000000000e+00,1.049299286474851267e-01
9.923306834613805638e-02,-2.707183344868075575e-02,3.399922792848666703e-04,3.949086690053019155e-02,1.466875661036715628e-01,2.039735099337748547e+00,3.000000000000000000e+00,1.028595451072112088e-01
-1.025651409242991363e-01,-5.941428399137818617e-03,3.585959487269491791e-04,9.287495162903154286e-03,-1.517123177386193733e-01,2.039735099337748547e+00,3.000000000000000000e+00,1.027370853404135920e-01
-1.009876662978985290e-01,1.960032552016024998e-02,3.380449058837364231e-04,-2.933114594936798991e-02,-1.490880979160383313e-01,2.039735099337748547e+00,3.000000000000000000e+00,1.028721609804710696e-01
-2.408029819270149450e-03,-1.028343111332085391e-01,3.394542856092141688e-04,1.519613077159629455e-01,-4.198343392410930353e-03,2.039735099337748547e+00,3.000000000000000000e+00,1.028625012035582903e-01
-7.608494226768877655e-02,7.231065196408853479e-02,2.141935208862855278e-05,-1.043198017821466150e-01,-1.088874755322001842e-01,2.039735099337748547e+00,3.000000000000000000e+00,1.049654649270371914e-01
-9.329617913331904322e-02,4.576061901705091861e-02,1.794944804601970856e-04,-6.627097853881974698e-02,-1.347342143706182493e-01,2.039735099337748547e+00,3.000000000000000000e+00,1.039144421805748703e-01
-5.331107726491612908e-02,8.767723909742815291e-02,3.775587296558933830e-04,-1.295241724366420488e-01,-7.951003283691042423e-02,2.039735099337748547e+00,3.000000000000000000e+00,1.026127146843579113e-01
5.986055334621034202e-02,8.340030283242717835e-02,3.704260287137882174e-04,-1.237212805777002794e-01,8.824344795678726316e-02,2.039735099337748547e+00,3.000000000000000000e+00,1.026591270148692336e-01
-2.319365121890895609e-02,-1.002337843771779202e-01,3.366265192795002306e-04,1.486940404802341575e-01,-3.460429767906086224e-02,2.039735099337748547e+00,3.000000000000000000e+00,1.028822481647586884e-01
7.080117600363405872e-02,-7.257513732893124125e-02,5.657449858956005873e-04,1.097364226461121778e-01,1.077274334916863696e-01,2.039735099337748547e+00,3.000000000000000000e+00,1.013901231965461114e-01
8.560850365232602899e-02,-5.771463930203364623e-02,2.811205894133491203e-04,8.487991052681759241e-02,1.260736480062037146e-01,2.039735099337748547e+00,3.000000000000000000e+00,1.032462855862338741e-01
7.639285775647171317e-02,-7.101581669919644624e-02,1.210618134960440178e-04,1.023858276320028654e-01,1.102225899463774028e-01,2.039735099337748547e+00,3.000000000000000000e+00,1.043029958230078241e-01
-9.901791790376728020e-02,3.095032023565853080e-02,2.054826285540009166e-04,-4.541470880755016371e-02,-1.452944705325822650e-01,2.039735099337748547e+00,3.000000000000000000e+00,1.037423268906525475e-01
-2.166725161824421819e-02,9.967727337167678336e-02,4.710746811517757537e-04,-1.503008405820451809e-01,-3.263249415344235405e-02,2.039735099337748547e+00,3.000000000000000000e+00,1.020050421278296121e-01
-6.732760410544161300e-02,-7.925683058070316644e-02,1.675520330091498410e-04,1.146241655209879334e-01,-9.685162063020723300e-02,2.039735099337748547e+00,3.000000000000000000e+00,1.039935164723136130e-01
9.977974033932097975e-02,-2.918941877708392321e-02,1.724152034275579291e-04,4.226236992188699138e-02,1.440910125256131269e-01,2.039735099337748547e+00,3.000000000000000000e+00,1.039616215279768469e-01
-1.469259093559286029e-02,-1.011866984375393574e-01,4.335805985959006363e-04,1.528241083631467767e-01,-2.268905052750323781e-02,2.039735099337748547e+00,3.000000000000000000e+00,1.022478369897876771e-01
-1.035474589592980249e-01,3.352737300313198086e-03,2.269492017399574743e-04,-4.217034924212367808e-03,-1.518678949068267281e-01,2.039735099337748547e+00,3.000000000000000000e+00,1.036017234621722932e-01
-3.884165729428742247e-02,-9.599697411173149786e-02,2.337141848447823220e-04,1.406419343865400740e-01,-5.757305851927653484e-02,2.039735099337748547e+00,3.000000000000000000e+00,1.035571985908044917e-01
1.473587576408007423e-02,-1.033631447284587973e-01,1.053834058949051336e-04,1.485997687242958387e-01,2.159835078807476050e-02,2.039735099337748547e+00,3.000000000000000000e+00,1.044082646282885191e-01
8.895428159796556211e-02,-4.943623884576984345e-02,5.075408721181996069e-04,7.505549012344386872e-02,1.342552884075991215e-01,2.039735099337748547e+00,3.000000000000000000e+00,1.017683935503855691e-01
8.459338814138015958e-03,-1.016400388064129939e-01,4.732341833780007753e-04,1.532116292931348378e-01,1.319955457809407831e-02,2.039735099337748547e+00,3.000000000000000000e+00,1.019914599451420822e-01
-9.413922239360741906e-02,4.201471569571754716e-02,3.049793284423520188e-04,-6.198838181422690330e-02,-1.387062910475113098e-01,2.039735099337748547e+00,3.000000000000000000e+00,1.030894249080139685e-01
-1.498770985928717103e-02,1.003049079848198077e-01,5.615474535924162543e-04,-1.520005495087424496e-01,-2.355663390471894603e-02,2.039735099337748547e+00,3.000000000000000000e+00,1.014184697807521823e-01
-1.028250591220679910e-01,7.645275215367303677e-05,3.449859491693223678e-04,1.647742935325666527e-04,-1.519006053638069231e-01,2.039735099337748547e+00,3.000000000000000000e+00,1.028250875442374285e-01
-4.915816598739185250e-02,9.189491479673993213e-02,1.341430327936633533e-04,-1.328420988372630285e-01,-7.131072585063875924e-02,2.039735099337748547e+00,3.000000000000000000e+00,1.042170842460297536e-01
9.530326461251883985e-02,-3.583115320737262355e-02,5.001001776888130577e-04,5.414505041767702503e-02,1.439627968845830497e-01,2.039735099337748547e+00,3.000000000000000000e+00,1.018164219857189551e-01
-1.028627922291912022e-01,-5.152675652480046345e-03,3.199695938582184317e-04,6.731007299888194795e-03,-1.518583440589564293e-01,2.039735099337748547e+00,3.000000000000000000e+00,1.029917671057517942e-01
-1.033486459443168914e-01,1.833424397501337913e-02,2.183445802064136031e-05,-2.677021782101571268e-02,-1.483772230896187871e-01,2.039735099337748547e+00,3.000000000000000000e+00,1.049623128587545973e-01
-5.968863157817784482e-02,8.414349208396050550e-02,2.936105970294898408e-04,-1.246304457029004942e-01,-8.812020443628294786e-02,2.039735099337748547e+00,3.000000000000000000e+00,1.031642379885538419e-01
-6.603684506004192656e-02,-7.922196612537865668e-02,2.979641691600107148e-04,1.165278648195434141e-01,-9.848891928884144498e-02,2.039735099337748547e+00,3.000000000000000000e+00,1.031357591830041609e-01
-1.025430269839281289e-01,-1.298776415132262864e-02,2.634457039092353800e-04,1.958336014867322061e-02,-1.513332274195298977e-01,2.039735099337748547e+00,3.000000000000000000e+00,1.033622484308318185e-01
7.023792221773413058e-02,7.390574763716734052e-02,4.783449427041053833e-04,-1.113762295193534424e-01,1.060827402813513953e-01,2.039735099337748547e+00,3.000000000000000000e+00,1.019579582537485651e-01
6.932383225600168009e-02,-7.456266387251871131e-02,5.010848415323923295e-04,1.129639119460815605e-01,1.043934462203988667e-01,2.039735099337748547e+00,3.000000000000000000e+00,1.018105326693877349e-01
-6.567035427389097957e-02,8.039190585048608395e-02,1.959663560942268056e-04,-1.175779235230571401e-01,-9.637812851853183593e-02,2.039735099337748547e+00,3.000000000000000000e+00,1.038048840697381181e-01
-9.366795951317850866e-02,4.223714886640603239e-02,3.565581823822261127e-04,-6.198838181422690330e-02,-1.387062910475113098e-01,2.039735099337748547e+00,3.000000000000000000e+00,1.027504909171989833e-01
2.814290507552484610e-02,9.840611792760835252e-02,4.176329964802643268e-04,-1.487170769080868316e-01,4.186841401482915836e-02,2.039735099337748547e+00,3.000000000000000000e+00,1.023512928676153233e-01
-9.571767312757803459e-02,-3.337617423274720496e-02,5.688272191630232809e-04,5.088995894390167807e-02,-1.450533374835468181e-01,2.039735099337748547e+00,3.000000000000000000e+00,1.013698276380727153e-01
-3.098598479540946860e-02,-9.972862382437187867e-02,1.018304858831036276e-04,1.433744810580456497e-01,-4.451566719115266496e-02,2.039735099337748547e+00,3.000000000000000000e+00,1.044314591665003039e-01
7.440414918828637536e-02,-6.885193853527424301e-02,5.682727297585980428e-04,1.046813187067604373e-01,1.124645497995365034e-01,2.039735099337748547e+00,3.000000000000000000e+00,1.013734031020857018e-01
9.865139662674404786e-02,3.315915409621271459e-02,1.555251956647524117e-04,-4.848641980423203102e-02,1.421104523109287809e-01,2.039735099337748547e+00,3.000000000000000000e+00,1.040751053652291397e-01
1.012602801763423099e-01,-1.712782609344684973e-02,3.645712962050174939e-04,2.630800474181355098e-02,1.503294438241108699e-01,2.039735099337748547e+00,3.000000000000000000e+00,1.026986210622065909e-01
-2.961634421076918960e-02,-9.918408262646775941e-02,2.407228885327320812e-04,1.463970937381706972e-01,-4.310639559201046023e-02,2.039735099337748547e+00,3.000000000000000000e+00,1.035114007772320044e-01
-2.185273282203105405e-02,9.982777177051727069e-02,4.423989360662136791e-04,-1.507514682829301234e-01,-3.386847122316251346e-02,2.039735099337748547e+00,3.000000000000000000e+00,1.021916138851792361e-01
2.873555837060568635e-02,9.770374665905851019e-02,4.962648880329780486e-04,-1.481356306724627425e-01,4.407150113176092066e-02,2.039735099337748547e+00,3.000000000000000000e+00,1.018418107954094376e-01
-2.948780269924368772e-02,9.896754146014291598e-02,2.779618462635170708e-04,-1.463964254591016700e-01,-4.311556202708519830e-02,2.039735099337748547e+00,3.000000000000000000e+00,1.032671524285173198e-01
7.378339782913337364e-02,-7.311353842566341299e-02,1.858414482069578068e-04,1.075774281434329349e-01,1.075343149667150194e-01,2.039735099337748547e+00,3.000000000000000000e+00,1.038728997204425991e-01
-2.622678273268622476e-02,9.856429479632189405e-02,4.728092993083520077e-04,-1.487043768685891443e-01,-3.930904991401857479e-02,2.039735099337748547e+00,3.000000000000000000e+00,1.019939426691790080e-01
-1.001081976881498109e-01,2.382031947459251411e-02,3.334740163381350541e-04,-3.593909162717577599e-02,-1.476914870609506714e-01,2.039735099337748547e+00,3.000000000000000000e+00,1.029031528391688016e-01
-2.825906695454680900e-02,-9.897929305721189785e-02,3.285679554436349487e-04,1.460446151833274531e-01,-4.202318161065176499e-02,2.039735099337748547e+00,3.000000000000000000e+00,1.029343252722190460e-01
7.079761104883415535e-02,-7.352759440073215746e-02,4.607242480662513805e-04,1.112068438759625105e-01,1.072482192392549827e-01,2.039735099337748547e+00,3.000000000000000000e+00,1.020715869798279468e-01
-5.617823101590524448e-02,-8.679054832839330769e-02,2.598093292064987099e-04,1.283356141859546273e-01,-8.264536537690170270e-02,2.039735099337748547e+00,3.000000000000000000e+00,1.033856514184613162e-01
1.988718103398224874e-03,-1.017864412875594537e-01,5.017721545391527890e-04,1.544792781077367616e-01,3.043476919035614792e-03,2.039735099337748547e+00,3.000000000000000000e+00,1.018058673637260020e-01
4.780598766239265579e-02,9.143527305781405656e-02,2.913546313524381193e-04,-1.345421968099616561e-01,7.074470428491939911e-02,2.039735099337748547e+00,3.000000000000000000e+00,1.031785908778262845e-01
7.297975664985896505e-02,-7.080430637692486373e-02,5.208546610394834166e-04,1.075343065487951721e-01,1.108827437812305305e-01,2.039735099337748547e+00,3.000000000000000000e+00,1.016823223681977001e-01
-1.658641659299165197e-02,1.017447295011207620e-01,3.052135285060032094e-04,-1.499796240027903016e-01,-2.453355704097977610e-02,2.039735099337748547e+00,3.000000000000000000e+00,1.030878227369872308e-01
7.087762708585261529e-02,7.395219311244626004e-02,4.048954568789605050e-04,-1.112003563900383768e-01,1.073155973188810453e-01,2.039735099337748547e+00,3.000000000000000000e+00,1.024332216005224144e-01
1.018180146144461312e-01,-1.531138896400556330e-02,3.242410091051254684e-04,2.207019772510424027e-02,1.506399585813722186e-01,2.039735099337748547e+00,3.000000000000000000e+00,1.029628415110744599e-01
3.078580410753637558e-02,9.817980839530085491e-02,3.347854420084545100e-04,-1.449561949794638538e-01,4.559786674303087373e-02,2.039735099337748547e+00,3.000000000000000000e+00,1.028933453197318909e-01
6.839455459833401751e-02,7.922106353053406935e-02,6.752701367224618883e-05,-1.146726795144658723e-01,9.793970928342123072e-02,2.039735099337748547e+00,3.000000000000000000e+00,1.046603650175815525e-01
-7.243660004930230212e-02,-7.337190217378923573e-02,3.027476820721417884e-04,1.083456489917098697e-01,-1.065055919132251033e-01,2.039735099337748547e+00,3.000000000000000000e+00,1.031043018273373468e-01
-4.374585986654830339e-02,9.471494060239446511e-02,1.172652073590793934e-04,-1.367046339906843322e-01,-6.361444344800588901e-02,2.039735099337748547e+00,3.000000000000000000e+00,1.043293833432307471e-01
6.831617382453650245e-02,7.588801560114526168e-02,4.552329359617282275e-04,-1.143474556339027642e-01,1.038912630390627645e-01,2.039735099337748547e+00,3.000000000000000000e+00,1.021082294328128776e-01
-8.256696498672400075e-02,-6.088162959351769293e-02,3.817611373120028523e-04,9.069008524704533225e-02,-1.250508387466813531e-01,2.039735099337748547e+00,3.000000000000000000e+00,1.025859470350651698e-01
5.729278644714338314e-03,-1.013746260534056226e-01,5.431394144501560436e-04,1.535471792490804288e-01,8.634452914399766768e-03,2.039735099337748547e+00,3.000000000000000000e+00,1.015363946634732784e-01
2.757290918885839034e-02,-9.907935855961377825e-02,3.420617928921262539e-04,1.464133720631101698e-01,4.088189627442004315e-02,2.039735099337748547e+00,3.000000000000000000e+00,1.028444680754465462e-01
5.805213884226031323e-02,8.601574989910713842e-02,2.009340308840734538e-04,-1.240209901497738854e-01,8.460231601647522082e-02,2.039735099337748547e+00,3.000000000000000000e+00,1.037726363492169207e-01
-9.780845929085393853e-02,-3.651489543996869896e-02,1.062373488952897676e-04,5.218394182792805702e-02,-1.407699880438212092e-01,2.039735099337748547e+00,3.000000000000000000e+00,1.044022619383434547e-01
4.027133814992957944e-02,-9.522332501191328735e-02,2.593282835908653850e-04,1.405621394413669456e-01,5.936643384690316883e-02,2.039735099337748547e+00,3.000000000000000000e+00,1.033888886810881841e-01
5.494786862350724277e-02,8.790534924383532067e-02,2.171131284362923155e-04,-1.290233348420474768e-01,8.019478339683172585e-02,2.039735099337748547e+00,3.000000000000000000e+00,1.036658993688226865e-01
2.678261407723111012e-02,9.834306831094832835e-02,4.834886542251297620e-04,-1.483070669101733685e-01,4.044992203795030189e-02,2.039735099337748547e+00,3.000000000000000000e+00,1.019248129830108984e-01
1.013803692256955852e-01,1.536157568897580103e-03,5.653563006907150971e-04,-2.265343746902053618e-03,1.537683657834525430e-01,2.039735099337748547e+00,3.000000000000000000e+00,1.013920068073161651e-01
-1.029839205986995410e-01,-1.606847476523144344e-02,1.321609769233489200e-04,2.351826639667639607e-02,-1.482998004511950352e-01,2.039735099337748547e+00,3.000000000000000000e+00,1.042299562657498652e-01
3.470430220253856168e-02,9.579335842684995328e-02,4.894083973781185705e-04,-1.452093669177051682e-01,5.285423230507833164e-02,2.039735099337748547e+00,3.000000000000000000e+00,1.018859956522979032e-01
-1.637074165599916933e-02,-1.002700117350974890e-01,5.339561883383461480e-04,1.524665944676661389e-01,-2.494590701701354316e-02,2.039735099337748547e+00,3.000000000000000000e+00,1.015976202266768436e-01
1.018308521092664426e-01,-2.464114235558269653e-02,5.082601540745618543e-05,3.520353657047065737e-02,1.466332083788255691e-01,2.039735099337748547e+00,3.000000000000000000e+00,1.047697873334072632e-01
2.687243321071031837e-02,1.013639895037507094e-01,3.653945478439395167e-05,-1.454336818745908810e-01,3.934001502581561949e-02,2.039735099337748547e+00,3.000000000000000000e+00,1.048655617196635748e-01
-6.135548824842488452e-02,-8.344880495147787014e-02,2.309951250173678298e-04,1.231625460251946635e-01,-8.940763966871918822e-02,2.039735099337748547e+00,3.000000000000000000e+00,1.035770195846182906e-01
2.438889784395804200e-02,9.974766373003265962e-02,3.663982467512206229e-04,-1.480353446343977697e-01,3.674697723468135779e-02,2.039735099337748547e+00,3.000000000000000000e+00,1.026860007870726982e-01
1.037166235026212441e-01,1.178487162347852633e-02,1.089951205950714138e-04,-1.742924904398232555e-02,1.490855423239870470e-01,2.039735099337748547e+00,3.000000000000000000e+00,1.043840083057091389e-01
5.481168422161156531e-03,-1.018815850974908316e-01,4.674395792702784949e-04,1.535471792490804288e-01,8.634452914399766768e-03,2.039735099337748547e+00,3.000000000000000000e+00,1.020289203571681513e-01
-9.415845508976537770e-02,4.144702588048736897e-02,3.374370925902694376e-04,-6.132214773994731222e-02,-1.397249064493568671e-01,2.039735099337748547e+00,3.000000000000000000e+00,1.028769683613837554e-01
9.692276510061648143e-02,-3.367002620951065756e-02,3.787439494407541141e-04,5.026643177096506987e-02,1.434400499731234568e-01,2.039735099337748547e+00,3.000000000000000000e+00,1.026045469737984633e-01
-1.022584219566295138e-01,-2.237619312712688102e-02,6.482718919058463392e-05,3.212093228165669584e-02,-1.466811279306523830e-01,2.039735099337748547e+00,3.000000000000000000e+00,1.046779770530677084e-01
5.749437051145075278e-02,8.750628654485889668e-02,6.075332774233418661e-05,-1.262209780255323099e-01,8.239664224410644944e-02,2.039735099337748547e+00,3.000000000000000000e+00,1.047041203839606804e-01
-9.858496870227627384e-02,3.218673664638221216e-02,2.109620464207365891e-04,-4.742447532065477422e-02,-1.444188755795070278e-01,2.039735099337748547e+00,3.000000000000000000e+00,1.037062296584556897e-01
2.965637923693762237e-02,9.725076989654915516e-02,5.223073909021164066e-04,-1.471141112982091159e-01,4.486602896851970418e-02,2.039735099337748547e+00,3.000000000000000000e+00,1.016720860163526641e-01
7.425918656090892134e-02,-7.148483536343507028e-02,3.071891766397160674e-04,1.065751027978936172e-01,1.092396707916338527e-01,2.039735099337748547e+00,3.000000000000000000e+00,1.030752563694376372e-01
-3.707621472193087242e-02,-9.521902622371643254e-02,4.436110923455477721e-04,1.438784522086912487e-01,-5.597042833107228332e-02,2.039735099337748547e+00,3.000000000000000000e+00,1.021827218912254309e-01
-5.671979630012079221e-02,8.785700966532961065e-02,8.027112943189118046e-05,-1.262594661001023577e-01,-8.125761256154402645e-02,2.039735099337748547e+00,3.000000000000000000e+00,1.045752812076592847e-01
-1.002262958720399333e-01,-1.770022677052314822e-02,5.061641308003531070e-04,2.639966671658576861e-02,-1.515188570967727633e-01,2.039735099337748547e+00,3.000000000000000000e+00,1.017772489899271826e-01
-4.916750766391751043e-02,-8.874753119362877030e-02,5.556521614041561117e-04,1.350986179372334339e-01,-7.495398663265989692e-02,2.039735099337748547e+00,3.000000000000000000e+00,1.014572230195834729e-01
2.129938846243626185e-02,-1.016992151738134870e-01,1.811411977255038633e-04,1.476086358874695859e-01,3.100815318540706134e-02,2.039735099337748547e+00,3.000000000000000000e+00,1.039056991499666405e-01
9.018452779193153468e-02,4.968804570553664313e-02,3.236007660205007254e-04,-7.334885347161965163e-02,1.331352638108199149e-01,2.039735099337748547e+00,3.000000000000000000e+00,1.029667467636477679e-01
1.033596925291108276e-01,1.472274721094945886e-02,1.060744141059121327e-04,-2.102043839375878492e-02,1.486379325161815979e-01,2.039735099337748547e+00,3.000000000000000000e+00,1.044029948092958099e-01
7.639271157654765887e-02,6.688376089734109076e-02,5.434475425257756769e-04,-1.013901249988288233e-01,1.156771305743899969e-01,2.039735099337748547e+00,3.000000000000000000e+00,1.015346436138439001e-01
-8.238385868075091822e-02,6.390653044377653247e-02,1.270389996064567168e-04,-9.145101677943003049e-02,-1.190913041532519617e-01,2.039735099337748547e+00,3.000000000000000000e+00,1.042647821869459174e-01
-9.918211592860233516e-02,2.105579438169365852e-02,5.656479460354991388e-04,-3.204703445781308113e-02,-1.511409260297294777e-01,2.039735099337748547e+00,3.000000000000000000e+00,1.013924977358723195e-01
6.632764438932922668e-02,7.664148021152066004e-02,5.707920323247088609e-04,-1.160367593577253942e-01,1.009514317659845617e-01,2.039735099337748547e+00,3.000000000000000000e+00,1.013571551458022635e-01
-8.736073435759807160e-02,5.455697466450115662e-02,3.190160222942131163e-04,-8.014566152778607178e-02,-1.291733964049089356e-01,2.039735099337748547e+00,3.000000000000000000e+00,1.029968999147150843e-01
-9.530073241124835393e-02,3.661267374960337079e-02,4.577660119689476643e-04,-5.522962557014454016e-02,-1.435457458969429390e-01,2.039735099337748547e+00,3.000000000000000000e+00,1.020917111092534274e-01
8.011849877110883977e-02,6.551177722094021771e-02,2.434588945386927388e-04,-9.674177536254445486e-02,1.180066982196176506e-01,2.039735099337748547e+00,3.000000000000000000e+00,1.034928345344849066e-01
8.776829099650280963e-02,-5.067797772673532375e-02,5.720854764554085016e-04,7.708505536766965816e-02,1.331018168581436512e-01,2.039735099337748547e+00,3.000000000000000000e+00,1.013485586030619251e-01
-8.234086054644360053e-02,-5.915164226713670592e-02,5.664572516482501178e-04,8.972053834034217357e-02,-1.250436406579435167e-01,2.039735099337748547e+00,3.000000000000000000e+00,1.013850782828922270e-01
-7.951252863293935269e-02,6.702032669372676166e-02,1.681052444248861918e-04,-9.661144003165991756e-02,-1.149262468752323407e-01,2.039735099337748547e+00,3.000000000000000000e+00,1.039902226160607096e-01
-1.019534679214805090e-01,-4.427470184577652831e-03,4.641776869038573327e-04,7.084511947326104647e-03,-1.543303409206068233e-01,2.039735099337748547e+00,3.000000000000000000e+00,1.020495571448092054e-01
-4.071436964537149955e-02,9.540230715070070755e-02,2.079260543673348675e-04,-1.400189395945407589e-01,-5.903448927473217700e-02,2.039735099337748547e+00,3.000000000000000000e+00,1.037268533471279452e-01
6.344200923840571937e-02,-8.250267795551499694e-02,1.554270567417072541e-04,1.189494208229651406e-01,9.167179122942513414e-02,2.039735099337748547e+00,3.000000000000000000e+00,1.040748788422901638e-01
-9.041174360389715725e-02,-4.607784788537342552e-02,5.524071603513932812e-04,6.997248574340499128e-02,-1.369557123766347861e-01,2.039735099337748547e+00,3.000000000000000000e+00,1.014763590559123740e-01
-1.040949884064462372e-01,3.339527908690619398e-03,1.442530367590899153e-04,-4.563566924296338922e-03,-1.499918429838012490e-01,2.039735099337748547e+00,3.000000000000000000e+00,1.041485432350885004e-01
8.665300324853335290e-02,-5.431782910002711656e-02,4.301465840616479613e-04,8.246612897363708727e-02,1.306400185699512773e-01,2.039735099337748547e+00,3.000000000000000000e+00,1.022700813049940011e-01
5.393850187990356648e-02,-8.742705507345133187e-02,3.602996165434174084e-04,1.293602162653323673e-01,8.097634022939749487e-02,2.039735099337748547e+00,3.000000000000000000e+00,1.027270750282740924e-01
3.905107103698485932e-02,-9.377412409260801884e-02,5.366385046840488728e-04,1.427130982353461974e-01,5.918138474088023571e-02,2.039735099337748547e+00,3.000000000000000000e+00,1.015803745733962343e-01
1.593755009505023676e-02,1.031803511193642303e-01,1.060358180785084020e-04,-1.490824836046659163e-01,2.252246399219501663e-02,2.039735099337748547e+00,3.000000000000000000e+00,1.044039767448899647e-01
5.910643528147187936e-02,8.480377625563442767e-02,2.624360359523776371e-04,-1.247969060535546321e-01,8.784051250080804341e-02,2.039735099337748547e+00,3.000000000000000000e+00,1.033694885297326421e-01
-3.791738252259121283e-02,-9.593832207659484801e-02,2.942214062390000680e-04,1.417103592721731253e-01,-5.562311594202787313e-02,2.039735099337748547e+00,3.000000000000000000e+00,1.031595344126608194e-01
-1.028549274920690926e-01,2.053151192238793568e-02,3.370054313162069830e-05,-2.888997773901271979e-02,-1.479987963401235562e-01,2.039735099337748547e+00,3.000000000000000000e+00,1.048841222074053808e-01
-4.147513642553297269e-02,-9.375550570586731192e-02,3.914920294798943405e-04,1.412548809624327717e-01,-6.257245769632951982e-02,2.039735099337748547e+00,3.000000000000000000e+00,1.025196653900093957e-01
6.979050395828688934e-03,-1.043638703826685193e-01,7.691562744425667147e-05,1.504968924057721313e-01,9.684232773827747623e-03,2.039735099337748547e+00,3.000000000000000000e+00,1.045969626025438359e-01
-2.920120579970415450e-02,9.977718005757019171e-02,1.723050681809237274e-04,-1.440157048829945607e-01,-4.250423311902765122e-02,2.039735099337748547e+00,3.000000000000000000e+00,1.039624743857006234e-01
-2.262298838722021088e-02,1.022639787853270588e-01,5.593440429022806897e-05,-1.471236240167219100e-01,-3.310670175741271815e-02,2.039735099337748547e+00,3.000000000000000000e+00,1.047364356877496655e-01
-1.044862685416401288e-01,6.025804291867211011e-03,6.757580466877214146e-05,-8.266030586333527469e-03,-1.499264355040252628e-01,2.039735099337748547e+00,3.000000000000000000e+00,1.046598807142432169e-01
-1.547479347272761804e-02,1.038200022201389294e-01,2.109735753146690744e-05,-1.490794503600632315e-01,-2.252193509521372219e-02,2.039735099337748547e+00,3.000000000000000000e+00,1.049669571532547835e-01
-5.052740557965742368e-02,-8.831980253899647526e-02,5.101628002896550600e-04,1.339644840412498317e-01,-7.695458978437293152e-02,2.039735099337748547e+00,3.000000000000000000e+00,1.017516891021398445e-01
-2.141397586501891069e-03,-1.042240175195646712e-01,1.297369756855220463e-04,1.506926738750309913e-01,-3.228280171206229787e-03,2.039735099337748547e+00,3.000000000000000000e+00,1.042460138880235559e-01
-9.084865948222425880e-02,5.612387904507180197e-02,1.622312481211971578e-05,-7.754445361981228738e-05,-1.245673583603763011e-04,6.799116997792494788e-01,4.000000000000000000e+00,1.067865568729649828e-01
6.422036730646657476e-02,-8.649228392426336343e-02,1.608513979589761860e-05,1.164212769375362600e-04,8.594410985909252865e-05,6.799116997792494788e-01,4.000000000000000000e+00,1.077272980976171496e-01
3.434687475421778404e-03,1.068753972913564776e-01,1.620210568756669155e-05,-1.465858928831514690e-04,4.239431976572179616e-06,6.799116997792494788e-01,4.000000000000000000e+00,1.069305738516309751e-01
-1.146161456193803795e-02,1.070749393523173776e-01,1.609138309608683473e-05,-1.445393698554824557e-04,-1.483753508516352218e-05,6.799116997792494788e-01,4.000000000000000000e+00,1.076866344801845621e-01
3.803828297057905428e-02,-9.878469089919542090e-02,1.636077011456605679e-05,1.388490181411308755e-04,5.395827837104030366e-05,6.799116997792494788e-01,4.000000000000000000e+00,1.058552130383734469e-01
-1.574954022488928365e-02,1.066263610332576078e-01,1.607692466314156670e-05,-1.434337609863186311e-04,-2.130616835380117131e-05,6.799116997792494788e-01,4.000000000000000000e+00,1.077832495543254721e-01
1.076774909785132434e-01,1.942818212510075311e-03,1.608985535728966118e-05,-3.387227849848485671e-06,1.470267212242040548e-04,6.799116997792494788e-01,4.000000000000000000e+00,1.076950166258154318e-01
-9.532328024897117336e-02,4.639152287901300575e-02,1.633735473394686729e-05,-6.557555580578493606e-05,-1.337071646919944974e-04,6.799116997792494788e-01,4.000000000000000000e+00,1.060127405195143702e-01
1.067690809077656289e-01,8.426676031582404358e-03,1.617696048241125216e-05,-1.153201223951795971e-05,1.467125279600144257e-04,6.799116997792494788e-01,4.000000000000000000e+00,1.071010994660197141e-01
9.129357997056503082e-02,-5.810394150121898221e-02,1.601449004651822941e-05,7.672226929979730737e-05,1.224338074068277553e-04,1.699779249448123697e-01,4.000000000000000000e+00,1.082154599020816038e-01
-6.659947556015918813e-02,-8.239853073681366324e-02,1.634709433213959095e-05,1.155176227625311178e-04,-9.310688209176373991e-05,6.799116997792494788e-01,4.000000000000000000e+00,1.059481383152807848e-01
-9.344165275519392133e-02,-5.369908129145646580e-02,1.607869994385735087e-05,7.281865193616367021e-05,-1.256050932164434221e-04,6.799116997792494788e-01,4.000000000000000000e+00,1.077726022752011348e-01
3.252014016113911887e-02,1.035958707264899442e-01,1.596154406773646239e-05,-1.388586501219931366e-04,4.299573806144918724e-05,1.699779249448123697e-01,4.000000000000000000e+00,1.085802189520713307e-01
-3.348773384928246943e-02,-1.029461933402795459e-01,1.600878970084543656e-05,1.378073726704292829e-04,-4.553686373983259955e-05,1.699779249448123697e-01,4.000000000000000000e+00,1.082559330550274951e-01
-4.701042261568418035e-02,-9.558694272407844417e-02,1.626199643694424321e-05,1.315521230424893952e-04,-6.466707802921883798e-05,6.799116997792494788e-01,4.000000000000000000e+00,1.065215633280017365e-01
9.964272573885288309e-02,3.978746239776654453e-02,1.614880241618094037e-05,-5.394308096417078750e-05,1.371012394660632041e-04,6.799116997792494788e-01,4.000000000000000000e+00,1.072926603115140487e-01
7.964795580762852600e-02,-7.400114109982232347e-02,1.594153167886873954e-05,9.749041226142359732e-05,1.060579050609635566e-04,1.699779249448123697e-01,4.000000000000000000e+00,1.087196658770149121e-01
-9.408390613095699018e-02,-5.127237783407297134e-02,1.617003350268115505e-05,7.049781747724202623e-05,-1.287188368665265128e-04,6.799116997792494788e-01,4.000000000000000000e+00,1.071477396943988913e-01
2.780112031125048927e-02,-1.017069296586859128e-01,1.642277790659276533e-05,1.432619109785719788e-04,3.872914566876171552e-05,6.799116997792494788e-01,4.000000000000000000e+00,1.054381422027034221e-01
-8.524555936091056732e-03,1.048272271669710709e-01,1.646209921787734182e-05,-1.479425281242088353e-04,-1.165188373413401401e-05,6.799116997792494788e-01,4.000000000000000000e+00,1.051732647084006045e-01
7.775248859128457146e-02,7.492020419407741105e-02,1.604935148243994637e-05,-1.004982990272351148e-04,1.046408951854189029e-04,6.799116997792494788e-01,4.000000000000000000e+00,1.079744714208876744e-01
-3.137836615068616275e-02,-1.018821021053118725e-01,1.624984580102695032e-05,1.399790758641212554e-04,-4.339481112761110738e-05,6.799116997792494788e-01,4.000000000000000000e+00,1.066047118643623504e-01
2.884082145880597844e-02,-1.019364654627732680e-01,1.634849778509848045e-05,1.436284433951106406e-04,3.993486775785294704e-05,6.799116997792494788e-01,4.000000000000000000e+00,1.059378873371651236e-01
-8.020578564025443447e-02,6.979049237256539084e-02,1.629180496832685545e-05,-9.631826952762941746e-05,-1.111074600774408582e-04,6.799116997792494788e-01,4.000000000000000000e+00,1.063187701009353919e-01
1.066593227283154088e-01,1.599595475654302587e-02,1.606693543618418273e-05,-2.147044537470263578e-05,1.450249369099167814e-04,6.799116997792494788e-01,4.000000000000000000e+00,1.078521288312674492e-01
4.439420330413165749e-02,-9.709314878862579379e-02,1.622675025476574359e-05,1.334354547751212062e-04,6.073511619839013691e-05,6.799116997792494788e-01,4.000000000000000000e+00,1.067610641980436675e-01
2.948948890716852900e-02,1.041706612786597874e-01,1.600742682913242689e-05,-1.391443797363880130e-04,3.979558370537916441e-05,1.699779249448123697e-01,4.000000000000000000e+00,1.082642906374917530e-01
-5.719082420001248002e-02,9.134165766584517732e-02,1.607941442058739528e-05,-1.223775167621545901e-04,-7.754842403468858439e-05,6.799116997792494788e-01,4.000000000000000000e+00,1.077686818970204630e-01
-7.525466112035095190e-02,-7.837390635711130593e-02,1.595097534874827757e-05,1.044834193247691983e-04,-1.001539560959662070e-04,1.699779249448123697e-01,4.000000000000000000e+00,1.086541909822723445e-01
8.766565478639060105e-02,6.365472703407261401e-02,1.599646795144752347e-05,-8.544342321684225607e-05,1.173774783415619148e-04,1.699779249448123697e-01,4.000000000000000000e+00,1.083383187192274305e-01
9.530863758972814292e-02,4.631737380175596219e-02,1.634414639328698999e-05,-6.573680708591645903e-05,1.337581085643750080e-04,6.799116997792494788e-01,4.000000000000000000e+00,1.059671435639450016e-01
1.060874485093450670e-01,1.728382024409278947e-02,1.612057453523513034e-05,-2.340564573177471240e-05,1.443682240531072279e-04,6.799116997792494788e-01,4.000000000000000000e+00,1.074861720104174773e-01
9.099169850086012701e-02,-5.255451788962701987e-02,1.647613139374955508e-05,7.394289441848834717e-05,1.287673637365533644e-04,6.799116997792494788e-01,4.000000000000000000e+00,1.050783828705150746e-01
-4.089816710979422842e-02,1.007311963149783302e-01,1.594155622136495546e-05,-1.346039668834761547e-04,-5.487061992598940270e-05,1.699779249448123697e-01,4.000000000000000000e+00,1.087172202734569548e-01
-5.642219041295652715e-02,-8.972596699735271852e-02,1.634055956672947913e-05,1.265531828930193932e-04,-7.867700171563209101e-05,6.799116997792494788e-01,4.000000000000000000e+00,1.059915691204067062e-01
1.072617404959251147e-01,-7.265937658470208137e-03,1.611721777279023359e-05,9.441308767922654212e-06,1.468837659602442833e-04,6.799116997792494788e-01,4.000000000000000000e+00,1.075075570565714039e-01
-5.244906299911224895e-02,-9.462951702917914154e-02,1.601772467836503808e-05,1.270072503275534710e-04,-7.037867478141967431e-05,1.699779249448123697e-01,4.000000000000000000e+00,1.081926508717692414e-01
-1.043006099813126863e-01,-1.658328168289459337e-02,1.639715790348907065e-05,2.331276177006168585e-05,-1.471477224498511421e-04,6.799116997792494788e-01,4.000000000000000000e+00,1.056107119275697809e-01
-1.072546680165885336e-01,-1.417972064490134222e-02,1.601820235963360181e-05,1.796804902615785002e-05,-1.428310311434082480e-04,1.699779249448123697e-01,4.000000000000000000e+00,1.081879304216327997e-01
-7.516859821512730799e-02,7.337913551958112623e-02,1.648098490666673980e-05,-1.041825000393644204e-04,-1.056691758028850339e-04,6.799116997792494788e-01,4.000000000000000000e+00,1.050467309687849876e-01
-8.638753828942151436e-02,-6.258167095690873871e-02,1.623974744681843974e-05,8.609774127572966782e-05,-1.185016058150384436e-04,6.799116997792494788e-01,4.000000000000000000e+00,1.066736720632840280e-01
1.032270058151877334e-01,-2.734141434396766476e-02,1.622289117867752652e-05,3.770074773050410897e-05,1.414959077379091988e-04,6.799116997792494788e-01,4.000000000000000000e+00,1.067865519056464541e-01
2.519643076718895702e-02,-1.033924415858567675e-01,1.627726587122122506e-05,1.422958554458800316e-04,3.524937967570859141e-05,6.799116997792494788e-01,4.000000000000000000e+00,1.064183118663820510e-01
-9.529147927071508761e-02,4.913815228812833114e-02,1.616048324534547065e-05,-6.633785868943635423e-05,-1.304555721442411339e-04,6.799116997792494788e-01,4.000000000000000000e+00,1.072148498664826505e-01
-5.369275838872916706e-02,9.420929369510110118e-02,1.598261508916063903e-05,-1.255126934908536781e-04,-7.195235341171434061e-05,1.699779249448123697e-01,4.000000000000000000e+00,1.084357105474034466e-01
7.904074815140058052e-02,-7.099057935903479999e-02,1.630337193732890014e-05,9.918660095264887221e-05,1.111839168377501251e-04,6.799116997792494788e-01,4.000000000000000000e+00,1.062407747809877012e-01
7.048698549812007497e-02,8.075207667626999042e-02,1.616420961527781242e-05,-1.105291902364499907e-04,9.716626640989514576e-05,6.799116997792494788e-01,4.000000000000000000e+00,1.071882130280301798e-01
6.342712202840454505e-02,-8.778007319180303192e-02,1.600256506505792997e-05,1.175845215218423989e-04,8.409642439781833667e-05,1.699779249448123697e-01,4.000000000000000000e+00,1.082974656137641045e-01
-3.441559870485952268e-03,1.078552724339932739e-01,1.605861651108188537e-05,-1.446517572695505413e-04,-5.174042262051328635e-06,6.799116997792494788e-01,4.000000000000000000e+00,1.079101669267222008e-01
-2.253302308648891250e-02,-1.027127701325351861e-01,1.646488574790971399e-05,1.447299299274936411e-04,-3.256914751481590004e-05,6.799116997792494788e-01,4.000000000000000000e+00,1.051553625723160856e-01
3.754836161781777149e-02,-1.018372538066991545e-01,1.596732930418232299e-05,1.351178325328644529e-04,4.915758426995871222e-05,1.699779249448123697e-01,4.000000000000000000e+00,1.085389594711155953e-01
-1.040812055371991979e-01,1.514902911537579187e-02,1.646150936190220215e-05,-2.211050264896953908e-05,-1.466570274070960311e-04,6.799116997792494788e-01,4.000000000000000000e+00,1.051778989579807561e-01
3.803699511860577503e-02,1.002502554889457970e-01,1.615894667447913022e-05,-1.374881410260301640e-04,5.245778617747177914e-05,6.799116997792494788e-01,4.000000000000000000e+00,1.072237227634432882e-01
6.011108349077226576e-02,-8.872902308020105822e-02,1.616643892276396980e-05,1.217688285670334692e-04,8.213859385934103472e-05,6.799116997792494788e-01,4.000000000000000000e+00,1.071736063366417052e-01
-7.266255325442146085e-02,7.984669234433880436e-02,1.605165074511609723e-05,-1.070063481185650058e-04,-9.824286816706696249e-05,6.799116997792494788e-01,4.000000000000000000e+00,1.079599042412650867e-01
-4.535527763813845120e-02,9.532515508509686875e-02,1.640395724443425039e-05,-1.346312333291226982e-04,-6.374637931462091432e-05,6.799116997792494788e-01,4.000000000000000000e+00,1.055650813556755219e-01
-1.054732173770069753e-01,-6.646579064722960180e-03,1.638644617841741608e-05,9.490026734411465288e-06,-1.481577696060556396e-04,6.799116997792494788e-01,4.000000000000000000e+00,1.056824327744255720e-01
-9.898702081698118604e-02,4.277184153455844406e-02,1.606997712977981053e-05,-5.741319288963299812e-05,-1.332540143930911248e-04,6.799116997792494788e-01,4.000000000000000000e+00,1.078325587124725760e-01
-4.310910556595393822e-02,-9.636618928996197597e-02,1.640330674024232218e-05,1.353957068178004563e-04,-6.069492543613401426e-05,6.799116997792494788e-01,4.000000000000000000e+00,1.055691120591877585e-01
6.950003791928961727e-02,8.106191676750870712e-02,1.622470899214241278e-05,-1.118894089328216046e-04,9.556082370863148165e-05,6.799116997792494788e-01,4.000000000000000000e+00,1.067768215522695019e-01
-9.907853188248066933e-02,4.236633330791505364e-02,1.608106443497522590e-05,-5.741319288963299812e-05,-1.332540143930911248e-04,6.799116997792494788e-01,4.000000000000000000e+00,1.077564925094775528e-01
8.352471988719295526e-02,-6.760645149414173938e-02,1.612485198704461490e-05,9.291546759371669035e-05,1.136365595545111592e-04,6.799116997792494788e-01,4.000000000000000000e+00,1.074570198538177673e-01
1.030963800839941186e-01,2.376865263504031670e-02,1.636878236889839224e-05,-3.371313967199838038e-05,1.451485734184327996e-04,6.799116997792494788e-01,4.000000000000000000e+00,1.058008149047472563e-01
-1.023629924039740208e-01,2.811513730313008191e-02,1.631625741552209603e-05,-3.993432667954219652e-05,-1.435512077097561958e-04,6.799116997792494788e-01,4.000000000000000000e+00,1.061538654947143251e-01
-5.790295914991407111e-02,-9.191812263212328915e-02,1.595346719965317584e-05,1.226969051350851477e-04,-7.804132010347182612e-05,1.699779249448123697e-01,4.000000000000000000e+00,1.086356016530983792e-01
8.122625194260574277e-02,-6.918766906683701534e-02,1.623616139002815749e-05,9.536458991337277936e-05,1.120080156278191366e-04,6.799116997792494788e-01,4.000000000000000000e+00,1.066988170297394622e-01
-8.743198786013865742e-02,-5.844897744911362741e-02,1.646264441951756087e-05,8.281244940644763575e-05,-1.229384958108398478e-04,6.799116997792494788e-01,4.000000000000000000e+00,1.051695557945474396e-01
4.774218519826541746e-02,-9.445472349153177793e-02,1.636385137996506874e-05,1.327644654813966779e-04,6.761772140110909677e-05,6.799116997792494788e-01,4.000000000000000000e+00,1.058348290373599121e-01
1.815020181307911915e-02,1.047380222961577095e-01,1.629461917121245704e-05,-1.466786790402756083e-04,2.547713660568224448e-05,6.799116997792494788e-01,4.000000000000000000e+00,1.062990269963273587e-01
-6.546352588332272904e-02,8.683708887660926412e-02,1.593728840319919699e-05,-1.164391497026678250e-04,-8.690020553582655642e-05,1.699779249448123697e-01,4.000000000000000000e+00,1.087481182625271992e-01
9.920956199798362796e-02,-3.775035120811707362e-02,1.631714648350255669e-05,5.227358368110769090e-05,1.394129797408796790e-04,6.799116997792494788e-01,4.000000000000000000e+00,1.061490753994962649e-01
7.926155934496240119e-02,-6.902001994487140524e-02,1.647295437993925480e-05,9.793760722471069340e-05,1.114487519201161580e-04,6.799116997792494788e-01,4.000000000000000000e+00,1.051007038177454028e-01
-9.992828379501896008e-02,-3.808512583699831533e-02,1.620065610701889463e-05,5.249762874917504813e-05,-1.376599537718920495e-04,6.799116997792494788e-01,4.000000000000000000e+00,1.069398836367323052e-01
-1.040720504282683229e-01,1.615621491233209736e-02,1.644058263873198776e-05,-2.211050264896953908e-05,-1.466570274070960311e-04,6.799116997792494788e-01,4.000000000000000000e+00,1.053186353910716411e-01
-1.010684289237583494e-01,3.209135397123852318e-02,1.633331750609354774e-05,-4.483521140109439075e-05,-1.413933168727167522e-04,6.799116997792494788e-01,4.000000000000000000e+00,1.060409464538303731e-01
1.013885318136703295e-01,3.925331522834869802e-02,1.594089761637524402e-05,-5.173338252239316980e-05,1.342188401160023404e-04,1.699779249448123697e-01,4.000000000000000000e+00,1.087219257544114331e-01
8.396600556181171848e-02,-6.737597293565672496e-02,1.609563711378611683e-05,9.130951102466824953e-05,1.141793819521834559e-04,6.799116997792494788e-01,4.000000000000000000e+00,1.076559883101378817e-01
4.367941461868573433e-02,-9.569598334590377620e-02,1.645930715685725010e-05,1.353579625672989917e-04,6.198080827370455802e-05,6.799116997792494788e-01,4.000000000000000000e+00,1.051932150377131031e-01
-1.026931016826216625e-01,2.896165268508588825e-02,1.623608324187608443e-05,-3.938275588254623539e-05,-1.411973137049335003e-04,6.799116997792494788e-01,4.000000000000000000e+00,1.066988774985417193e-01
-1.943211317368098712e-02,1.038507158796578844e-01,1.639083484400285834e-05,-1.463254064575439113e-04,-2.762392337669954757e-05,6.799116997792494788e-01,4.000000000000000000e+00,1.056531031778630420e-01
-5.813722437925943759e-02,8.799778966565653671e-02,1.641835895434942330e-05,-1.241717727960983144e-04,-8.234891389251104319e-05,6.799116997792494788e-01,4.000000000000000000e+00,1.054682314470356819e-01
7.668527660754155539e-02,7.493288984607403280e-02,1.616002710661422609e-05,-1.022314683175552585e-04,1.051209849501535520e-04,6.799116997792494788e-01,4.000000000000000000e+00,1.072173942467313651e-01
-1.885122427914522752e-02,-1.052375700622089072e-01,1.620466111690727141e-05,1.453100982647166791e-04,-2.498125575434747601e-05,6.799116997792494788e-01,4.000000000000000000e+00,1.069126503713239834e-01
-1.010365672642883211e-01,-3.757746768129995724e-02,1.607504750211120694e-05,5.059574676628713946e-05,-1.365406177789941567e-04,6.799116997792494788e-01,4.000000000000000000e+00,1.077982096413952484e-01
1.080437425483528682e-02,1.078123588012530332e-01,1.599479172511198718e-05,-1.441276486562577733e-04,1.546961254252550183e-05,1.699779249448123697e-01,4.000000000000000000e+00,1.083523844376701739e-01
-7.584185409401543454e-02,-7.396447870261319002e-02,1.634862159007833892e-05,1.034899805949706590e-04,-1.070290333475789111e-04,6.799116997792494788e-01,4.000000000000000000e+00,1.059373916148932115e-01
1.075435317544876646e-01,-1.411469247600308577e-02,1.597814558415185240e-05,1.821939147400427814e-05,1.431012156927551039e-04,1.699779249448123697e-01,4.000000000000000000e+00,1.084658276413388855e-01
7.685901379927613519e-02,7.438343087081117355e-02,1.619793567971799245e-05,-1.022314683175552585e-04,1.051209849501535520e-04,6.799116997792494788e-01,4.000000000000000000e+00,1.069588836437164042e-01
-1.023981588290659717e-01,2.733293705567708953e-02,1.634169631860138931e-05,-3.791501574878291202e-05,-1.441511988635038935e-04,6.799116997792494788e-01,4.000000000000000000e+00,1.059833589752288835e-01
-1.081073247475953653e-01,3.969452104582589166e-03,1.601959735706090458e-05,-5.165058669968889435e-06,-1.450478295720632335e-04,1.699779249448123697e-01,4.000000000000000000e+00,1.081801747738125041e-01
5.249306287818053529e-02,9.109312718224900352e-02,1.646766042549056402e-05,-1.286757497352190545e-04,7.386399177128419172e-05,6.799116997792494788e-01,4.000000000000000000e+00,1.051355290573743606e-01
-1.050125849457801824e-01,-2.111489397643936256e-02,1.617493516809803773e-05,2.903616594504908170e-05,-1.436707610080227506e-04,6.799116997792494788e-01,4.000000000000000000e+00,1.071143395845344931e-01
-8.470786534830866688e-02,-6.654323643805741539e-02,1.608666624041478103e-05,8.911119077098342311e-05,-1.146714489272064038e-04,6.799116997792494788e-01,4.000000000000000000e+00,1.077191940534202308e-01
5.831772483098714155e-02,8.859154926130836938e-02,1.632981072164430339e-05,-1.241599517056009793e-04,8.230756284300342913e-05,6.799116997792494788e-01,4.000000000000000000e+00,1.060632812521919016e-01
6.099835861231393819e-02,8.942227345377651293e-02,1.601007253699684654e-05,-1.201215559439061968e-04,8.191682325978508390e-05,1.699779249448123697e-01,4.000000000000000000e+00,1.082457516165804823e-01
6.562178984411763671e-02,-8.313473286734683609e-02,1.635213474181848733e-05,1.166495696572052241e-04,9.264942308704265462e-05,6.799116997792494788e-01,4.000000000000000000e+00,1.059131866731931465e-01
-4.069085167607818659e-02,1.002121066687563650e-01,1.602280327328279682e-05,-1.346039668834761547e-04,-5.487061992598940270e-05,1.699779249448123697e-01,4.000000000000000000e+00,1.081582716814335904e-01
-7.192143392692704196e-02,-7.691076685885520070e-02,1.644333727931782539e-05,1.086112067094101486e-04,-1.011024086449890719e-04,6.799116997792494788e-01,4.000000000000000000e+00,1.052993766217184685e-01
-7.384005302932537818e-02,-7.550389755916560308e-02,1.639750996946843058e-05,1.067918750260696969e-04,-1.038319633357482241e-04,6.799116997792494788e-01,4.000000000000000000e+00,1.056086737820268046e-01
5.656671935181486338e-02,-9.016978002804602876e-02,1.627341205574777690e-05,1.243593208423905444e-04,7.747040753249661551e-05,6.799116997792494788e-01,4.000000000000000000e+00,1.064442716567368663e-01
-6.866111091573384555e-03,-1.079927562085545578e-01,1.601496190522347542e-05,1.450252135189040699e-04,-8.871724876499740268e-06,1.699779249448123697e-01,4.000000000000000000e+00,1.082108075704184269e-01
5.687915461818613544e-02,-8.891375593584277537e-02,1.640619646634287749e-05,1.253034774033587643e-04,8.052961841524422602e-05,6.799116997792494788e-01,4.000000000000000000e+00,1.055504345073867561e-01
-7.646916571491088610e-02,-7.667584470722424439e-02,1.600365397527922970e-05,1.032356610746972182e-04,-1.022392047303131280e-04,1.699779249448123697e-01,4.000000000000000000e+00,1.082899739897506403e-01
-1.005792663091871902e-01,3.305987570578280271e-02,1.635821901540460941e-05,-4.588945969728203806e-05,-1.416614213946641829e-04,6.799116997792494788e-01,4.000000000000000000e+00,1.058732458790992426e-01
-8.372748941786485599e-02,6.616208348085086954e-02,1.623374092394467002e-05,-9.089055262178751546e-05,-1.149267242258168807e-04,6.799116997792494788e-01,4.000000000000000000e+00,1.067132314886291428e-01
-7.707176098590617919e-02,7.326446848943118928e-02,1.628902445617963114e-05,-1.005679941247813569e-04,-1.067284948031058491e-04,6.799116997792494788e-01,4.000000000000000000e+00,1.063378516075414448e-01
-9.188885863632031969e-02,5.173125970391977135e-02,1.642114164352541429e-05,-7.314266496881130953e-05,-1.298086036522144791e-04,6.799116997792494788e-01,4.000000000000000000e+00,1.054499197346306788e-01
7.464658180132185961e-02,7.880235467377462444e-02,1.596665635161535049e-05,-1.056398722453482649e-04,9.986190401815380434e-05,1.699779249448123697e-01,4.000000000000000000e+00,1.085445681586729855e-01
-9.471527480178588976e-02,4.904328717777294705e-02,1.624194547729700870e-05,-6.633785868943635423e-05,-1.304555721442411339e-04,6.799116997792494788e-01,4.000000000000000000e+00,1.066593985449914572e-01
-8.266959109273698536e-02,6.887729935721585706e-02,1.610352754727991320e-05,-9.295672510425762524e-05,-1.120572608533509245e-04,6.799116997792494788e-01,4.000000000000000000e+00,1.076027121321013330e-01
1.046547470284228259e-01,2.309755247666326131e-02,1.616652581488259221e-05,-3.130908322184058684e-05,1.433119501558577174e-04,6.799116997792494788e-01,4.000000000000000000e+00,1.071732849454349323e-01
-1.680924873382958970e-02,1.055680151943289152e-01,1.620686922131311827e-05,-1.449089112691726857e-04,-2.278009626034755816e-05,6.799116997792494788e-01,4.000000000000000000e+00,1.068978796565479700e-01
1.285955846721008496e-03,-1.073199507407380376e-01,1.614358109600633998e-05,1.471584459360575467e-04,1.624829422457165168e-06,6.799116997792494788e-01,4.000000000000000000e+00,1.073276549144448339e-01
-9.563549461976358912e-02,-5.097969866312829917e-02,1.599109299388500245e-05,6.828725598098961153e-05,-1.282050879233872630e-04,1.699779249448123697e-01,4.000000000000000000e+00,1.083747087975335394e-01
3.720235730797060575e-02,-1.010026098335426031e-01,1.609864253819953073e-05,1.367129665325400264e-04,5.009899570099682581e-05,6.799116997792494788e-01,4.000000000000000000e+00,1.076361583412226292e-01
-1.031869002157736331e-01,-2.835982541141989985e-02,1.619003272527158165e-05,3.926920644028366339e-05,-1.411616762424841554e-04,6.799116997792494788e-01,4.000000000000000000e+00,1.070131584129084684e-01
6.535753191905879778e-02,-8.526751961032189020e-02,1.612804055149447648e-05,1.170807716628154306e-04,8.909745131796230886e-05,6.799116997792494788e-01,4.000000000000000000e+00,1.074344306032633950e-01
3.062296315651900566e-02,-1.028265386524836317e-01,1.614919990136410544e-05,1.409968419548982466e-04,4.240500316072502989e-05,6.799116997792494788e-01,4.000000000000000000e+00,1.072896216963049598e-01
8.694447264772595108e-02,6.174813686087245179e-02,1.624476878006978845e-05,-8.442325435369194562e-05,1.199700468847883202e-04,6.799116997792494788e-01,4.000000000000000000e+00,1.066403944562293871e-01
1.062397492066399357e-01,-1.545649048977143156e-02,1.613902508585974630e-05,2.133359087711046497e-05,1.456619799034718416e-04,6.799116997792494788e-01,4.000000000000000000e+00,1.073582200381048846e-01
1.062220048070239148e-01,9.870897852055174684e-03,1.623898403595314127e-05,-1.360373957658065662e-05,1.465283304901843632e-04,6.799116997792494788e-01,4.000000000000000000e+00,1.066796556501243970e-01
-8.849709806481004248e-02,-6.164851104414805633e-02,1.606705670610980951e-05,8.284378636095346437e-05,-1.190031901182909551e-04,6.799116997792494788e-01,4.000000000000000000e+00,1.078530262897293424e-01
2.867352425214892558e-02,-1.047829801073991013e-01,1.595352455844767148e-05,1.389713796652500256e-04,3.729221780035500288e-05,1.699779249448123697e-01,4.000000000000000000e+00,1.086353713724317605e-01
-5.344829955306609065e-02,9.453925825469235156e-02,1.595838455148589530e-05,-1.264222787105262057e-04,-7.143455061304596922e-05,1.699779249448123697e-01,4.000000000000000000e+00,1.086019892840904694e-01
-8.801186528149515520e-02,-6.274378536749890267e-02,1.603290835702598865e-05,8.437867493340731051e-05,-1.177504739060806403e-04,1.699779249448123697e-01,4.000000000000000000e+00,1.080873305830559461e-01
-6.947413176419420244e-02,8.173550262828686852e-02,1.615193074970060037e-05,-1.117729419412894935e-04,-9.472758999305690836e-05,6.799116997792494788e-01,4.000000000000000000e+00,1.072723047868708174e-01
1.000964696306789192e-01,4.007908674641366686e-02,1.607152764127401515e-05,-5.347667947150584863e-05,1.349393876615645417e-04,6.799116997792494788e-01,4.000000000000000000e+00,1.078222445831655829e-01
1.055281028563514606e-01,5.615724482885160566e-03,1.638726707197363079e-05,-7.410686830974422384e-06,1.481666439416259916e-04,6.799116997792494788e-01,4.000000000000000000e+00,1.056774188458838581e-01
8.839476225073297777e-02,5.996106444825419907e-02,1.621921401911663284e-05,-8.256520129309167155e-05,1.211953609598746280e-04,6.799116997792494788e-01,4.000000000000000000e+00,1.068127485047140890e-01
8.635583906524205156e-02,6.143219779255015833e-02,1.634267748481708048e-05,-8.574956523290236182e-05,1.218370211215480522e-04,6.799116997792494788e-01,4.000000000000000000e+00,1.059775724683528902e-01
-8.053868005682941755e-02,-6.738933507184748095e-02,1.648586799994638277e-05,9.468110303783550358e-05,-1.141617638193424990e-04,6.799116997792494788e-01,4.000000000000000000e+00,1.050133394703837847e-01
-1.071959982482581647e-01,-1.757607884188132699e-02,1.595460315122944491e-05,2.393174940832801478e-05,-1.415762244031240407e-04,1.699779249448123697e-01,4.000000000000000000e+00,1.086273473297428710e-01
-1.040364514068434776e-01,2.989724727111250924e-02,1.600967127258721425e-05,-3.994759518373770574e-05,-1.391700554302904955e-04,1.699779249448123697e-01,4.000000000000000000e+00,1.082470720884336352e-01
-3.816497684039270311e-02,-9.990093143635808692e-02,1.620016885499869273e-05,1.376450490146975073e-04,-5.258447273639286113e-05,6.799116997792494788e-01,4.000000000000000000e+00,1.069427957324832201e-01
1.053740077074168807e-01,1.118201496982724509e-02,1.634447885802753887e-05,-1.586065775807501738e-05,1.474958486852391201e-04,6.799116997792494788e-01,4.000000000000000000e+00,1.059656499017874731e-01
-1.414690538660731169e-02,1.066786202402113248e-01,1.610196940000657056e-05,-1.440582634393497300e-04,-1.978651584801969192e-05,6.799116997792494788e-01,4.000000000000000000e+00,1.076125594360288623e-01
1.826485993150220311e-02,-1.050710005086386012e-01,1.624346781359992423e-05,1.452865460513401896e-04,2.518214740705902250e-05,6.799116997792494788e-01,4.000000000000000000e+00,1.066467076669679742e-01
9.119837707774387792e-02,-5.789465331876020998e-02,1.604220316345833635e-05,7.672226929979730737e-05,1.224338074068277553e-04,1.699779249448123697e-01,4.000000000000000000e+00,1.080228441789688881e-01
-1.006876241759451646e-01,4.108745031035221373e-02,1.593689177349942709e-05,-5.478054018750552648e-05,-1.348514512314607659e-04,1.699779249448123697e-01,4.000000000000000000e+00,1.087482240553933749e-01
9.269086435922287148e-02,5.208853238070267760e-02,1.629094645832659634e-05,-7.202410308238842347e-05,1.275435747070033767e-04,6.799116997792494788e-01,4.000000000000000000e+00,1.063240873049722673e-01
3.192805305868351429e-02,-1.010024938221195517e-01,1.634993063488649102e-05,1.413612235770581840e-04,4.482693259157649439e-05,6.799116997792494788e-01,4.000000000000000000e+00,1.059287700787911873e-01
7.959856498595670182e-02,-7.002422612022174420e-02,1.633704597188631455e-05,9.793760722471069340e-05,1.114487519201161580e-04,6.799116997792494788e-01,4.000000000000000000e+00,1.060156771027734313e-01
-9.022942022488779357e-02,5.439186147737316845e-02,1.643519385837733979e-05,-7.685383792351611302e-05,-1.276922958478185434e-04,6.799116997792494788e-01,4.000000000000000000e+00,1.053556968990910364e-01
4.444827762997050243e-03,1.064006399100328598e-01,1.626614892804275275e-05,-1.465838649986696046e-04,6.186672544948405771e-06,6.799116997792494788e-01,4.000000000000000000e+00,1.064934395496135028e-01
1.010819740888470458e-01,2.866010822997931001e-02,1.647789934195278868e-05,-4.080190097712639959e-05,1.426640704860424329e-04,6.799116997792494788e-01,4.000000000000000000e+00,1.050664898502489814e-01
-8.863591226964857850e-02,-5.709965204538740291e-02,1.642324458501924543e-05,8.046498246386104625e-05,-1.254311070633483524e-04,6.799116997792494788e-01,4.000000000000000000e+00,1.054357397070706387e-01
8.947914406108967156e-02,-5.688817026247550146e-02,1.633467025956913274e-05,7.923333226750333856e-05,1.253863251584403835e-04,6.799116997792494788e-01,4.000000000000000000e+00,1.060319816740102200e-01
-4.622992460173484114e-02,-9.495227272306720756e-02,1.639753120082651592e-05,1.335974040128081819e-04,-6.449673819935198844e-05,6.799116997792494788e-01,4.000000000000000000e+00,1.056084278074331528e-01
-4.418893552012787690e-02,9.828127625044451310e-02,1.608066962806635019e-05,-1.321510136081198688e-04,-5.918424482745737411e-05,6.799116997792494788e-01,4.000000000000000000e+00,1.077583931015037300e-01
-6.570112470752917377e-02,-8.241972501245103944e-02,1.642824392098966120e-05,1.166795120899602787e-04,-9.265769889895352591e-05,6.799116997792494788e-01,4.000000000000000000e+00,1.054023190397742060e-01
5.338069060292863210e-02,-9.417882072619752909e-02,1.600870291655592098e-05,1.261192493839479573e-04,7.144781944741218367e-05,1.699779249448123697e-01,4.000000000000000000e+00,1.082550156003076192e-01
-1.046224777459186933e-01,1.601169138605140069e-02,1.636305409233239182e-05,-2.211050264896953908e-05,-1.466570274070960311e-04,6.799116997792494788e-01,4.000000000000000000e+00,1.058406212696118148e-01
4.473217319754767968e-02,-9.545195056236653597e-02,1.642641447992851633e-05,1.345034497006156226e-04,6.254013454230994504e-05,6.799116997792494788e-01,4.000000000000000000e+00,1.054136717183111333e-01
-8.173113606760018524e-02,6.597819734627578814e-02,1.648196317386137411e-05,-9.301592299154775082e-05,-1.155415928298883261e-04,6.799116997792494788e-01,4.000000000000000000e+00,1.050385697159128828e-01
-6.248089432675987126e-02,8.771783947057709696e-02,1.608981191759347153e-05,-1.177615910201667936e-04,-8.426250391512617990e-05,6.799116997792494788e-01,4.000000000000000000e+00,1.076953179913484743e-01
-9.189156480035232111e-02,-5.278858488887590988e-02,1.634306336175907602e-05,7.384100682919285082e-05,-1.286777670378024972e-04,6.799116997792494788e-01,4.000000000000000000e+00,1.059749705167564865e-01
-1.043057443152351910e-01,2.353097296811286487e-02,1.620266982013539070e-05,-3.295101768331610507e-05,-1.434063809078317271e-04,6.799116997792494788e-01,4.000000000000000000e+00,1.069270545090496571e-01
1.043368849216210481e-01,-1.510899404060777641e-02,1.642478836006441514e-05,2.091748670656013516e-05,1.475601808028977491e-04,6.799116997792494788e-01,4.000000000000000000e+00,1.054251737303131820e-01
-1.081199778516982457e-01,-1.117347990225620383e-02,1.594471244533925377e-05,1.531876684819215599e-05,-1.442362942091432194e-04,1.699779249448123697e-01,4.000000000000000000e+00,1.086957969002382424e-01
-7.919519251939113880e-02,6.966796397982544242e-02,1.641683570494282900e-05,-9.798286122349948225e-05,-1.115758770365605921e-04,6.799116997792494788e-01,4.000000000000000000e+00,1.054775033989603095e-01
